4131  execve("./secure_copy", ["./secure_copy", "--mode=sequential", "original.bin", "test_out", "42"], 0x7ffebf673ca8 /* 26 vars */) = 0
4131  brk(NULL)                         = 0x5a02b47d1000
4131  mmap(NULL, 8192, PROT_READ|PROT_WRITE, MAP_PRIVATE|MAP_ANONYMOUS, -1, 0) = 0x7790b2b58000
4131  access("/etc/ld.so.preload", R_OK) = -1 ENOENT (No such file or directory)
4131  openat(AT_FDCWD, "/etc/ld.so.cache", O_RDONLY|O_CLOEXEC) = 3
4131  fstat(3, {st_mode=S_IFREG|0644, st_size=20499, ...}) = 0
4131  mmap(NULL, 20499, PROT_READ, MAP_PRIVATE, 3, 0) = 0x7790b2b52000
4131  close(3)                          = 0
4131  openat(AT_FDCWD, "/usr/local/lib/libcaesar.so", O_RDONLY|O_CLOEXEC) = 3
4131  read(3, "\177ELF\2\1\1\0\0\0\0\0\0\0\0\0\3\0>\0\1\0\0\0\0\0\0\0\0\0\0\0"..., 832) = 832
4131  fstat(3, {st_mode=S_IFREG|0755, st_size=15184, ...}) = 0
4131  mmap(NULL, 16400, PROT_READ, MAP_PRIVATE|MAP_DENYWRITE, 3, 0) = 0x7790b2b4d000
4131  mmap(0x7790b2b4e000, 4096, PROT_READ|PROT_EXEC, MAP_PRIVATE|MAP_FIXED|MAP_DENYWRITE, 3, 0x1000) = 0x7790b2b4e000
4131  mmap(0x7790b2b4f000, 4096, PROT_READ, MAP_PRIVATE|MAP_FIXED|MAP_DENYWRITE, 3, 0x2000) = 0x7790b2b4f000
4131  mmap(0x7790b2b50000, 8192, PROT_READ|PROT_WRITE, MAP_PRIVATE|MAP_FIXED|MAP_DENYWRITE, 3, 0x2000) = 0x7790b2b50000
4131  close(3)                          = 0
4131  openat(AT_FDCWD, "/lib/x86_64-linux-gnu/libstdc++.so.6", O_RDONLY|O_CLOEXEC) = 3
4131  read(3, "\177ELF\2\1\1\3\0\0\0\0\0\0\0\0\3\0>\0\1\0\0\0\0\0\0\0\0\0\0\0"..., 832) = 832
4131  fstat(3, {st_mode=S_IFREG|0644, st_size=2592224, ...}) = 0
4131  mmap(NULL, 2609472, PROT_READ, MAP_PRIVATE|MAP_DENYWRITE, 3, 0) = 0x7790b2800000
4131  mmap(0x7790b289d000, 1343488, PROT_READ|PROT_EXEC, MAP_PRIVATE|MAP_FIXED|MAP_DENYWRITE, 3, 0x9d000) = 0x7790b289d000
4131  mmap(0x7790b29e5000, 552960, PROT_READ, MAP_PRIVATE|MAP_FIXED|MAP_DENYWRITE, 3, 0x1e5000) = 0x7790b29e5000
4131  mmap(0x7790b2a6c000, 57344, PROT_READ|PROT_WRITE, MAP_PRIVATE|MAP_FIXED|MAP_DENYWRITE, 3, 0x26b000) = 0x7790b2a6c000
4131  mmap(0x7790b2a7a000, 12608, PROT_READ|PROT_WRITE, MAP_PRIVATE|MAP_FIXED|MAP_ANONYMOUS, -1, 0) = 0x7790b2a7a000
4131  close(3)                          = 0
4131  openat(AT_FDCWD, "/lib/x86_64-linux-gnu/libgcc_s.so.1", O_RDONLY|O_CLOEXEC) = 3
4131  read(3, "\177ELF\2\1\1\0\0\0\0\0\0\0\0\0\3\0>\0\1\0\0\0\0\0\0\0\0\0\0\0"..., 832) = 832
4131  fstat(3, {st_mode=S_IFREG|0644, st_size=183024, ...}) = 0
4131  mmap(NULL, 185256, PROT_READ, MAP_PRIVATE|MAP_DENYWRITE, 3, 0) = 0x7790b2b1f000
4131  mmap(0x7790b2b23000, 147456, PROT_READ|PROT_EXEC, MAP_PRIVATE|MAP_FIXED|MAP_DENYWRITE, 3, 0x4000) = 0x7790b2b23000
4131  mmap(0x7790b2b47000, 16384, PROT_READ, MAP_PRIVATE|MAP_FIXED|MAP_DENYWRITE, 3, 0x28000) = 0x7790b2b47000
4131  mmap(0x7790b2b4b000, 8192, PROT_READ|PROT_WRITE, MAP_PRIVATE|MAP_FIXED|MAP_DENYWRITE, 3, 0x2b000) = 0x7790b2b4b000
4131  close(3)                          = 0
4131  openat(AT_FDCWD, "/lib/x86_64-linux-gnu/libc.so.6", O_RDONLY|O_CLOEXEC) = 3
4131  read(3, "\177ELF\2\1\1\3\0\0\0\0\0\0\0\0\3\0>\0\1\0\0\0\220\243\2\0\0\0\0\0"..., 832) = 832
4131  pread64(3, "\6\0\0\0\4\0\0\0@\0\0\0\0\0\0\0@\0\0\0\0\0\0\0@\0\0\0\0\0\0\0"..., 784, 64) = 784
4131  fstat(3, {st_mode=S_IFREG|0755, st_size=2125328, ...}) = 0
4131  pread64(3, "\6\0\0\0\4\0\0\0@\0\0\0\0\0\0\0@\0\0\0\0\0\0\0@\0\0\0\0\0\0\0"..., 784, 64) = 784
4131  mmap(NULL, 2170256, PROT_READ, MAP_PRIVATE|MAP_DENYWRITE, 3, 0) = 0x7790b2400000
4131  mmap(0x7790b2428000, 1605632, PROT_READ|PROT_EXEC, MAP_PRIVATE|MAP_FIXED|MAP_DENYWRITE, 3, 0x28000) = 0x7790b2428000
4131  mmap(0x7790b25b0000, 323584, PROT_READ, MAP_PRIVATE|MAP_FIXED|MAP_DENYWRITE, 3, 0x1b0000) = 0x7790b25b0000
4131  mmap(0x7790b25ff000, 24576, PROT_READ|PROT_WRITE, MAP_PRIVATE|MAP_FIXED|MAP_DENYWRITE, 3, 0x1fe000) = 0x7790b25ff000
4131  mmap(0x7790b2605000, 52624, PROT_READ|PROT_WRITE, MAP_PRIVATE|MAP_FIXED|MAP_ANONYMOUS, -1, 0) = 0x7790b2605000
4131  close(3)                          = 0
4131  openat(AT_FDCWD, "/lib/x86_64-linux-gnu/libm.so.6", O_RDONLY|O_CLOEXEC) = 3
4131  read(3, "\177ELF\2\1\1\3\0\0\0\0\0\0\0\0\3\0>\0\1\0\0\0\0\0\0\0\0\0\0\0"..., 832) = 832
4131  fstat(3, {st_mode=S_IFREG|0644, st_size=952616, ...}) = 0
4131  mmap(NULL, 950296, PROT_READ, MAP_PRIVATE|MAP_DENYWRITE, 3, 0) = 0x7790b2717000
4131  mmap(0x7790b2727000, 520192, PROT_READ|PROT_EXEC, MAP_PRIVATE|MAP_FIXED|MAP_DENYWRITE, 3, 0x10000) = 0x7790b2727000
4131  mmap(0x7790b27a6000, 360448, PROT_READ, MAP_PRIVATE|MAP_FIXED|MAP_DENYWRITE, 3, 0x8f000) = 0x7790b27a6000
4131  mmap(0x7790b27fe000, 8192, PROT_READ|PROT_WRITE, MAP_PRIVATE|MAP_FIXED|MAP_DENYWRITE, 3, 0xe7000) = 0x7790b27fe000
4131  close(3)                          = 0
4131  mmap(NULL, 8192, PROT_READ|PROT_WRITE, MAP_PRIVATE|MAP_ANONYMOUS, -1, 0) = 0x7790b2b1d000
4131  mmap(NULL, 12288, PROT_READ|PROT_WRITE, MAP_PRIVATE|MAP_ANONYMOUS, -1, 0) = 0x7790b2b1a000
4131  arch_prctl(ARCH_SET_FS, 0x7790b2b1a740) = 0
4131  set_tid_address(0x7790b2b1aa10)   = 4131
4131  set_robust_list(0x7790b2b1aa20, 24) = 0
4131  rseq(0x7790b2b1b060, 0x20, 0, 0x53053053) = 0
4131  mprotect(0x7790b25ff000, 16384, PROT_READ) = 0
4131  mprotect(0x7790b27fe000, 4096, PROT_READ) = 0
4131  mprotect(0x7790b2b4b000, 4096, PROT_READ) = 0
4131  mprotect(0x7790b2a6c000, 45056, PROT_READ) = 0
4131  mprotect(0x7790b2b50000, 4096, PROT_READ) = 0
4131  mprotect(0x5a02a8b46000, 4096, PROT_READ) = 0
4131  mprotect(0x7790b2b90000, 8192, PROT_READ) = 0
4131  prlimit64(0, RLIMIT_STACK, NULL, {rlim_cur=8192*1024, rlim_max=RLIM64_INFINITY}) = 0
4131  munmap(0x7790b2b52000, 20499)     = 0
4131  futex(0x7790b2a7a7bc, FUTEX_WAKE_PRIVATE, 2147483647) = 0
4131  getrandom("\x2e\x83\x72\xae\xb6\x2d\x79\x64", 8, GRND_NONBLOCK) = 8
4131  brk(NULL)                         = 0x5a02b47d1000
4131  brk(0x5a02b47f2000)               = 0x5a02b47f2000
4131  newfstatat(AT_FDCWD, "test_out", {st_mode=S_IFDIR|0777, st_size=4096, ...}, 0) = 0
4131  rt_sigaction(SIGINT, {sa_handler=0x5a02a8b3d9e9, sa_mask=[], sa_flags=SA_RESTORER, sa_restorer=0x7790b2445330}, NULL, 8) = 0
4131  openat(AT_FDCWD, "original.bin", O_RDONLY) = 3
4131  openat(AT_FDCWD, "test_out/original.bin", O_WRONLY|O_CREAT|O_TRUNC, 0666) = 4
4131  read(3, "\372!\37b\323\0zD\361A\316\26J!\2\303\254\2\300\307\200\214Q\2615(\252\214\366\316\262\""..., 8191) = 8191
4131  read(3, "\361\3342\345\371'\23\344d\263,\2031\2522*g\246g\326\342\314px\260\\pV1\224\254\271"..., 8191) = 8191
4131  writev(4, [{iov_base="\320\v5H\371*Pn\333k\344<`\v(\351\206(\352\355\252\246{\233\37\2\200\246\334\344\230\10"..., iov_len=4096}, {iov_base="q\261V\367\f\313m1\365\3165\332C\373\363zn\352\272\373)*\260\33\0\360\301\221\1a\203T"..., iov_len=4096}], 2) = 8192
4131  read(3, "\335\3\266(<\36\203\330q\366;\312\223\363\236U\252l\261\206\340\236\324\230Z\33\2677^`\n\356"..., 8191) = 8191
4131  writev(4, [{iov_base="\366\30\317\323\r9\316N\231\6\251\33\200\30\0M\214M\374\310\346ZR\232vZ|\33\276\206\223\221"..., iov_len=4096}, {iov_base="\326\335\1,\33S\264\361A\242q\200\221r\236\357<\367\353\274w\277\263\23G\375\207g\330\225\362\17"..., iov_len=4096}], 2) = 8192
4131  read(3, "\312\264T\217\311\4\202\276y$\310J\f\326C\343\277\25\354n\336X\354kDS>/J5S\243"..., 8191) = 8191
4131  writev(4, [{iov_base="\234\2\0264\251\362[\334\21\340\271\331\264\177\200F\233\254\312\264\376\262p1\235\35tJ \304\344-"..., iov_len=4096}, {iov_base="Q\374\1\243p\321Q\366:\226#D\317!\341\324\361~\225hU\226Twb\264\242\277\201\324?\32"..., iov_len=4096}], 2) = 8192
4131  read(3, "\354\374!\305\210\7\360\306\230\20\3018\243\371\"L\2\365\302\22\326j\222=(\3415\234\267\221,\255"..., 8191) = 8191
4131  writev(4, [{iov_base="\245\343.\250\224S\16\342`&\374i\311\225?\306D\364r\306Any\24\5`\37y\211E\260\251"..., iov_len=4096}, {iov_base="\\\266\3\342\303\225,8\315_\207.N\372\335J\206o\212\210\275{\225tr'\271\30c\302\345+"..., iov_len=4096}], 2) = 8192
4131  read(3, "\374\2\375\261\352Z\24\33&\344\7\17\343\201(\332?\364\22;Ks\234[T\v\0341\347;rk"..., 8191) = 8191
4131  writev(4, [{iov_base="\242-\332\354\262:\353\22\211\323\10f(\337\3508\374@\270\27\2\313\37\266\235\273\6\207\2434\340D"..., iov_len=4096}, {iov_base="\232\320HZU\374y\207%|\227M\0@Wa\232<\336\371\233\373\252\223\326/\2438Fgh\371"..., iov_len=4096}], 2) = 8192
4131  read(3, "\215V\207\342\253)1\356E&\32\247s\216`8/\200\247\227\310\255\f\33\314\274r\2114%:\233"..., 8191) = 8191
4131  writev(4, [{iov_base="p>1\f\316-%\311\253\2\360\25\3368\21aY\266q~!6\33\315\21XA\3\325(M["..., iov_len=4096}, {iov_base="\0P\251S\25\330\267H7\364\275*\226\351\271Si\205:\f\317\305\320\335\330\315F5\310\222\rE"..., iov_len=4096}], 2) = 8192
4131  read(3, "\263\211}5[-\266\3573\f\332L\362\273\24\31\320b\253i\370cjf<BN/9\207U\35"..., 8191) = 8191
4131  writev(4, [{iov_base="\33\304o\f0\215Y\244J\22\5\252\215\275\342\207&1\346\226X\243\36\17\20\261\202\340\20\377H\352"..., iov_len=4096}, {iov_base="Ij\247\36\352\317\377J\214\r\\\266*\241J\311N(\264\335z'\320\3651=\266\220\236\344E\303"..., iov_len=4096}], 2) = 8192
4131  read(3, "=\353Z\325M2-\323\21\311\317\"\t\241R\272T\256\214\32?\250o\300QGr\201%\353Z("..., 8191) = 8191
4131  writev(4, [{iov_base="\305\31&\360f\330\221>3\372H\201C\322I@L\26hd\5\23\255\1777::\202\2308\371\34"..., iov_len=4096}, {iov_base="\232O\321\210\372\250\30\254(\2\n/F\33\245C\336vO\2736\230N\220\364\253\331\236fL\233\365"..., iov_len=4096}], 2) = 8192
4131  read(3, "\341\246v\35\2\t+_.\234\2\304xYl\\o\2,!\207\266\216,\177ge@4\24\245#"..., 8191) = 8191
4131  writev(4, [{iov_base=";\343\345\10#\213x\220~\204\2460\25\202E\352{mX\253\17\301p\2C\37K\200\21k-y"..., iov_len=4096}, {iov_base="UB\34L\223\265dC\2648\4uu$O\34e\22\177\31\350q\31\faSD\325\34oX\21"..., iov_len=4096}], 2) = 8192
4131  read(3, "\267\257NM\215\0`\241R_\357K\273\276\345\244\316-\33I\273\r\31:I\221\324,\4\n\"\364"..., 8191) = 8191
4131  writev(4, [{iov_base="\266(\356RsFvE(\6\v\255\234\244\6UMOj\36>\217\t\376\335\372\232j\321\310O\311"..., iov_len=4096}, {iov_base="\276\266\304O\347`\25\242\300 \332\277\211\361\222\2372\21\252X\256\10\275\223>\331G\f/\221\204\1"..., iov_len=4096}], 2) = 8192
4131  read(3, "\23U?\2054\221\223\337\242\17\2\335b\2316]\261N\3057\355\326n\251B|c\311\330\34\352\275"..., 8191) = 8191
4131  writev(4, [{iov_base="\305a\221\224\317\216\344\0071c\221'3\20c\273\376\6. \10\336\214=\311\267s\322J\365\300S"..., iov_len=4096}, {iov_base="\\s\341\342\272\f\356\f#F\220\336\357\246\200\22\v\316\237[\10\266'\264\333Bf\330b\242\256\311"..., iov_len=4096}], 2) = 8192
4131  read(3, "\24\7i*\266;F}\230\314\277\30\351\266\373Jf\1\356\r \342B\202aD|\221\227\321?\275"..., 8191) = 8191
4131  writev(4, [{iov_base="\367H\263\34w\233d\357\35\307\374D\203hVI\343\3626\300\227\334\v\377\255k^\306DF\r\f"..., iov_len=4096}, {iov_base="\5\3623\251n\204|cl1\2079\315\315\234\323\264\303W^b\207\24\0020\"\36E\315\324\256\271"..., iov_len=4096}], 2) = 8192
4131  read(3, "\216\252p?`z\346\347\25\371\21\0323s\375\30wc\0035\372\2558\314O\341z\241\307\322\337\222"..., 8191) = 8191
4131  writev(4, [{iov_base="\303\234\321`L+\304'\n\310h\250KnV\273\275\373\25\227\214L}J\215\324\300\0246\225\323i"..., iov_len=4096}, {iov_base="5\\\307\217\240q\35\200\354\221\3145\24>\252\36\30\33W\350\324\232G\361\"\23\255\273\"\354\216u"..., iov_len=4096}], 2) = 8192
4131  read(3, "T\330>\265\3777jU\37f\366Z\345\223z!\307$t\340}\270|\273\365\305b\210\5o\234\266"..., 8191) = 8191
4131  writev(4, [{iov_base="Y\3272]I)\37\320\207\22\346e\313P\213\355\370\365\270\325\261\16\25\355\177d\10\262\\\276P*"..., iov_len=4096}, {iov_base="\24b\201\264\327\360\363\10\266\317q%\313\311\5ZD\3672Yr\"\312\34\222\275\371*\234\266\224\272"..., iov_len=4096}], 2) = 8192
4131  read(3, "|H\363[\4O\322I\302\211}\301\265\2346\222\v\352Xw\325\256\300\350\25\362OV\201\322&\260"..., 8191) = 8191
4131  writev(4, [{iov_base="P\v\355\16^\312W\222V\221\337\357H\242/E\266\234X{\3226\34\7\262\326I+\344C\0\216"..., iov_len=4096}, {iov_base="\30\25q\372\34m(\4\34\350?T/6Jc\373\223\35\354\206>\31\313\345\351Q%\f\356\257)"..., iov_len=4096}], 2) = 8192
4131  read(3, "\331T\256\6\267\36\243\233\266T\270J\364^\233\205\6j\356\2|\271\243\252X)wG\341\372\341o"..., 8191) = 8191
4131  writev(4, [{iov_base="\270!\300r]\377\204\352\302?\330e|\253\370\f\232a\16\355\2346\261\363\30O~\307+\225\314\376"..., iov_len=4096}, {iov_base="m]\305\234\215\377~\315\266\317\272\360\21\355\2259Tld\"\235Sf\1\nwR9X\4\2167"..., iov_len=4096}], 2) = 8192
4131  read(3, "j\356~a\250\242\355\370lm\0214@\310\0245rs\345GR\365\3447\"\314\300\25,\321\217r"..., 8191) = 8191
4131  writev(4, [{iov_base=",@\304(V\223\211\200r\3]m\313\320\313Ez\210Y\226\352)\241\32Sg>\202\304k\233\262"..., iov_len=4096}, {iov_base="Mi\\\243\323\356\35)\351\r\344\353\202\\\223*\277\315W?\244M\342k\367\374hV&'\204B"..., iov_len=4096}], 2) = 8192
4131  read(3, "_\266\2157X]\374b\\\224\224\253\t\334\n/U\314\216|\361\3131\f\370\370\275\236kj\237S"..., 8191) = 8191
4131  writev(4, [{iov_base="Y\317mx\337\316\35\10\346\352?\6\373\245X\222\207\344\316p3\264\322\2\271^& \2\266\f\222"..., iov_len=4096}, {iov_base="\352\5\310\262$d\256\10\241\321\217\202\242\264y\213L\221l\0257 \22\333p\363\202\250vO\244\333"..., iov_len=4096}], 2) = 8192
4131  read(3, "\10\205(w*\25\255\314\242\247u?\277\270\3S\226\303\317\203\264-\33\rIo\362\325\v\243\v\231"..., 8191) = 8191
4131  writev(4, [{iov_base="\244V\333\341\33&\322\322\227\264A@\265y\200\361\201\343\226\177d\200\275Z\30\310\276\322\300\213\324Y"..., iov_len=4096}, {iov_base="\307\254%\356\357(\266\49\16\266\206\233\305[\302\266\257\223U)\373\346SLe\276*\260v\255\275"..., iov_len=4096}], 2) = 8192
4131  read(3, "\370\214\21\tL\230tI9)\308\3\240\313c\217$7\322\230\v\4\265w_\343\301\254\313\301/"..., 8191) = 8191
4131  writev(4, [{iov_base="\251\236\0071'cE\330\377!\211!\263\4/\6l\254\20\355\275/Y\266!\36\315\267\217YX\317"..., iov_len=4096}, {iov_base="\251\23\251e\334o\253\354Jf\210\216\312\17\320R0\21\314d\220\327\210Y\301\26\10\0\227\t]\253"..., iov_len=4096}], 2) = 8192
4131  read(3, "\17W\357\366\302y\253tc\33\21$\32\205\261\316\212\257/%\361\206\16\237b\215{\25tp_\337"..., 8191) = 8191
4131  writev(4, [{iov_base="\262!.\237]u\311\353\206\341\353\5B&\\\22\340\272aG\0\235\232\245\30\17\362\350\306\257\t\273"..., iov_len=4096}, {iov_base="\232'\17\265\227\232P\365\361;\270\350\240\273\337\264\32\307\20\37\16H~\214y\302\310\300\rA\331S"..., iov_len=4096}], 2) = 8192
4131  read(3, "]\r\341JY\200\v\210\272>\337\27\301rx\25\324%\312q/\341x\224yW\236\"\306\203\26\313"..., 8191) = 8191
4131  writev(4, [{iov_base="\254$\265H\247Q?^Zu\365\247\21\253N0\307\255X\244\332\201\361\331\217'KH\24\251\n\326"..., iov_len=4096}, {iov_base="\v\35\250\215\221\236CM\272<\4\357\374\0\27\31\344\367\275\351\320\257R(fh%\33\7\322\25\341"..., iov_len=4096}], 2) = 8192
4131  read(3, "\22\336\352\310\241\324\310\230\325\210\25\371e\235^\3356\274\277\271\354\27>G7\221\273A\371+\221\345"..., 8191) = 8191
4131  writev(4, [{iov_base="R\276S}\264\10\354\251<\341j\347\355\343^6K=\325\19\243\35E3.H\364\330\2\31\252"..., iov_len=4096}, {iov_base="\212\252\0064\331HU\32d-j\372\232\211T4F\327\4\376Sg\203\315Gw\354\252\241\274\362\216"..., iov_len=4096}], 2) = 8192
4131  read(3, "h\200d\261\305\363\235[\340\25\24p\225\357\371\265\1\353\3\221}X\373\345I\261\262Hln\211/"..., 8191) = 8191
4131  writev(4, [{iov_base="m\35\273\221k\323\1\273\317\"\342\256{4\362(\366Xd\203\3\354\273\337\241\333\277\274\254\224\354\304"..., iov_len=4096}, {iov_base="\36Fm\313_/j\265\363\205(\224)\206|=cu\210F\332\345\236\314\3745\217\302B\\\265_"..., iov_len=4096}], 2) = 8192
4131  read(3, "\334\342\327\216\210X\333\321\365\312Fs\216\r\373I\235\354P\220\212\370\333Wp\253\33\337\35\3448j"..., 8191) = 8191
4131  writev(4, [{iov_base="c\233\230bFD\243\5\206\362D`\370h\203C;m\\^K\255\267\364\242X\213\361\252IP~"..., iov_len=4096}, {iov_base="jaB\335+w\270\270\322\364\r\211}\3366\213\311'^\321l\307\330\325\237\202.B\277\367\233\251"..., iov_len=4096}], 2) = 8192
4131  read(3, "\205\2204,\357\312\353L:\312\222\273b;\23Y]\324f|\340\231\350F!\340\v\0336l\23\311"..., 8191) = 8191
4131  writev(4, [{iov_base="\2011\3657\316\22@\331\200z\16\2#{\324\26L\202\300\374-\357\374H\221\r;\203\330\363Y\311"..., iov_len=4096}, {iov_base="\331\223\354m\335\252j{\266\357x\345\262\300\330\236\242\247n\22\371\377G#\2676\306a\201h\267\324"..., iov_len=4096}], 2) = 8192
4131  read(3, "\f\264H\304\\{\360l\317,\3133\247\347=z\r$\345\240\320<\261:\tS\241%\n\324`\247"..., 8191) = 8191
4131  writev(4, [{iov_base="!1\34F9\343h\310\20\306\212\227\346\234\2\277\232V/z\226(\\\276\370\266I\372\203\326\273+"..., iov_len=4096}, {iov_base="vW>\223\361\243,\323\324\336\343_o=\21'\313\360\232'\335\10Y#=\337q1\262]\320\f"..., iov_len=4096}], 2) = 8192
4131  read(3, "]\37\fH\347+\363\r\313$\21\227\342\6*\235\247\341\23\370O\363bF\375|{\344$\201\213\276"..., 8191) = 8191
4131  writev(4, [{iov_base="\17 \376J\215+s^8\243Q\352\327\316\267\244\34oj\330\30\310\371I\267~\324<\331#\351<"..., iov_len=4096}, {iov_base="\341X\4\332-W}PJC\357\342\266\251\301m {T\323\205u\274\204\25\336\312\317\236\324\311F"..., iov_len=4096}], 2) = 8192
4131  read(3, "\375\\\273\373T\215.\333\274\215\332\205\200\351jJ\321\254\33\352\243DV\tVc\215Fu\3h\270"..., 8191) = 8191
4131  writev(4, [{iov_base="\16\253\241\224\223\354wx\347?\0\200\3p\3148\206\246\247\nEH\207\23\6\247?\20y'20"..., iov_len=4096}, {iov_base="\344\217\315\234\236\221xm\23)\353\19%\10k\1\247\213\356;(\7\26\245,6\245\324\203\24K"..., iov_len=4096}], 2) = 8192
4131  read(3, "'\4\"i\335S_\34C\330\n\233U\354@\366\376\305V\253\204z`\223\0\334\241\215/\222Y\256"..., 8191) = 8191
4131  writev(4, [{iov_base=")B\222a\1\233\314n\301\313\311\20\277o}\336\276\30$\207ix0\375L\246Q\276\355ZO\357"..., iov_len=4096}, {iov_base="=n\n@\254\345\"y\315N\350\215\256\2073\315\24:\22#\317\243\374'\227\1\23\301\322\224\0061"..., iov_len=4096}], 2) = 8192
4131  read(3, "\362\250\264\222\341ef\306\343\231t\306Y\375&\331\310NA\241\0\300C\224@\242\220N\31\304q\31"..., 8191) = 8191
4131  writev(4, [{iov_base="s\204\335\325\221\335\311G\26/\272\321c\200uj\351\352\312\345\372\37\32\225\251d\324fR\205O\214"..., iov_len=4096}, {iov_base=":;eE\212\326\334t6\267y\221\366\364\225.\34L\224\251s`\347\36\242sD\237\210\322\237\372"..., iov_len=4096}], 2) = 8192
4131  read(3, "\36;\272\206\244\371\373\347F\210H\312v\261w\10\217J\326\235\211\314\333\237Di,Z\245\270\244\374"..., 8191) = 8191
4131  writev(4, [{iov_base="3]\234\276\21\375\211\362\252^\263\\\204\341T\33\202{>\351\210\367\202\35\354\212\275\321\227\277\30\270"..., iov_len=4096}, {iov_base="\22\320\20\267\303p\346\307}\2\216z\353\274M.\232\2507U\234lF\315\325e\177j\334\366\302\303"..., iov_len=4096}], 2) = 8192
4131  read(3, "\231\270\4\257vO\224\301\0230S\3\344\2270\27:D&\226L\377\23\273\324H\270\255$\374]$"..., 8191) = 8191
4131  writev(4, [{iov_base="\";1M\234\307S<\237\n\212\177\367\273VJ\10\251\240q\177E\222\10\206\341\374\270\206Q\245\363"..., iov_len=4096}, {iov_base="\231wC\326L{\346\30\373v\260\1O'\23a\25\201`\331\364\33\26\210\261\325\341\357\tT\2348"..., iov_len=4096}], 2) = 8192
4131  read(3, "Y\303\242\262\205\262\371E\275\n\6\2142\30300\257\277[j\266\364S\365\324\34\f\236\270^\241\336"..., 8191) = 8191
4131  writev(4, [{iov_base="\245\212D;\237\22\274\354\320\0272\242\207\23\fn\3\271w\357\27{M\235\37\25\17\1771\215\n\373"..., iov_len=4096}, {iov_base="\264z\3704c\235\35n\353\1A\212i\305\201\365z\250\374\365\3762\230\21>'=\327\252lJ\217"..., iov_len=4096}], 2) = 8192
4131  read(3, "\203\\\243\t\316\275\rswY\16\305a\251d\211+\313\320\302\222\321\231\265\5\327\v\vL\17h\202"..., 8191) = 8191
4131  writev(4, [{iov_base="i\206Fb\302\316\267\10\177X\334\261\377m\355\334\366\214\335\356\360\205@9B\235\336\v\354\r\343\302"..., iov_len=4096}, {iov_base="\206(l\265\220#8\263%\321\354\221,\305\252EY\244\260\307\230\204Y\344!\n\261\0\336\277Cf"..., iov_len=4096}], 2) = 8192
4131  read(3, "\217\215%hf\206\267\206\367Wf\267R\322\204M\5N\267\261\337\177V\254W\215\35LS\267\303\245"..., 8191) = 8191
4131  writev(4, [{iov_base="\3011\10LVS\376\333\331\345\3621J\6\251>\264\255s>\21\343\36\35\226\272 \2210\10\270\177"..., iov_len=4096}, {iov_base="]c\301\373\272\202z\35\343\24r\10\220\273\374\273\3205_D\25\224\177\7\316\tn\231\300s\373\344"..., iov_len=4096}], 2) = 8192
4131  read(3, "\316\32\276\232i\\\277\5ey\304km3\217\265:\357\201\205*\317\267\177\235'\23\210\363G\234O"..., 8191) = 8191
4131  writev(4, [{iov_base="|h\367LcC\220\250{~\317\372_O\227S\266\347ti\236\10 G>\344\212$\230\313qH"..., iov_len=4096}, {iov_base="\353\212\r\223S\324\315p\365\336\326O>6j\260|\247\301q1\343\204[\f\240\305\257\35\264\10\34"..., iov_len=4096}], 2) = 8192
4131  read(3, "\243NV6\312s\342\250\217\5}0r{T1\2179\2169\215\352=;\1\304\21\372\3479\353\25"..., 8191) = 8191
4131  writev(4, [{iov_base="\322\360n\270|\27:\316*!n\223:H#\217\v\331\260\323e%\2515\271\301\305\200\246m\275\337"..., iov_len=4096}, {iov_base="1\1)>\303\315\226\3754 \2611\231\264=]\313\254\334\304\304\364HS\324\221Zt\346.\34\261"..., iov_len=4096}], 2) = 8192
4131  read(3, "A\314\370\337\320LS\245Q\355\301\2667\373I\246\333\1\244\301\374:\360=m\346\331*M\2027f"..., 8191) = 8191
4131  writev(4, [{iov_base=".\322\346\342\256\21.X\257\16u\346\235\257\356T\21\260\355\31\320\241\216\223I\356\375\2\10\253\214\257"..., iov_len=4096}, {iov_base="\262o(\216Gg\223]c\35\261\214X\27\21:\212\274\200\234J;\365D\311\311)r\6\250{\235"..., iov_len=4096}], 2) = 8192
4131  read(3, "\212Z\304\360;X\307F\25\231\355\v\372\224\237\367\275\35\311\345O\347U?\25\5*\234A\377\n("..., 8191) = 8191
4131  writev(4, [{iov_base="\201\376&\226\n\363\341\371\364\326\331\371?2\245\365\311\250\375\207\20\276\332\250\23\311}.)l\10\267"..., iov_len=4096}, {iov_base="\241\315\312l\200\303\237k\367%\374k\344\331\304P\222`\276\20&\347s\216\225K\0065\345\312!\335"..., iov_len=4096}], 2) = 8192
4131  read(3, "\t\5x\t\307Lk\347\230U\346\257D\24\261%\265\tL\255\\\30\233\f\276\30 \224\370F\234\371"..., 8191) = 8191
4131  writev(4, [{iov_base="t>F\335\6\361\33\nB\246\31\352\270\264\262\232\204\204?\222\v\2248\245\0214\350\316z\320\270,"..., iov_len=4096}, {iov_base="\317\346\203\230\224NR)G\3\27\262y_\366\201\34a{k\\\320\277\217\16\1772:\nm\214\v"..., iov_len=4096}], 2) = 8192
4131  read(3, "\344V\362\330&K\4\205]q4\35f38+E\6d\177\233G#\20\360\376*\247\323g\36\375"..., 8191) = 8191
4131  writev(4, [{iov_base="/z\24\302\330r\376\\n\303\30\206\217\277\v6\331\33\256\223\"/\310\316n2)\306^\262\366k"..., iov_len=4096}, {iov_base="8\270(J\243\201\16B\334\\@\364+\242\341\275\200\216\345\372>\207\220\232\376\234\303S\367J;\305"..., iov_len=4096}], 2) = 8192
4131  read(3, "B\201\213\277*\361L\331\352\265\35;L\354:\272\23\317\346\343cE\324@!\262a1\230\10\252\263"..., 8191) = 8191
4131  writev(4, [{iov_base="\252\277G\301QA\2535\365\214Z|[H\316\215\33XoqD\4\257{StW\334f\301i\223"..., iov_len=4096}, {iov_base="\243\364\5\261)\354&TX!y\335^\205\327\334K;\231d\337\216\363\205B~?k\366\234\0\235"..., iov_len=4096}], 2) = 8192
4131  read(3, "\244\351\n\210\250>h\20=uz]\314(\245\36\315n\252\365;\222\351\244\300\315p|\23\323\233\316"..., 8191) = 8191
4131  writev(4, [{iov_base="\247\3\211\342\25\214Q\314 \305\r>\3774\360{\6\317|\0\214\fXB\225\177\303\316D]m\6"..., iov_len=4096}, {iov_base="P\367\231\266\251\3574\5<E\271O\n\220\204GBH\366\302\211\n\313\213i\23\341\245^\3v\333"..., iov_len=4096}], 2) = 8192
4131  read(3, "\263{\376\22\213\24\320^\270\320\30\315\362?\216\326\377\320\304\263R\rVU\25o\0u_\221\30\247"..., 8191) = 8191
4131  writev(4, [{iov_base="\270\237\23\333\306\273C\230\223l\235\314j3\\\264\230\315\267\1\261\341\246yQ\222i\2\372q\221}"..., iov_len=4096}, {iov_base="\253\265\3\4\357\372\303h3\n\234b\277W\266Sl\327<\273t\307u\272 3l\0m;\204v"..., iov_len=4096}], 2) = 8192
4131  read(3, "2\34\374\227,\306AH\331\257\367\334\216\322\236\272Wh\236&\320\242\222\37U6\5\27\23\345s\376"..., 8191) = 8191
4131  writev(4, [{iov_base="\362L\354b\35\25N\254\355\300c+\327\303\267\217\353\244\373\334\346\30qzj\251\245\35\377\3316H"..., iov_len=4096}, {iov_base="X\207\26\356<\302\0\344\263G\304x\213\6Y\366(\255\2003\206\205\241\360|\360J\362\326g\262E"..., iov_len=4096}], 2) = 8192
4131  read(3, "\365\205/\257\222BB\340\357\v\275\357\301\357\264\31\221q\2540\257\1O\26'\2\6\21\307J2\1"..., 8191) = 8191
4131  writev(4, [{iov_base="\300\227Y\370>\344\253\n\203fL\243\203<\"\\\"\270\17\224\246\200M^\236+\375\217\306x\351f"..., iov_len=4096}, {iov_base=" @\273\373&\221zMr\314\342\320\321\261\311\6Fx@\271/\235\216\7ev$\\\304|\ve"..., iov_len=4096}], 2) = 8192
4131  read(3, "\373\236\\\250\213\21z\240\330\267z\377s\342\367a\314\260=~\220\237E\2140)u{y\2363\254"..., 8191) = 8191
4131  writev(4, [{iov_base="\20C>\376(\221\336\261\260\361\323)\300\306\300\22r\356\203\256\3461\245\232\177)\300dQ\274\370c"..., iov_len=4096}, {iov_base="\241\2379\247-\30\303\221\33r\241\24xe\232\277\311pW\267(&\r\363^\205k1\v\326\4\325"..., iov_len=4096}], 2) = 8192
4131  read(3, "\3474\276\331\205\320\4jL\344Ez\204\314=\360\332\351\326w<\341\264$iM\305\225\306\276\330\347"..., 8191) = 8191
4131  writev(4, [{iov_base="\347\304\204h\300i\254\5\245\274\v)H\20\316ydG??9\213\274\354\202.\276\rD\305\257h"..., iov_len=4096}, {iov_base="\357M`\200\2218\324\311\252\365\3319\274\235\372<\322\177\321s\336N\355\315\244G\225\210\2309[\330"..., iov_len=4096}], 2) = 8192
4131  read(3, "\356\255c6\221\377)2\5\275\210\216\342lx\243\22\246 \243x\324\v\257q\0217\271\305\304o\326"..., 8191) = 8191
4131  writev(4, [{iov_base="\3213\352{m\331\203A\310\202\204\262\246\347\361m\224*\377\277\206x\353\365\205\21\302%\24\222\267\265"..., iov_len=4096}, {iov_base="T\270\244e\205\367 \2759\250b\3520\250+\334q\252\221\362#\300\362\322\367\271\6 \t\5\247\322"..., iov_len=4096}], 2) = 8192
4131  read(3, "\205}A\22Pu\306\203:\246x\316\348\375\375L-z.\317\31\241)\237aH\303\307#\341M"..., 8191) = 8191
4131  writev(4, [{iov_base="\10-\37\300\333\"\305[\354\26\350\4\200\237\221g\274\213)r_`\327\206\341\350\264\\\250N\365\372"..., iov_len=4096}, {iov_base="d\377\332\250\207\360\345\324kIv\v3\16\212c\327\23\375m\203\6\223O\230\36e>\356\37\205\20"..., iov_len=4096}], 2) = 8192
4131  read(3, "\5\207\30\305Nt\251\1q\v\37\336\355(\370\217W\37SEz\207;\320(\233\326\255\207\264:\\"..., 8191) = 8191
4131  writev(4, [{iov_base="\353\37\366\311_\200\354\200\f}\v-\6\360#t\277\3627\223E\371 \245\253i$\257)\260\352\202"..., iov_len=4096}, {iov_base="u\215\24\37\324@\220f1;\353\377\313\307\n\330\37302|\f\3\22V\321$\206\37669/@"..., iov_len=4096}], 2) = 8192
4131  read(3, "\247\337F$\223\203\220hv\210z\356\22\fo\226g\21\354zz\323\2445\350\312\360\350\235\321\326R"..., 8191) = 8191
4131  writev(4, [{iov_base="\271\322\267\34\327\215\256j\375\322\326\353-3);\20\326\335)\213\222\245\177\234\316\373\304\264\330\354\237"..., iov_len=4096}, {iov_base="\301\233%U\205w\235v\355q\215\354\257j\3\333.~\354\25j\257\0370\307\4\266.\310\337\223\366"..., iov_len=4096}], 2) = 8192
4131  read(3, "u\356\\\1\24\211\v\360\332\0\234\260\303\t\277c\306\203\30G\375>g:\2211\274\27snb\33"..., 8191) = 8191
4131  writev(4, [{iov_base="\316$\7l\316\376j)\24\24\244\276%\v\344L\204\377\333\v\272\377(\205n\2019b\303\0\227\25"..., iov_len=4096}, {iov_base="v$\1\215\273a\267\nd\361\4abW\244\2654\307\317\6\357\tv\32\316\325\324\7Z\265B-"..., iov_len=4096}], 2) = 8192
4131  read(3, "\334\177\373zc\364\234Qa5\307\207\24qd\275:\5e>\316\265\16[\326'\r\" o\213\257"..., 8191) = 8191
4131  writev(4, [{iov_base="\316~V\267\247\303\316\3\265\26u\215\275\271\322\256\20\237\314\32o\225\324\16\361\3136\34\255|4\21"..., iov_len=4096}, {iov_base="\260\247\247\272+\7\331\201\37\235\275\362\344\224b%\246\320\337%\374#~\234\227e\340\370\231\367\211\350"..., iov_len=4096}], 2) = 8192
4131  read(3, "*[U\277cnR\345\2263\366\354\266\23]\30376sPW\2662\377\311\347\235\275>/\f5"..., 8191) = 8191
4131  writev(4, [{iov_base="\271\365\204\243K)\344\352F\376\227(l\330\270\277z\233\264\213\350^\361\5TK\333\300\243)\274\345"..., iov_len=4096}, {iov_base="\374C\35\242\207 0\333\241\16\342t]\37{(:\237\377\323\377R\2448\320xdd\335Ge\311"..., iov_len=4096}], 2) = 8192
4131  read(3, "R\27*i>~\277xr\371\2327D\255\377\0017\234\235d\203\212\f\r\277\20`fv\4\202\355"..., 8191) = 8191
4131  writev(4, [{iov_base="\fF\262f\265/\16\363\210w!}\26\336\262s\204J\33\2fK\244ts\214\242\267f\354\211\301"..., iov_len=4096}, {iov_base="\362X\323J\325\6\24\363s\246\233%\6\201\27\356\337\226%z\346\245W\221G\n[\342\237\302\2774"..., iov_len=4096}], 2) = 8192
4131  read(3, "\336\247qm\320-8y\32\237{\356\200\222\254\273\26\224\2454B0\245\275\0316t\256\353\32t\23"..., 8191) = 8191
4131  writev(4, [{iov_base="\306\374=y\3E\276NAp\315\3008\333\333\v\364\257'\332\345\377\260\307\364\22L\16\324\250P\263"..., iov_len=4096}, {iov_base="\211\36\206\316\305\277ho\4\276\215\23\33\"\270\217\302<\315Pq\273\374\17\324Db\305\35\313\361+"..., iov_len=4096}], 2) = 8192
4131  read(3, "\377;\5bY5\344\361\361\355\370\302\315\341\243\354\236\10\201\334\2441ji\360\6\330Iw\372\212q"..., 8191) = 8191
4131  writev(4, [{iov_base="\373ba\3627xh\f\333\34\251\313\334\327\242\376i![=\200\222hf\34\342\5\27\260GV\220"..., iov_len=4096}, {iov_base="\220r\251\216y\266\346\355\234\256\234\2\273(z\25)\340_k\226\267\273\243W`\336\337^\352#\263"..., iov_len=4096}], 2) = 8192
4131  read(3, "1\355Cy\260\266\230L\212\263\372\7\330\10a\331\216\242\201\337f\227\251\217\210b\266p`\205\334\35"..., 8191) = 8191
4131  writev(4, [{iov_base="\241\337\347\210\321\7\342\343Tl\357*\270\371\237\237!\351\240\361\240O,\220s|\220\2136f\3247"..., iov_len=4096}, {iov_base="\242Nh\245\253\372\354\344\333\16b\4\375\333\31\365\34_H%\177_\213V\360\351N(&0?\333"..., iov_len=4096}], 2) = 8192
4131  read(3, "R\263c\303\250\251\272\311\0051\221\351\276\225\327\360\275:\r\245\7]?d\247R\253n\241\267\34\357"..., 8191) = 8191
4131  writev(4, [{iov_base="O#\231\226\355\"\366\246\224M\22&\271\302\213\256\21s\337\212n\316^&7\364d}\262N\212\342"..., iov_len=4096}, {iov_base="|!\271\354\6e\256\327\307K\360\30\330\303\320\204\216\322\224\2062\372^\200\253\370\22\5G\356P\32"..., iov_len=4096}], 2) = 8192
4131  read(3, "Mp=\36a!\323!\233L2P\330^\1786`\301\3669\211\233\251\337>\3678a\0AD"..., 8191) = 8191
4131  writev(4, [{iov_base="u\235\5\2(\2\334\247\260\222\311\312c1e\357C8\375\2z\340\340~\03373\30_o4\0"..., iov_len=4096}, {iov_base="\350e\236d\240-\37\246i#\256O.NO\204PD\30w\354\374n\317O'\nZS9\273t"..., iov_len=4096}], 2) = 8192
4131  read(3, "\35T\302v\346\321@y\26\303\300\331\312\223\323i/`\203\21.\0\3064\307|\324\355\212,\270\300"..., 8191) = 8191
4131  writev(4, [{iov_base="HC\324\310Rt\34\20292m\273\312f\217\31\355\332\2434Y^\"\33\327+X\7u\262\357\232"..., iov_len=4096}, {iov_base="\21\372\203\327I\2552\21\200\344S\2106\303\330\332\237\206\321\n\251<\223\255@<\36\"f\353\335}"..., iov_len=4096}], 2) = 8192
4131  read(3, "j\207F\316^\2207/\335\213a\332\371\26\23>\332\267\260o\346\202\247\3025S\226\234\216o\315z"..., 8191) = 8191
4131  writev(4, [{iov_base="p\336\211\22\316!\275\4\21\345\233\356\236NS\33x>\220=\2470\352V\340On\353\35\250^\320"..., iov_len=4096}, {iov_base="\2\207M\220\1!\222\324\355K\211\6\16\211\240\373\277\2p\370\222)\31R\31\355M!q\207!\346"..., iov_len=4096}], 2) = 8192
4131  read(3, "\370\272X\323K!>(\274\7\34`q\234XAh!\207\241\262\36\301\271\333\10\210L\304XD\271"..., 8191) = 8191
4131  writev(4, [{iov_base="-\267\327A\235_\221O\330\4\200*\v\240\373\204\0235\331\353\30\351dB3\265Bj\310\342`f"..., iov_len=4096}, {iov_base="\316\351\251K\34TB\210Pq9\36b\204~\220\3719\230c\273Hg1R\323\342\330\350DE\306"..., iov_len=4096}], 2) = 8192
4131  read(3, "\261\355H\252\t\177\320\2\265:\225\10g\355Gx\274\220\v\312\v\370\353/\362\205M\204\350a\300\34"..., 8191) = 8191
4131  writev(4, [{iov_base="\2\367c\3776\217\337\225\343\203\326\337\220\251\216\204n\t\25R\36\2330P\4I\303n\232\tH\322"..., iov_len=4096}, {iov_base="\275Le\306)\3253\10\267(Z\224\267\335\27'\2170\2745\21\215g\3\177+\317\262\373=As"..., iov_len=4096}], 2) = 8192
4131  read(3, "\306\203\236\31{\373x\20&'\300\324\306\7\322\222\271\220\246\252\2\2469\247\fYUj}\325\350e"..., 8191) = 8191
4131  writev(4, [{iov_base="\370\7g\314\362\25?\366\254\261\253c3d\317\222\27\264\325\35\27\246\10\233\225\177C|%\347\32\330"..., iov_len=4096}, {iov_base="x,\230-\345DC\f\247\276\6:\365\t\370n[l?@\4\272K\331\322\5\16<\323\36\254o"..., iov_len=4096}], 2) = 8192
4131  read(3, "\30;\263\317H\214\240\6\206\347X\24$\242\23\344\361{\325;\311\353\356_L\3dM\r^]E"..., 8191) = 8191
4131  writev(4, [{iov_base="\210Rb\225\27%6\23\vA\235:&\1\213\35\5\374\261\331_\20\233\371\22\f`g6\34\244\36"..., iov_len=4096}, {iov_base="By\"do\216/\205\361*\256\375\375\212\250\215\n/l\327\320o\354\264\217\207\215\324\314\327\177\215"..., iov_len=4096}], 2) = 8192
4131  read(3, "\36e$A\"]\360ju9\2451\313\0344\22\246\302\321\223\350wg`\205\241\334P\346d\37\235"..., 8191) = 8191
4131  writev(4, [{iov_base="n\3\323-\334\334\177\37\266\322I\271\36|%F\375\363\205\354\241\252e\336\344\304/\340\332\03233"..., iov_len=4096}, {iov_base="D\221\237v\210;\326\267\213\226X\tH\303\204VhM}\213]\0\202S\n]\6R\203ve\260"..., iov_len=4096}], 2) = 8192
4131  read(3, "\212&\36F\305\364UK\345\20&9\262\374\375\264\212z\2578\273\3C\275H\213\325~\203g\256z"..., 8191) = 8191
4131  writev(4, [{iov_base="\33\7q\360\244Ouu7Z7\236\340z\232\322\2\345\fkSv\310\317lt1\232\34{\2362"..., iov_len=4096}, {iov_base="\375\315\256\f\325\27\7\27#\322W\232Jqz@FX\37587\204\237\235\2166&\344\223\316\376l"..., iov_len=4096}], 2) = 8192
4131  read(3, "i@\300\210\246\261\246\21h\331\16\2038)V\32zb\270\263\31\5U\27p\213X\322qK3j"..., 8191) = 8191
4131  writev(4, [{iov_base="\317iU\365\325\177\331y\2024NC\312\5\253C\204\32O/\v\270\206\351\353\27\4\3407\\Cu"..., iov_len=4096}, {iov_base="\254\303\344'\2272$\3p*\342\22\204m\0213\224\320\323\25b\311\31\331\20Z6\354\361yB&"..., iov_len=4096}], 2) = 8192
4131  read(3, "\223\267.;s3`wB\324\252IWT\27\303Ct\317\375\17L4\367\251\321\310\21I\264\264}"..., 8191) = 8191
4131  writev(4, [{iov_base="\32h\324VlWY\204B5\250\32 \230+n\344\31{\255\r\20/\275h\372\266\301s\374\2310"..., iov_len=4096}, {iov_base="w3\17\352y*\31\376\367\200\366\222ti\300C\242\317\236;\305\206\363\27\3348\3131\221\0W\362"..., iov_len=4096}], 2) = 8192
4131  read(3, "\17O\335\31\214\303S@\235V\6\235\220\32\310G\357\356:\304q\341\0\35\243\2\311\273\6\251\314\226"..., 8191) = 8191
4131  writev(4, [{iov_base="p\362\264v5\335\vr0\324\335\331\27\255\217\330\263x\330\222\10\253\351\236\347\25\364\235*\310@\262"..., iov_len=4096}, {iov_base="XX\247\6+\224\31\231?\353\221_r\217\2\247,c8\31j\258\364\266\264zA,\30\32\222"..., iov_len=4096}], 2) = 8192
4131  read(3, "\365J\365\366\356\25\310\227\220\310\267 \216.94b\201IB+fE\233\"_\2577\373\274\221\373"..., 8191) = 8191
4131  writev(4, [{iov_base="\277\225e\224\357\203\274\300\212h@\311\366B\276\271\212\357b\214\225p1\31\333IF\232\371H?\f"..., iov_len=4096}, {iov_base="T\322\364\25\330ie\200\313<\274\350rX\351\f)\374\25\377h!\3339\301\367QA4\264\277K"..., iov_len=4096}], 2) = 8192
4131  read(3, "\264\201\305\24\32\206\216\303\216\22y\23\214s\234a\213 D\233&;\20\226\4\212\25\f\36\353C,"..., 8191) = 8191
4131  writev(4, [{iov_base="\21m\257\177\34\205\334\335\301 \234\371\367\367t*/\312h\203\t>\247\367uKn\322\2466\3324"..., iov_len=4096}, {iov_base="5\16*\336\364\220\300y\245\224\240xeQ\360\254\367\32\263q\"dq0\32\222\244\252^b\t\22"..., iov_len=4096}], 2) = 8192
4131  read(3, "%\334~Ym\377(\215q\246,\335\25\7D\220\2537\371\227.+\233\251Wv\326E\27&y\247"..., 8191) = 8191
4131  writev(4, [{iov_base="b\241>\200\273d\323\320=\271\264>\5\225\0266R\20c\355\231\233\360\352\344\361\363\325J\r\303\357"..., iov_len=4096}, {iov_base="\21\22\206\373E\362\350\2279'\352\235eJ\344\20\247\315\343\250\374\3\35&\345\375\2361\313\27*\26"..., iov_len=4096}], 2) = 8192
4131  read(3, "\357\261\26b\16\254\34($\306\335LH\203aN\241\264\t\364uu^\363Rh\211\370\375\316b\210"..., 8191) = 8191
4131  writev(4, [{iov_base="\257\355\27\347\240/\211\31\"\20`\226\5\2x(b%\267\316O\7S\306\356`z#\301\277\267\210"..., iov_len=4096}, {iov_base="\3713B]\213|\253:\237\30S\\MGl*5\"\f\10T\23\354\220\357\336c\363\332\"\243\324"..., iov_len=4096}], 2) = 8192
4131  read(3, "\304\305\253F\312\305\273S\303V\272]\355\231\216\16^\346\366Seh\365I\267'\230\342|\376M\341"..., 8191) = 8191
4131  writev(4, [{iov_base="G\206\3652\20P\316=CP\251\372\3019\355dO\36\f\227\204\24\313\234w\327E\3325*Z*"..., iov_len=4096}, {iov_base="|@\302\220v\1\347\322\353\231\244\232\356\22\377C\333\25\330~D\365\357\247\274\253\201Z\254\226\fF"..., iov_len=4096}], 2) = 8192
4131  read(3, "\234G\355B\375\230\213Zf\264\250\1#x\377\17$\217+\362\373\300\253\327\3\347G\201\270@6\252"..., 8191) = 8191
4131  writev(4, [{iov_base="\217\26\376W\1j\25\272\317\324i\304's~\232\32\266\35\357\332y`\311\234\375\31\36|\233\366\f"..., iov_len=4096}, {iov_base="\26\26\310\225B\216v\245\348\7\375\335\356\21\351\313\307\250\275:\236\351\0\351\23\33YoG\361c"..., iov_len=4096}], 2) = 8192
4131  read(3, ";\223\242f\235:\220%\212\254+=\326X~\370\5_\237\332\260\202\313\3\\S\215F\326^\363u"..., 8191) = 8191
4131  writev(4, [{iov_base="\2475\351\204\367Qg3\357\202\375b\25\37tg\34\374\261\324\306\n\247\225\250\204\376\266\312#N\365"..., iov_len=4096}, {iov_base="]\265\277$\365\272#\364\266c\341\37\327\247*\24?\\\344\244\224W\247\322\224\231\307L\360d\6\366"..., iov_len=4096}], 2) = 8192
4131  read(3, "S\362p\"B\0372\214W\177\27\207+\336\245\276jPn\307\320i\271\271\302J\306\330\313\377\3465"..., 8191) = 8191
4131  writev(4, [{iov_base="h\270\r~\25p\26&\231c\230\35l\355\3469\266b\f\364>\275U\326\177\232\230D,\355I\32"..., iov_len=4096}, {iov_base="IS\317\334\227\235\272\360\21\361\253\3234\177\352\203E\17gW\207\362\7[\337\342\330v!\214f1"..., iov_len=4096}], 2) = 8192
4131  read(3, "K\211\310(|\346\344\325\353\226\22\0\263#)\3017\4\v\337\205\323W\267\341\214\344c\336\244(\327"..., 8191) = 8191
4131  writev(4, [{iov_base="\4\266b\240q\357)\35x\37\2454\23\2329\346\321\22amP\r\5\v\36\307f\17\263\275\rl"..., iov_len=4096}, {iov_base="\217K\352\301;\265\305\323\361\324\227\335\362\4\321H\347a\244\337a\255\235&\263\274L\30w\313\222\363"..., iov_len=4096}], 2) = 8192
4131  read(3, "\277\273\207 \3434M\242\373\337\2039!\21\7\t\223\33\266OYw\367\353+\315\311\365\237\351\205R"..., 8191) = 8191
4131  writev(4, [{iov_base="r\6H\223\1\24j\t\220\235|#q d\342\33\202H\264I\217J?\37Rg\352\201\326\340\r"..., iov_len=4096}, {iov_base="i\222@\317\230M\337J#\356\32\336$\6\226\347+\347\201d\265\323(|\361\352\236\270d\302\276\f"..., iov_len=4096}], 2) = 8192
4131  read(3, "\4@Sz\306\242.\255\216\333J-x\342\343@\335\223/\214K\255]\275\270\2505)\366g4\377"..., 8191) = 8191
4131  writev(4, [{iov_base="$\32\246`\200\225\205\266\33\350\20\21\356\341!*\227\272\276wS\240\306\340\314\2737\210z\355(\6"..., iov_len=4096}, {iov_base="\203B\241O-\271F\356\177(\217LN\345\337@\320\314I\0322]\243|y\273\341V\364\r\272\240"..., iov_len=4096}], 2) = 8192
4131  read(3, "\23\245X\221%\331\201n\3632<\214\262\303VY|\"&\30\0217\307\17\322\212~M\"\354v\357"..., 8191) = 8191
4131  writev(4, [{iov_base="roVd+w\360o<\231\337s\33\0\370\37!\251\302\0G\32q\10\370'?\222\377A\211\327"..., iov_len=4096}, {iov_base="\203\360{\246H\4\211R\200X\255H\274b\301\6_\222\371\226\21\336\210\363\303\220\363d\331(\336\217"..., iov_len=4096}], 2) = 8192
4131  read(3, "\363\10\251w\21\231\6\331/(\341[\270;\255q\37\200:R\31\333\214\20\304\20\221X\252c\201\r"..., 8191) = 8191
4131  writev(4, [{iov_base="&\326\365i\277\263\n\302\306X@\215&\6\324\313_S}w\312\277\36\271|S\10\230\221\270}\243"..., iov_len=4096}, {iov_base="j0Q_\263\323\220u\3206kO\226\230!q\"\213\323H\350\254!XV\276\3067(\345O\230"..., iov_len=4096}], 2) = 8192
4131  read(3, "\250W\340\207W\353\211\27o\5\204x\213\322\216XK\302\255Y\265\203\30\210=\252X\265I\311\7e"..., 8191) = 8191
4131  writev(4, [{iov_base="-\0\225\256e\363BgN\270\2\326\242\2653\240\206\222\5M\201\316\357\377\235B\347\245\3527\337S"..., iov_len=4096}, {iov_base="\25\31%\265t,.\2346G\332\224\276\23\367\362K\372\332W~\267K\257b\32\331\201\345~\321\230"..., iov_len=4096}], 2) = 8192
4131  read(3, "u\305\303\320\34\311\307\241\343\261+a\313\345\306\10\375D`hV\2Z\234J\201\304N\351ouf"..., 8191) = 8191
4131  writev(4, [{iov_base="wh\372\206?Cn\16\233\241&@\341Y\353\343E\334Lz\240\5\354\261\202\"\323dz\234S\334"..., iov_len=4096}, {iov_base="\234\356\26U!z\0S\275pU\242\3224\301\3224\n\374;'aKS\247\t\315)0\376\300K"..., iov_len=4096}], 2) = 8192
4131  read(3, "\341\361\340\233\7\211\37\234h\246\344\273G\0061\31\316\08\274\20\234\210\17g\312\f\217Cz\310\32"..., 8191) = 8191
4131  writev(4, [{iov_base="\233?\373\37\326\37\30\311\6\215\264\335tbd\354\334\202x\27F\241\0G?\350\343\255\273\344\255\347"..., iov_len=4096}, {iov_base="\357-\33\216\23G-/\23\177l\250yF\24\177\244.\355\252X\322\223\n\307N\244\207\4\203\356I"..., iov_len=4096}], 2) = 8192
4131  read(3, "\264\330Y\20?s\203_~\3175j\5\317\251[\231B,>\345[)\353(P~\7\357\254\f\21"..., 8191) = 8191
4131  writev(4, [{iov_base="O\212`y\v\3558Rd\32\2169\253\222\361\2639-ML\244\222\302\376\377\314c0\2\213\37\5"..., iov_len=4096}, {iov_base="m\307\nn\211*\f\202\227\315\245r\257_wd\275\325\224\306\305\305t\251\227\213\252\t\245+\226\310"..., iov_len=4096}], 2) = 8192
4131  read(3, "\"Q\270V\2&\30+\244}\320\26\240e]T1\177\2\330\21\210G7\34=\253\235\263\272\304\366"..., 8191) = 8191
4131  writev(4, [{iov_base="\222\2\7\303%T\16m\370\307%\324\273\2011K\3\236\267\26(/!It\262\333L#\34\210\346"..., iov_len=4096}, {iov_base="\24K\2C\317\252\314jl\337\202\37\335;\366\272*\322C4\226'\232\265\2\373\276Ni\t\374\374"..., iov_len=4096}], 2) = 8192
4131  read(3, "\332\334RC\354\212\260\r\306\3\312\314\37\362\265\201\371\260\341\321\267uY\3626\227\252\267\3474\227("..., 8191) = 8191
4131  writev(4, [{iov_base="\373\240\356\31g\206.\221\26G$\322\306WJ\1\225\203>\275L\3765N\201\22\1\251\3222`+"..., iov_len=4096}, {iov_base="hS\6\255\265\371Ltm\267vjZ\212s\31\313\257\367\355\0\252%\fQ\241@\\\353\330!r"..., iov_len=4096}], 2) = 8192
4131  read(3, "qV$o\276\221\31\226~S\365%\230\230\204\305\252R\270\325.\200\336\204d\337\374\353\v^\326\361"..., 8191) = 8191
4131  writev(4, [{iov_base="{,\263g@\364\262\300\30\214<NP<b\312\257\371J9\261Y\343sg\320\362\351\334(9\366"..., iov_len=4096}, {iov_base="0\353\376\204(\4h\322\277\306xy\v\275\224\252\323\223\231\256\16\325Y\276\237\306\240\373\276\245\323_"..., iov_len=4096}], 2) = 8192
4131  read(3, "R\316:\27o?\206\272\216 \21N7\311\372\353\325m}\255\302o\17\267Z\306\3220\267\343\274\223"..., 8191) = 8191
4131  writev(4, [{iov_base="{8\372\234g\375\351i\305\275\327C\3071m\262\334\2009\350$\314W\227\270~\333@8^\205\214"..., iov_len=4096}, {iov_base="\21Q\315\216\220\326GK\270\361U\341\325\267\327)\360\277zm-\v\276>\325\224\203\37\233\240\206|"..., iov_len=4096}], 2) = 8192
4131  read(3, "T,\236\246\340\305\247\375zR7{\331\301\220T\204(,\325\24X\367\340\274\204t-\16.\352\317"..., 8191) = 8191
4131  writev(4, [{iov_base="1\223'\241\336\242\364\262\2524:`e\33D\320\27q\v\327\270@_\260\336\362F~o\f\266\227"..., iov_len=4096}, {iov_base="\20$\35W\363\274P\270@\375Z\277\4\17\307\36\242c\26\334\304a4\327\356\356mq\207\247\33;"..., iov_len=4096}], 2) = 8192
4131  read(3, "\377\211V\361\331\16\313\202\352\303u\263T)y\16\314)l>\341\315;=\f#\211F,\324\246\273"..., 8191) = 8191
4131  writev(4, [{iov_base="\211\250\256~\30\356T_G\t\206\230\364\372.\211H\204G\351~\24\3431\365Bi;\302\260'\\"..., iov_len=4096}, {iov_base="v\246\362.\362\35\332J)\20\237\roC\376\16\322\fzg2\253\266(d\310k^\221>\177P"..., iov_len=4096}], 2) = 8192
4131  read(3, "\355D\352\24\357\216\177u\217\377\276@\310\355\246\1778z\361\7Uzo\5<g\215\231\222\321\303\375"..., 8191) = 8191
4131  writev(4, [{iov_base="rb\342\0025X\264\321\344\270\0e\"\254\306\321c\263\\G\262\362\229\23\327y\200zl\225m"..., iov_len=4096}, {iov_base="|\235\335ax\311F\\\263\205\344\36N;\17\27Q\215/\323u#\360\235\303\222\264\263\262\263Np"..., iov_len=4096}], 2) = 8192
4131  read(3, "\362QI\314\3104\277`Jw\326\234y\253M\324\343C4\rD\372\320\275\366$\214kk\271\272\23"..., 8191) = 8191
4131  writev(4, [{iov_base="\312\337\271\261\365;\342\237|w{\334\326yg\230W\367h9\204\211\222z\205\20Mu\237\261\t\225"..., iov_len=4096}, {iov_base="\370\347W\366\373\24tk\34\265\206\2153s\225x\\\376_`\236\211\325\332\344=*\272\234\371\336\30"..., iov_len=4096}], 2) = 8192
4131  read(3, "\235rJ`\237we\261\r\331\327\323%8.H\323{i\347\4\335\335X\363\ne\36\360U\301\261"..., 8191) = 8191
4131  writev(4, [{iov_base="\17\265+\331,b\257\4{~|c\363\247\357E\214h\215\220\214\226c\252\277m\203\20\226\210\23\214"..., iov_len=4096}, {iov_base="\373\226\220/\325\365\232\221%\325\331\374w\223Y\204\324w\334}/\302\307L\7\7)\7\352\3558c"..., iov_len=4096}], 2) = 8192
4131  read(3, "\16\34+\225\r\202\323\245\231\357p\263\367j\356\230\2739\264\261C\311i\23iI;\220m\373y\252"..., 8191) = 8191
4131  writev(4, [{iov_base="-\215\32z\2645\254!\212\257B!\0\203\r\257\251[\3029\326\326/\243\305\354\331\221\257,$C"..., iov_len=4096}, {iov_base="3t\200\37F\264\1\324;\331\255OPa\343\340\271\312\360>\10\303\312\244\32 w\24\0\10\212\233"..., iov_len=4096}], 2) = 8192
4131  read(3, "m3\34e\214\210\377\204\24\316\267\3302\331\313\376\317\34S\363\250\16a\364\34\215\356\220h\350\263\1"..., 8191) = 8191
4131  writev(4, [{iov_base="\211.\34\374\301a\5=\272D\215\2767\313\203<\210>MNd\flJ\223A\3207Y\305\246\234"..., iov_len=4096}, {iov_base="\2327\240\3140u\272\31\240\330\\\334\335\7\367\2J\">I0\0XP\261\373\311\360oV`\255"..., iov_len=4096}], 2) = 8192
4131  read(3, "\253\325Q\211_QT\272\264\360\371\222w\2773>\327yBZd\360|0z\374\241\377\345\211\3268"..., 8191) = 8191
4131  writev(4, [{iov_base="B\367\t\240B\363\r\325\372 s\326]\2544.\240\356\2\213\305\5\36\v\355\341\254\241\277`\363\v"..., iov_len=4096}, {iov_base="\257\313KG\325\341\313`N\23\4\324~4\273M3\234bl8\\,\315\266\374\224\201\272\252uk"..., iov_len=4096}], 2) = 8192
4131  read(3, "\333\256\374QX\336\24\337\231\315\321\251p\0u\6-7\326B\325\216a\216\276>\277\0373\252>\354"..., 8191) = 8191
4131  writev(4, [{iov_base="S\373s\372OaU\n5uUjwV\0\242\26\5#\20X\277t\311\364\345\323D\f\204I\312"..., iov_len=4096}, {iov_base="\245\343T}\364\315q\311: H\36\353\216G\336Ji\216M\362\215$\241}\332|\25FDck"..., iov_len=4096}], 2) = 8192
4131  read(3, "\265\346\324\302\251%\273|\271\201\26v\344\362\273\34w\247\326\313\362\276\242!\35\262\321^\304\316\250\233"..., 8191) = 8191
4131  writev(4, [{iov_base="\344\320.\230o\231/\213Gg\306\342&~A\247\272\275\30\"\\7\25\36,\350\350S|T\256p"..., iov_len=4096}, {iov_base="\327\257\304\223\266\2454\227\354D\314\213\273v\23\270\307\344\316\256\v\360\334\345~:\201\326\231\354\0101"..., iov_len=4096}], 2) = 8192
4131  read(3, "Y\216\340YO p\373\36\0\365E\324\365q\301\245B\363/\237>\317\310\315\213C\327I\343Z\237"..., 8191) = 8191
4131  writev(4, [{iov_base="\353.\207\330!\373\244\30\3\261\1\264+\270\203\324\240{f\322\254\300\212\371\22\357\316\244\360\341Cw"..., iov_len=4096}, {iov_base="H\233y\272\320\277T\261\2331\335\231\222\203T\246\20Ev\35077O\262\351k\253\203\25\241\267\273"..., iov_len=4096}], 2) = 8192
4131  read(3, "\273\306,\203M\355\"\371\320D\256\346\21L}\262!\235\324f\377\346\306\342\232/m\211\341|1\202"..., 8191) = 8191
4131  writev(4, [{iov_base="\304%\23\231\355\364\204F\357\353K\344\260}\311\254\252\235@j\205\374\r\316a\"\310\220&E\215\210"..., iov_len=4096}, {iov_base="\273\344a\2\205\266/\314\326\277\277\261|\344\4\224z\274A\1\364\206\301+q \246\306\253 \251\10"..., iov_len=4096}], 2) = 8192
4131  read(3, "~\336\214A\2557'\0\250\231!.:\33\3202\364\02324z\2\260H\237\313\311\370(\273<\373"..., 8191) = 8191
4131  writev(4, [{iov_base="3\221\255\5\343\226|\31vRp\276\21g\367\2520\265\266\230\305\377\353G\251\370\326\200\300T\374\224"..., iov_len=4096}, {iov_base="\357\362\352\344\6\22\334\211\7\245\316\346Q\333\310@\207\321\tb/\201\16z\274\217\253^3)\261C"..., iov_len=4096}], 2) = 8192
4131  read(3, "\6\365\250\374\231\226\373< \\\204\276\363@\360\2329F\n\277\2440\356pr\313\366!\236\314\332\330"..., 8191) = 8191
4131  writev(4, [{iov_base="\23\315,\342\334\236%\17YV\230d\221\377\2450&u[6\217\33d#d\221Yh\274g\3x"..., iov_len=4096}, {iov_base="\256\305\269lv%\24\354\36KH\227\270\345.\277\346\301kq\274\367\243v^9\3P\333\317~"..., iov_len=4096}], 2) = 8192
4131  read(3, "\33\373\33xc\340\4w0\202\3661\21\340\23(\21\364y\200$e\263(\377\341\343\242\240\215\251\361"..., 8191) = 8191
4131  writev(4, [{iov_base="\270f\304-n\334\271\276\304\324'\356\255\2778\204\272K\17o\16\5\2\311\357\25\235\22]J\30E"..., iov_len=4096}, {iov_base="\3529\"\2O0/\371\335\313\251\244\373\326\266Z\323\266\263\325\7\204it\270\302aV\33\242Y\362"..., iov_len=4096}], 2) = 8192
4131  read(3, "m\222&4\275\21M`/\322\220\246\270\273\0\250\32?C~i\313\354D\16\253\307\336\271w\263\260"..., 8191) = 8191
4131  writev(4, [{iov_base="\350\307*\236\r\336N*\273\337\336.\305#\0052\347\315\361\374f\5]\37\214\371\264\324\v\220\331\337"..., iov_len=4096}, {iov_base="\277\272\366I\213\314\300\263\330D\316^:~\242\246\320\233\303S\4]\313H\16\275)\314}\312\320A"..., iov_len=4096}], 2) = 8192
4131  read(3, "\234\265\312\232\231r7\207D\336\25\274\350\264\234G\345\220\355\211\30\260\220\216\342\34\5\321$\251\304G"..., 8191) = 8191
4131  writev(4, [{iov_base="\345v\367\363\255\336\356\331\330#{F\225\231\265x\325\365\216 \351\332\230\215\350\261\361\212\234\212\352\3"..., iov_len=4096}, {iov_base="\275\207\373(=|\322\233z\265\303\363\352\306\210!\275t\266'\2qE\335\305\31\7\35\255\320\v%"..., iov_len=4096}], 2) = 8192
4131  read(3, "8\317c2\310@\232T\333:8P\263\213\\V[\34`\375\216\303\242*\4\350\334\244i\250\2726"..., 8191) = 8191
4131  writev(4, [{iov_base="\254\374\16\212\275\330\260\275\2356B\f:\342\\+\n\352T\251\n\321\7\300\7\315V:\253\201\320\5"..., iov_len=4096}, {iov_base="\225\236\231\"\374\372\321\3163m\203(n\30\4\256\200\334f\276\324v\223\225\333\271\210vl8\363\7"..., iov_len=4096}], 2) = 8192
4131  read(3, "\267Y\334D\205\363M\3769\356\246$\371\302H\233\354\n\361\260\273\234=&\30\3664J\375\264\330\34"..., 8191) = 8191
4131  writev(4, [{iov_base="\334\370=$\353\244\177\212t\255\205fb\301~^\204\215K\342H\212\333:\17\0\217\6<p\266F"..., iov_len=4096}, {iov_base="\366\260GRI(\315\320\315N\2\2629\7Q>^\201\357_\363<\305P8\242\20\202\272\361\312#"..., iov_len=4096}], 2) = 8192
4131  read(3, "ho\30.\200pG\3\255\230y\2464\301\365 UT\3104\205\275od\207J\\[\263\\/\241"..., 8191) = 8191
4131  writev(4, [{iov_base="<\241g^\301\361\3/\r\376\341]\226|+DD?T\227\220\212\322\223}\346OC5G\243\273"..., iov_len=4096}, {iov_base="\242Nf\30\330\3203\26\234\341\"K#\216u\271\260\334\211m\16Z\336oS\7\34\0265|/\243"..., iov_len=4096}], 2) = 8192
4131  read(3, "\nR8>\344\347\357\337I\370v\351&\32\7\313\367\270\320\274\245m\252\335\210\261\314\322\237\253G\375"..., 8191) = 8191
4131  writev(4, [{iov_base="\365]`\247\241\227{)\1\263\341n\222\3307\306<~#\336\212\213q\17 \307\276\274>\331'#"..., iov_len=4096}, {iov_base="If\220\3713\f\\\365S_\231\331c\333\307\3\244\307\24V\0\200\244\355B\367\242\233\315\373J\333"..., iov_len=4096}], 2) = 8192
4131  read(3, "\362\375$O\354\37\204\0\33X$\22\0\376\343\25\223\215\273g\222\314\ve\255\201\377\340_\225;1"..., 8191) = 8191
4131  writev(4, [{iov_base="\207\236\nj\253hZ\336\322\360\265\3468A\223\271\354\304D\237h\335\234\250%\3\356\374\357\334\2466"..., iov_len=4096}, {iov_base="\253\v/\241\370\5d;x$\227b\203\231b\376\7\210hks\31R\17o\274L\260\20\377\227_"..., iov_len=4096}], 2) = 8192
4131  read(3, "c\253G6\340\371W\2\222,U~\260b\242\321\32\27\367+\207\331\250|V$_\317\330\372\310\236"..., 8191) = 8191
4131  writev(4, [{iov_base="jg\345\264\213\313\273\235k$\355\v9|i\264\2Kd!%\247g\30\262t\250I\206\362\244g"..., iov_len=4096}, {iov_base="\242\v\365\266\263\260\353\240\356\340\233\177o;\4\364\n\3r\232\34\207Bq\254\311?[\220\200\226\201"..., iov_len=4096}], 2) = 8192
4131  read(3, "\26\276U\250\32152\230C\31\v&\306H\253_\367\337\243\342\272\\\10\276\261\217p\360\304\244Y@"..., 8191) = 8191
4131  writev(4, [{iov_base="\253\344`Z\3440\223\2\334Z\327\300\370Sq~\255\177:\252#\264\361HKC/FB\"\334\367"..., iov_len=4096}, {iov_base="8OFul\6\334\17\257\265\236r\342F\273\317~\341\331\242\7\317\2066gr2\372\301)<-"..., iov_len=4096}], 2) = 8192
4131  read(3, "u\226\244`\344\346l\365\25\362<\211\327\311i\204x\271C\202\"\257\312\231\212\370\322\363,g\365\273"..., 8191) = 8191
4131  writev(4, [{iov_base="\360\306d>\f\255\26-\333\2>W\266\2328#\35o\315[s\247\367\301\372\360D\323\5\245\244\372"..., iov_len=4096}, {iov_base="\267\360oMG\332\351\332X\261d<\237\236+a>{].3\234L\24v\16\fj\327\244Z\315"..., iov_len=4096}], 2) = 8192
4131  read(3, "\244\r7\372\2153r@\215\24\304\261P~\225\336\325\237U\340\314\4\222\236\270V\262\375\304\316_*"..., 8191) = 8191
4131  writev(4, [{iov_base="<\2166yt\363\204\245\321\350t\222\312\236\371\271\304\5\221\363[\347\226n\225sO{#\304$\341"..., iov_len=4096}, {iov_base="\317\212\227\336\5\267O\364\344\312\361Tc\n\254\365xD\241\357\235\373\334v\213\7G\243\234v\354\331"..., iov_len=4096}], 2) = 8192
4131  read(3, "O\3421\16$\201\241\300\262\232@\336\251x\311D\277\232GJF\264\n\310\337\332\360\300\343\262\305\273"..., 8191) = 8191
4131  writev(4, [{iov_base="\255\257\372\324\322\300\334\217\30e\31@\10$\370\376)\222\272\232\7\r\303\360\367\232\2111*\2n\203"..., iov_len=4096}, {iov_base="\t\30.\327\270!\36\350\304\377\233\242\215i\274<\250\7\234\201\25\233\221\216'#\265\265Z\240\255!"..., iov_len=4096}], 2) = 8192
4131  read(3, "Mg\26\2027B.\v\245!\312H\f\25,_H\316\356I\216@Z\\\261Jb\35\226\263FM"..., 8191) = 8191
4131  writev(4, [{iov_base="\3038?\311\27k\32\267S\177\"\333!Xq\256\375\213\264\17L\332\337\304\3465\3570B\343d\312"..., iov_len=4096}, {iov_base="\t\236Y{\207\333\353\354rv\r\327\202K\24\211\200\316Y\21\361#2\34\325i\376\20!\250{\270"..., iov_len=4096}], 2) = 8192
4131  read(3, "\n\205\321\356\23;\303h\246\242\361\225\272X\33Z\332\373\251\362\3\3310L\344c\224\355R\326\344%"..., 8191) = 8191
4131  writev(4, [{iov_base="Y~\274XV\1\325\240\342\304\302\206(\306*\331Blg\346\337\27\224;Fe\206`\35Q\337>"..., iov_len=4096}, {iov_base=")/\226$bn:\0072\345E\v1\215\5\7\306Z?\230R\351\2347\221\370Ym\305\333I\325"..., iov_len=4096}], 2) = 8192
4131  read(3, "\312\340R\214\21#\36\261\214\2d\355\252\n\204\277_oM\2404kY\271Xe\220\343\\\354z)"..., 8191) = 8191
4131  writev(4, [{iov_base="o\232\362\200P\243$\333\342Q\356\21\"#%\260\255\377\216}CMS\237\303\250\364\32\231\335\tY"..., iov_len=4096}, {iov_base="\272\352\312\344v\17\234\374\251\240\4?\24\26h9\2222\301 \200jd R\310\371\2751\305y\26"..., iov_len=4096}], 2) = 8192
4131  read(3, "\330\370Lr(\37\3\36Il\222\314\201_9K\3062H\22\340\365\362\222^\211\254{j).;"..., 8191) = 8191
4131  writev(4, [{iov_base="\179\317R\2120\353\t\205@\215-\266\215r]#\250\31)S\237\236\366\345\315oN\367\203y\326"..., iov_len=4096}, {iov_base="\370Y\273bP\240rq\303`\341R\374.\236+\333\367\233\263\340\252\356\254\375N\35F_\247\323\367"..., iov_len=4096}], 2) = 8192
4131  read(3, "\232\270\10\253Zv\363\35\17\276\33\3Y\225\336r\303\222\360\324\0~\311qO\361gDtBU7"..., 8191) = 8191
4131  writev(4, [{iov_base="[\2731\"(k/\217\377\253\374\377\327J\311\2\372\314\362)\237_\205\361\241\371V\27\223\2068\22"..., iov_len=4096}, {iov_base="\366\22\347\364|\340\343\244\3L\0t\335\263\366\265\2348VLXD\211O\361\10\7R\374\260B\262"..., iov_len=4096}], 2) = 8192
4131  read(3, "q\226\7DSt\265\336\30\233\373\356~\23\307!\302)\346\236h\20\2679\206\255E\24\0e\371\255"..., 8191) = 8191
4131  writev(4, [{iov_base="E=\255\312\205\315\276\25C\303\26S.M\353 \330\240\204i\267\36\321K\24-\217(\275\372b\304"..., iov_len=4096}, {iov_base="\1\234\315\231\30Ju\373\206yrRS\367\227G\320\324\20:\335{z\244\355\24\371\332\312\v\316\353"..., iov_len=4096}], 2) = 8192
4131  read(3, "E7\220\255o|R\377\363\216\336p&);\25\f\21\202\235\1\207\37\337\262\254\206\232{\257S1"..., 8191) = 8191
4131  writev(4, [{iov_base="\207Q\7,&\324\1\257\320)\235\24kx>:\325\314\341\20\273\250C=\335]UH\267^\302\361"..., iov_len=4096}, {iov_base="\264\272]\311\242\263R\16\275\1\3028@\220\350\272\276\374\354\340V\353T[\357\343\354\355\21?r\312"..., iov_len=4096}], 2) = 8192
4131  read(3, "\364\37Vw\220\353\301B\341\v?W\301E\346\25x[s\230\300\20\254\352\361\30\2415\177\372\353n"..., 8191) = 8191
4131  writev(4, [{iov_base="\361\314\352|\177C R\243>\357\332\363L\247\370\225\321\214\306)\321~\274\300G\355\366\250M\332\305"..., iov_len=4096}, {iov_base="RHbf*TX;j=i\217\21\20\35\233D\275\214\224\363\260`\204\33s\255\210!K\372\277"..., iov_len=4096}], 2) = 8192
4131  read(3, "v\6\333G\265\364\211\213\20\370p\24~\376G\21@\322\333\325.\276j\252n\377\361\254\332+\24C"..., 8191) = 8191
4131  writev(4, [{iov_base="\236\335s\37\353\22\240\335:\3279q\245\347\267\360\316)\346O\332\364+A\372\360\372\221\264T\37\357"..., iov_len=4096}, {iov_base="Tx\3108\254\342d|\362\320\251[T\213+=\331\263\234\224\212o\212\317P|\3653\263\313\223/"..., iov_len=4096}], 2) = 8192
4131  read(3, "\301\206\216\270\201\377\323\270\320dG|\3521\24\1\304\225S\306\351\255b\10\301\377\376\v\311\247L\264"..., 8191) = 8191
4131  writev(4, [{iov_base="`9\\p\2765\1\333\275_\313\35\230\0267\270\244\1i\210O\177\260f\327\3`S\2348\263\33"..., iov_len=4096}, {iov_base="\4\223e\333\361\260\317f\0f\24\370\272\232\326\231\373\232\331\204\232\215z-\236\2v\252\246#\351\251"..., iov_len=4096}], 2) = 8192
4131  read(3, "\4\10\261\222cE{\304\244\311\260w\33&\362\262\237\272i.\364\37\267S\360E,\313!\220\225\356"..., 8191) = 8191
4131  writev(4, [{iov_base="\f\362C\364\302\374\301b\316\267\270&\310\377fe\351&\35\240\362\216\376\316\301'\206\260_\n*\275"..., iov_len=4096}, {iov_base="\240\n\1\0347H\3749\245\211\"\262\237I\232\340\2262\311\2309\352\243T\16\204'\231\335\7\261\251"..., iov_len=4096}], 2) = 8192
4131  read(3, "\344\256\313\21\361\353A\345\333\370\215\23.\274\20KC[\274r\nq\322\272\337p8U\35\266\345&"..., 8191) = 8191
4131  writev(4, [{iov_base="\326V^&(\vO^6\341\251\3a\245\316\221-\2100\362\210<\21\31B\200\336=\17\272\357\31"..., iov_len=4096}, {iov_base="y\341\302&g\260\250\323]\6\343\341H\2\331\333X8T\244\t\37\361\253\342\\g\20\265\315\321V"..., iov_len=4096}], 2) = 8192
4131  read(3, "\244\347\355C?\272\337\335\2379\220\242\215\22\334L~f\367=\3621\377\343\231\r_\250\254\236\277\272"..., 8191) = 8191
4131  writev(4, [{iov_base="P\35\314\f\314*5\220;\300\370\331\0\344\26,\7\217\221\265\212\2\5L^+L\31\0\346\363\330"..., iov_len=4096}, {iov_base="\336\370\242\373\313n\352\332\5\2\342\230\236\373z\366\35\271\247\241S(\243\302w<4:\377\345\201\365"..., iov_len=4096}], 2) = 8192
4131  read(3, "x\371\225\215\37\243y\346\244\267U\270\231\244z\242\210+\236y\27\331\277s\3328#3@)q\226"..., 8191) = 8191
4131  writev(4, [{iov_base="\354x\"\364z\201(xC\223\37\n\375\241\347\267z'\220\263\f\274:8\243Q1\223n\31\0371"..., iov_len=4096}, {iov_base="\10\2043\320\32W\326\244xb\243\323\244\2a\262\353\256:\246t\215\313\261\352\265r\354\211LE\377"..., iov_len=4096}], 2) = 8192
4131  read(3, "\tQ^*\373\t\7\2525\235\260\17\202\216\326 <\303{P\361y=\302\342\10m\347\32t\30+"..., 8191) = 8191
4131  writev(4, [{iov_base="\23\20f\342\201\315\317\326(\355T?\371\220L\357j\3\226\216\320\201\214\34\f4v\327\257j\244X"..., iov_len=4096}, {iov_base="\352g\335\365_\373\3\304\373\277\21{\312`\25\6\36\7\262Fq\206\361\10\323D~\305@\34\310\324"..., iov_len=4096}], 2) = 8192
4131  read(3, "'\272\211\337*\365\206\203\321\207\371\204\355\2447\31\223\240\237\2076\")\212\232\357.Qn%\365\331"..., 8191) = 8191
4131  writev(4, [{iov_base="\302\r-\177\302\305\312\222\332\fm[\362e\337\344\317\365w~\311\21\rK\374~\271\322\272\255\333\273"..., iov_len=4096}, {iov_base="\340\223\2202ay\21\275\304\n9\245\225\270\347db\304!}B@\253\0276D-\340h\262l\241"..., iov_len=4096}], 2) = 8192
4131  read(3, "#Bdh\244\"\4Z\261X\334\246\341\320!L\1\323\226W\226O\222(\352\303\301\24\365\316F\333"..., 8191) = 8191
4131  writev(4, [{iov_base="\370\211\245\341\17\270\200\223*>\222\233%\237?\210=\372}M;\2366\235\0~\275\215S\243?;"..., iov_len=4096}, {iov_base="\347\335\367\n\ny\265x \v8\3408\20\320\276\241\346^`\201;d\303j\335y\277\216r\214$"..., iov_len=4096}], 2) = 8192
4131  read(3, "\315\213\364\5/\373\nbK\"g\203\337\373\214@\301fi\242\226\263\27\244\216,\343\211\253\242\t\311"..., 8191) = 8191
4131  writev(4, [{iov_base="x>\233!b\201\264%A]\276k1\252\225\300\217GD}\363\256@Z\216\273\271f\317\201{\262"..., iov_len=4096}, {iov_base="9z\3749\221\370!\366\310\367\317m'<kh\3536+U\313\275M>\r@\241\361\273H\244\v"..., iov_len=4096}], 2) = 8192
4131  read(3, "4e\342\0163e\315\205\tQ\204\251\252\340~*\223I`\21%A\347/\231^\342\261\206\311]\7"..., 8191) = 8191
4131  writev(4, [{iov_base="\257c\355[\342\242\325\302\355\307\200\333\37{\\\201\262\313\323;\35\323\\/J\22@\rs\3\331\251"..., iov_len=4096}, {iov_base="k.9\357\25$\311E\211Y\200\360\377\17\265T;\300\323GQ+U\334m\217\302\273\354\354\2573"..., iov_len=4096}], 2) = 8192
4131  read(3, "\177wP\242e`'\22W\31\3408D\32M\"c\245M/Qo\266D\2643\227\35\230\361'\373"..., 8191) = 8191
4131  writev(4, [{iov_base="\367gA\355\26\361u\252\20\351\370\316\212;O\26\356&0=\3\243\21\23\336pf\10\32\366-\225"..., iov_len=4096}, {iov_base="\242\201\342\27\37\"\7@b\6\256\205\265\377\236n\265pp0\4\ty\267sS\177%\240-~}"..., iov_len=4096}], 2) = 8192
4131  read(3, "\277\4h\t\353\253lu9\277(h*\317\332\365\36DU\30\376;\261\234\365\3\376n\7\230;{"..., 8191) = 8191
4131  writev(4, [{iov_base="B\254t\324s\211\6\273\3\1\220\257\244kj)\270\315J\271p\306o\333\203\276.\332\36\261\252\32"..., iov_len=4096}, {iov_base="~A\2GP\217\351\230\272v\271\214=\36\347\375`\"\37\310\263O\227\213\374\277\305\36\26=\16\242"..., iov_len=4096}], 2) = 8192
4131  read(3, "^\211\r(|_\\x\256\351\351\343|\237\336\330\266\270sG\244\307GNg\270\331\5\322w\340Q"..., 8191) = 8191
4131  writev(4, [{iov_base="\331}\37R\34\214\32Ji\27\270 ?8\4\260 \342\215\302j\246\242H\277\276Y\242\314P$\211"..., iov_len=4096}, {iov_base="\216\0075\277m\211\354\221IGrwd\252\23\3323}\270\3143'e\243\2\370\353\200\205\327\363\265"..., iov_len=4096}], 2) = 8192
4131  read(3, "\37}o\255*\373\204\233J\2110\356f\364\354\242\21]\316k\311\364}'\322e\2701\370{\23*"..., 8191) = 8191
4131  writev(4, [{iov_base="\242T\214WE \365$y*U:<d&\"\22\177\21$2\2730W\343\315\357#\362t\242."..., iov_len=4096}, {iov_base="$\300\3751\346\207H\355\3Om{\1'mA\256\261q\243+\n\261}\3606B\245`\324\263\330"..., iov_len=4096}], 2) = 8192
4131  read(3, "x\266\2600W\355&\1>\211\312D\21\217%\356:\21\301\27\235L\20\255\311\230t\320\216\3717\270"..., 8191) = 8191
4131  writev(4, [{iov_base="\372+\0Wm\\\242\223x\322\227\307\331M\323\251(%\214\304\312\246<\224f\3370g\4\376\f\257"..., iov_len=4096}, {iov_base="5\315BfF\325\35}\341r\205\232o>\250I\352\304]\374\325G2\300\3\345\224\345\373\231\216\242"..., iov_len=4096}], 2) = 8192
4131  read(3, "5\213`\32U\361\352S\332\3334\342\0361\350\252\f\n\265\226\212\373w\332\263\203\362K\217_\323\4"..., 8191) = 8191
4131  writev(4, [{iov_base="x\321\16\260\336\303\274\326JH\320\264<\373amI\346u\304`\262B\257PMkO\223\337\316\204"..., iov_len=4096}, {iov_base="\371{\1\253\343\6\304\266\245w\3\203\2250tH4\364\356\33\16}\203\304\222A\0310{\f\330A"..., iov_len=4096}], 2) = 8192
4131  read(3, " \363\7\222<\nUH\344^\10\342\200QZk|b\275f2\236#7\33\244\243\343\vD\2374"..., 8191) = 8191
4131  writev(4, [{iov_base="~\230\230\330\325=\n\231S\200\310\263]s\223\270\241\20g\30\314\204\355Q\231\262\224_$\243\35\330"..., iov_len=4096}, {iov_base="\24\31\24\1\273iS\364\252x\357{\343\331\345\17{\263!\7t\34\7\231\352\315*:\255L~\326"..., iov_len=4096}], 2) = 8192
4131  read(3, "\vSL\204:\36\364\217\326\r|5\263v\311Ha\260\271\3\233u|\263\300\357\335d\224\23\307\334"..., 8191) = 8191
4131  writev(4, [{iov_base="(\264|4!\342\253dV\241J\336\203\210\210\232\263\2577\245\22R\347\310\314\346%\252\35\326\217\364"..., iov_len=4096}, {iov_base="\331]\271\27\10\260D\356\210\230\355\203\351\7\2462\234\5\234\t+y\361b\326B[Lm'{\303"..., iov_len=4096}], 2) = 8192
4131  read(3, "\221Ml\3367G\266\211@cr\326\2301\235\356Z\233\3044R`\371YL[=\253S\365\241g"..., 8191) = 8191
4131  writev(4, [{iov_base="\330\v\267\236:\314_\"\262\331\3062]i+EG\365@\30\213\353\257`\t\3O0&ns\7"..., iov_len=4096}, {iov_base="?\227\240p\361mk\237\273\346\371\\T:F2u\270\2\177\3517\216\213\301Z\34\356%\205\254\f"..., iov_len=4096}], 2) = 8192
4131  read(3, "\31\311\216\347\254\365\3073v\202apL\274X!$w\215\217\362\202\352R\3730,\305\232r\346R"..., 8191) = 8191
4131  writev(4, [{iov_base="q\227\203:\253\214\310s\31VL\354b\222x\301\243\371+\255V\276\305\247\351\315\255\364\225c\221\267"..., iov_len=4096}, {iov_base="\264D\346{\322\220\261\346\313\247K\235\344\314j\224SL\370\364If\3\324\320\221\321\2231(\331~"..., iov_len=4096}], 2) = 8192
4131  read(3, "wm8Y\f\233\226\254\304\331\4\"n\243\276F\255\241]=i\326\263\225\4\253\211m\307\260\7\223"..., 8191) = 8191
4131  writev(4, [{iov_base="\316h\214i\234\22r/|'\251j=\314&\256\205Ah\277\363\256LJ9\16\6-\217\204\334R"..., iov_len=4096}, {iov_base="\32F\203U\1\240\360D\215e\26\360j\322\317\23`\203\242\342b\374\276\371\265N\311\35\10\246\376\333"..., iov_len=4096}], 2) = 8192
4131  read(3, "2#A\363!\273\346\21&\32\"\20\337(Z\314f\217\fQ\330\10\360\210\343s\323{\35}\365\0"..., 8191) = 8191
4131  writev(4, [{iov_base="=\263\374s\352\23\223G\314\313W\202pk\315\250\233\347d\32\16$`,\30\345\274\v\254\315\354D"..., iov_len=4096}, {iov_base="n\240\366\5\r%\30Ae\223\35\246H\375&M\f\32L&\300\277\347\227\336\223xP\277\332W\336"..., iov_len=4096}], 2) = 8192
4131  read(3, "\377`7\\\236l\v\250Xcu%\341*\344\336M\243cH\3e\f\344\n_\267%v\235\236\347"..., 8191) = 8191
4131  writev(4, [{iov_base="\376\251\246k\1\211@\210\7\33\301\344\314\\p\362\202\26\266\324/)h8v\371\326\267\373](\301"..., iov_len=4096}, {iov_base="2P\16\300\331\31\241[{\316\230\0\237\275\24m$q\251\24\212\2757\214\17gA\fh\37~p"..., iov_len=4096}], 2) = 8192
4131  read(3, "]\341O\307\330\234F,\212\273^\211\344\365\244\347\371@\22=t&x;\273\207rQ\353:/\306"..., 8191) = 8191
4131  writev(4, [{iov_base="P\305\233\223\340e\250(xz\240\20\314;\257D\222\374\305f3\256#\33\22\4\r8\371\224\205\215"..., iov_len=4096}, {iov_base="!\347'\27\220]\376\257\351\345\223E_\257W\264\211\225P4\276\321h\306w\23N.D\36(K"..., iov_len=4096}], 2) = 8192
4131  read(3, "O\305\255\234#\344f\2\214\2275\273\272(\265\232\233x\361\272\v\306\224_\217`/$\252\355\337\1"..., 8191) = 8191
4131  writev(4, [{iov_base="\22\322\17\351\246\v\254Kp6\10N\327q\30\20<9\351\302_\321\360\24X\361\316/\310\275m\213"..., iov_len=4096}, {iov_base="N\25\302 \210\31\211\307\231\\\323\314\206M\313\323\240\204\262\277\233 \212\255\34\366\0301\23]\320\277"..., iov_len=4096}], 2) = 8192
4131  read(3, "\253\377N\234b\241\0044~\25\265\277\306B}\344\235\2\3461g\267T\271\355\1\375K\316\270|\317"..., 8191) = 8191
4131  writev(4, [{iov_base="v\231\220s\327a5\277:\242\315\230\365\351\16+\232HTZ\23\267\326\232\37b9I[\16\333 "..., iov_len=4096}, {iov_base="\355z\377V\242-\264\v\221\227\237w|\35EfW\360\260\36\273\377\315*\264\224(\367<\204\257%"..., iov_len=4096}], 2) = 8192
4131  read(3, "P\3\37\207w\243 ;\216\246\354\310\254\220#M\254v\370\363OD\304\200\377\215\354\240o:y3"..., 8191) = 8191
4131  writev(4, [{iov_base="4\367\31\213\26\210\3767o2|f\"(\327\223\222\344\262\223\210\273\361s\325H\24V\243\353\376C"..., iov_len=4096}, {iov_base="hJ\301\217\336\220\325zL1\337;\310\27\334\372\202\20\275U\251\312\306\204\215c\f\221\214\32\320\262"..., iov_len=4096}], 2) = 8192
4131  read(3, "\331\277\2\341\316C\363\246\21\276\307^\263\r\331\3175\226(\213\376\306\333\251\320$\356k)\6\301\203"..., 8191) = 8191
4131  writev(4, [{iov_base="\t\35$\177\312\330\342?=\201\37mF\340\247<\252ob\251\243f\234\277\342\300\375M\243\224\316\35"..., iov_len=4096}, {iov_base="\"\267\304t)\326)\303\5\256T\260\224\377{\271)\357n\242*g=G\247\361\233[o\250\r\334"..., iov_len=4096}], 2) = 8192
4131  read(3, "\211P6\2434\210\20\345~W2\5(xg#\21\6\0<A/\333\232\0262\316\263+\251\233["..., 8191) = 8191
4131  writev(4, [{iov_base="\ndL\306X\246\352$4,Z\211\227,\277\336\364\304>\300\22QG\252\37\345\355\275N[K4"..., iov_len=4096}, {iov_base="\300\2\203\346\355\321r\226\373R\300qI\352\332C{[s\37?\253}\327\240Pd\372\222,\22!"..., iov_len=4096}], 2) = 8192
4131  read(3, "\347\313\235$|\300\310\fx\330\332\3538\262\263L\235\27\17W^&f\314\354k\317)x\244\360\313"..., 8191) = 8191
4131  writev(4, [{iov_base="[<\336\7J\255\321U(\265\312\374t\r\0A7\313n\201\375\213\204\227z\277\266\225\244:\\p"..., iov_len=4096}, {iov_base="\370\f\33\226\263T\220F\264k\3772F,\255\223\4R\375\255T\32;Y5\304\34\26\\`\233\6"..., iov_len=4096}], 2) = 8192
4131  read(3, ":\276ZdwJF\240\273\264\214\272G\26Z\275u\313G\\\367\375\31\367i\263\3\275\353D\323r"..., 8191) = 8191
4131  writev(4, [{iov_base="\317\341@\"\272KW\257n\242\202\t\17\256\5\230%<\233\21\307\fb\202\337\236\230}OY\261 "..., iov_len=4096}, {iov_base="\325=A\211\23\234\311^D\0\355\30\222og\f\30\346\5\260i\fA\220\205\330\256bu\347\340\376"..., iov_len=4096}], 2) = 8192
4131  read(3, "|\261\27\21\377\360\177\376\214\214\2013%\337\v\37\274\207\246McO\37fz\177\277\205\310\3{."..., 8191) = 8191
4131  writev(4, [{iov_base="7\234\25}\347^\331}\214G\352\226\360\334\36X\246\330\17\336\31/H\34F\22\306#\340H\342\315"..., iov_len=4096}, {iov_base="\371\226\5\352\311V~\0\273\326vQ\226\357=\10\342\251wD~\350>o\230\270\216\n\231}<\234"..., iov_len=4096}], 2) = 8192
4131  read(3, "\323\277\371\235\0302\221\336\216\363i\341\351\311I\n\27\331\236#\262\232v\273\16gc\3670\375X\245"..., 8191) = 8191
4131  writev(4, [{iov_base="v\314\262O\361\273Ts\226jH\23\341\34\356=\230\311\274\35*\237t#\235]$\270\306\362\314t"..., iov_len=4096}, {iov_base="\0\20\314\201\317g&5u\300\246\362\302\265\v3\31\3128>H@\215\f\342\252a&m\224.|"..., iov_len=4096}], 2) = 8192
4131  read(3, "n\204h\2\235I\2050l:\254\327|Jf\300\355p\303\21\1\275&\226\f\3074\4\260\7\36\30"..., 8191) = 8191
4131  writev(4, [{iov_base="\266\270\25\26F\343&\30\216.\336Q\306W\263\6\2\21#{\336\310\24QE\200%rvM\304\365"..., iov_len=4096}, {iov_base="R:\25\246\255k\207\"r\21\340\32=\350W_)1S1\fC\314\3\227!\322\242\22\371\276\336"..., iov_len=4096}], 2) = 8192
4131  read(3, ">\200\371!\352\310\207\27@\376\261\v{\205A\270\244\225'\311Xv$5\330\366\32\267GW\32\210"..., 8191) = 8191
4131  writev(4, [{iov_base="]\270\314\324\307\234=\230\37j\324\327\366\210\266\376\\\330\273\214\323\245\340\316\265\220\310m`\240{e"..., iov_len=4096}, {iov_base="\302\325\177\362\376\351\234\0>\201\230\23\204\235\207\304\78\262\27\251\313D\255k\nrZ\203\247 O"..., iov_len=4096}], 2) = 8192
4131  read(3, "\377\250z\355s\334\30DJ\5\20\272m\2245Z\216,\312\326\374\201 \302\375\273\244\254G\331\375%"..., 8191) = 8191
4131  writev(4, [{iov_base="\341e\254\323\262\27m\265\224\253xy\236.}_\345\344d(\206\10\343\vV\342kd\24L7\210"..., iov_len=4096}, {iov_base="\205\363@\350\365\6\32\334\366\327A\326\331\346\30\25\240\363\204\325\270\264f\245\220lX8\314MR\322"..., iov_len=4096}], 2) = 8192
4131  read(3, "\366\315<\re\213\\q@!\236\346\330\310[O\362\21q\244\251\340\0105\267\321\177k\3332T4"..., 8191) = 8191
4131  writev(4, [{iov_base="g@\242\n\372D\240\331{m6P\234\335J\317p\371\6\225\30\374c(C1m\372\22\334\23\234"..., iov_len=4096}, {iov_base="\263[\20\247S\362\0\260\277\357V\274\327kS\267\235i\235#\370\\\326\345\374\253\214CX\332xi"..., iov_len=4096}], 2) = 8192
4131  read(3, "\0021x\32\231\357M\370&\215\225\204\267\240a-t\214\\\371q\355\250\256!\31\326~\177:\221%"..., 8191) = 8191
4131  writev(4, [{iov_base="Z\232\264\212\36z\320Zu\307\245\f\6k\25\10\260<\2165\3374\224\35\331u\344)q\307~m"..., iov_len=4096}, {iov_base="\365\365\224\227\310\274}X\245\t\311\"D\222\211\26\204\250s\7\263,\21:,\207\325\352\224\324\301'"..., iov_len=4096}], 2) = 8192
4131  read(3, "\201C\373\230\273\203\375Da\302\256q\354\0106)\313\1t\257\234\237\352C\264\16\275\226n\320\310\202"..., 8191) = 8191
4131  writev(4, [{iov_base="}\231X\356A\3120m\214\263z\303\215\306+H\334\3513\n\377\24\354\341Yz\3618\3723\35\237"..., iov_len=4096}, {iov_base="\341Gr\31\350\320_\315l;\30\23\26\307!&n\230Y\4\263^g\276N\211\267\254\255\342\2776"..., iov_len=4096}], 2) = 8192
4131  read(3, "-J\33\"$W\251\201\345#\3164_\244\2\241\366n\246\360&B\f\323\252#\177\24\27\316\365\310"..., 8191) = 8191
4131  writev(4, [{iov_base="!\245g&\203\363\327\306\303\340\1\236\247\22Z\306S{@+\330\377/K\365 \224,\r\300\336="..., iov_len=4096}, {iov_base="\367Rz\316\264\310\267\255=\205V\312\225?\324\312\n\333\237k\6Z\347kAa\4\5m=3\340"..., iov_len=4096}], 2) = 8192
4131  read(3, "2|*\5`\233(\4\304\10e\211\256j\201D{|\340=Q!\0Q\364DA\0041\332g\364"..., 8191) = 8191
4131  writev(4, [{iov_base="N\304\276\360u\303\320\315\351\271Xi\tD\335y\257\275\351\314.\37\351\317\211Bs\274/\233\317!"..., iov_len=4096}, {iov_base="\221\325pA2\2554\2259*\20\272\302j\305\226\321y\22M$\341\307\243vY\307\225\1\311&\36"..., iov_len=4096}], 2) = 8192
4131  read(3, "\223d\310\315'\215vB\24q6Z\364\274^\205\271\302\17tBQm\31jbI$\216\237\232O"..., 8191) = 8191
4131  writev(4, [{iov_base="\223\233%C\332\374\35\204n8\32G\376bg\3xsrylV*4\330\367\10\356\352pqI"..., iov_len=4096}, {iov_base="\2226l\234\310w\6\344\243\30\260\371\366\"\221\340\257\262\202fn\271FqM\271\333&\333\221\366k"..., iov_len=4096}], 2) = 8192
4131  read(3, "\25\373\35\365-\371O\33\337Ti\253\3366M\230\361\223|h\21\360aM\4\226\364\367K\2738\24"..., 8191) = 8191
4131  writev(4, [{iov_base="\367\262g\323\0\240\1\vw\31\213\311a$|u\3/\216\"S\374\242a4FIG8\325I\200"..., iov_len=4096}, {iov_base="G\346\346\202&\311\373\306\314T\266i\355[9\216d\261\303j\242\17\274\215Q\365\340\356.\315\360\21"..., iov_len=4096}], 2) = 8192
4131  read(3, "KmL\256k\247w\243\2606\211\350\262Oz\340\227L\276\256\307\360\312\32\32\20\340\266wG\23x"..., 8191) = 8191
4131  writev(4, [{iov_base="/\330\307\343q$\210\345\3059\31\324\242K\351\227\370\264Zy#an\223\10\363\355\255k)&\16"..., iov_len=4096}, {iov_base="\"\273U\311\17\326D%)3\2\16\200\205T~\227\275H+UV7\214\265\234\356\6\31{s\23"..., iov_len=4096}], 2) = 8192
4131  read(3, "\355\267~\320\326\"\33\251f?\10q\375\307&\277\203\332EM\333\323\353\334\323s\4\305)\223\311h"..., 8191) = 8191
4131  writev(4, [{iov_base="\223\217\330\210P\246\213u\260N\2225\210\262\357^\224\327\250\322t5SI\33\275e\255\3B$\2"..., iov_len=4096}, {iov_base="\320\5\306d5'?\315'S\363\201M\34C\310,\237\210\261p^\24\211\22r)\265&\302\34Z"..., iov_len=4096}], 2) = 8192
4131  read(3, "+/\316\237\310U#O\353\3255#\3\25\\\337\0|\314\342\331\205\365f\314\341\24\371\343\355\233\323"..., 8191) = 8191
4131  writev(4, [{iov_base="\314Q\232[\315\371\300i\300\221\1\364!\300\2\r]\250|\334\336!\375\362\373\2326\351\305Kn\322"..., iov_len=4096}, {iov_base="8\365\300K\236\r\7\325L~\22\212\303F\270\253\244j_\201jy>h\261\321d8(Q\315\217"..., iov_len=4096}], 2) = 8192
4131  read(3, "\344\246u\3\247\33\247.},E\272\237\35cU,'\26\257K\205ah\0\277n\212\324\301\310u"..., 8191) = 8191
4131  writev(4, [{iov_base="\23\vJ\360\350\220\n\f\271z]\314\322\350\346\304\242\315HT5:\301\307\351\241\306\300\202\3202\1"..., iov_len=4096}, {iov_base="\30^\240C\200%\272\214Z\277\f]\303\313?\272\364\177\202G\v\275#\4a\312.\250\315\311t\\"..., iov_len=4096}], 2) = 8192
4131  read(3, "\32\210qK\342\263\376\3672\334R\200q\325s!\346\366\254\33+g_T\341\333\10\5K\201\364\272"..., 8191) = 8191
4131  writev(4, [{iov_base="\36\341\340\22\247\202\332\347\245\263\343\207\357\344\232\372q=}4/h8\21\312+\202\344\250,\376\177"..., iov_len=4096}, {iov_base="\352Su!\263\212S\32\362*\250>\341x$\264\275\257\304\335p\200W\357\223b|1\361$j\340"..., iov_len=4096}], 2) = 8192
4131  read(3, "\255\30\250\3605\221\24\344d\220o?\216\253f(\237SpH\233\230\242\2{\224\223\274%\356\5$"..., 8191) = 8191
4131  writev(4, [{iov_base="\223\276\302XH\256h\351\205\243\273\236\212\rV\27\251Y\351\307\354\0074\315$\217p\261\t \261\241"..., iov_len=4096}, {iov_base="EB\310}\221\223w_\312\257N\210B\362\240,\225)\255*\3357k\31\313}\300\3\17\323\303\255"..., iov_len=4096}], 2) = 8192
4131  read(3, "\6j\232\5\276\20\2327\217\2540\243i\4\310\271\276\33z-\26\322\211\\DV\3352\n~\311\371"..., 8191) = 8191
4131  writev(4, [{iov_base="\323\320}\26\222\332y\365\1'{\374J\360[\23\0301|\314\356\373\337\21\201\341\251\353V\207;}"..., iov_len=4096}, {iov_base="\fO\275]w\234Xt\7*\34\265\177\201 c\332~\214.\2224\347\216H9\2174\333A\251n"..., iov_len=4096}], 2) = 8192
4131  read(3, "\361't\210\5\234\242\225\253\274\272b\235J\276\251W\3550\222\272\334\2\335\353\t&d6&\346A"..., 8191) = 8191
4131  writev(4, [{iov_base="\242$\\\233\\\355\255\236\205\333\240\206\272\276\37\344#\322r\206\371\36m\320\216\270\273\375\26\201\232A"..., iov_len=4096}, {iov_base="\217(\325\"\206\234-\365T\302L\f\241\30}\301CLT\213\363O\23\206:\236i(\3_j\366"..., iov_len=4096}], 2) = 8192
4131  read(3, "\367\317.h\6\35\302\372\206\23\362\353\373\234\275\375x\320\4\201\322\2162\366\301C\223:5\7\330\222"..., 8191) = 8191
4131  writev(4, [{iov_base="\2406v\274\345m/\321G\272s\214?\356\223\202\1\276L\2603\272$G\30t.\340m\332\354\246"..., iov_len=4096}, {iov_base="\3772\275\6\371\331\37\360B\251\nq\300\300\262\33\242<\220s\341/\t'\351\277\362W\362%\273-"..., iov_len=4096}], 2) = 8192
4131  read(3, "\6\246\276j\215nv\21\263N\207\242\204ti#V\320\31\32\3515h*\246e\37\227\214\4\35\177"..., 8191) = 8191
4131  writev(4, [{iov_base="d\235\307\354\322\247\377\376\215\233\316\225\234\5lL\322P\267*\326\216-\220\370\3560Sn9\260`"..., iov_len=4096}, {iov_base="-\340\217Z\375\214i\341\242\307\1\227\357C0\200\375\350\3429S\375\256\223;\210#\215\30+\302="..., iov_len=4096}], 2) = 8192
4131  read(3, "\377\334\370\333O\332\371U,\34\276m\223>\n\253\250\320\246\303\324#\25\3454\264\370\200B]\314\\"..., 8191) = 8191
4131  writev(4, [{iov_base="j\304zi\"\362\367\33\224\347o\322S-\307\344}\3 \32=.g\2206\332\227%\312Q\374\225"..., iov_len=4096}, {iov_base="\210;\r\327\255(\357\20\2565\244W\34\326\320t\260\370\242H\225u\10\31.=\36$\10\210\234\243"..., iov_len=4096}], 2) = 8192
4131  read(3, "$\245B\264\264sL\32\375\347\20\3107\247\303\242\4\237}3\341\266\32\360\221z\222`D\10p\242"..., 8191) = 8191
4131  writev(4, [{iov_base="\3112f\274\346\216\337Ju\2K\0\361\22\354C\24\20\220b\314O\376\306\340y|-\374\270jQ"..., iov_len=4096}, {iov_base="\244\317\274{x\203\346\272P\24\376\375\273J\217?\265\255\313\302\354\376\313\24\371\305\361Q\333\355\21b"..., iov_len=4096}], 2) = 8192
4131  read(3, "\33\357\315j*w/\247dN\363\270\334\27\36\3543\337\230\254\332&\300,\214\327\177K\222Gh\215"..., 8191) = 8191
4131  writev(4, [{iov_base="\262Be\327\230\266s\5xv\"\206#,yAx6sW6*\306\3403\330\34\255$B\342^"..., iov_len=4096}, {iov_base="\37\244\364\332\1\16\3349\212^_\2256{\316\212H]\231\265Z\337\212q\340\\\363f\351\203\346\346"..., iov_len=4096}], 2) = 8192
4131  read(3, "\267\231n\330\177\217\267k]D\235\363#Bn'\n\232\325\2\364\250\246k,\334q\340\350\370\243\214"..., 8191) = 8191
4131  writev(4, [{iov_base="\276\21757\303\2\256\0;\334b\213\204\21\322;\362\343\322\213\261V\314\36\321\26D\262u%\25\317"..., iov_len=4096}, {iov_base="\263\7\316 \204\247\34(\35\237\301\16k\206\3671\r-\331\320yy\217c\364\331\365\4\252\261\272\24"..., iov_len=4096}], 2) = 8192
4131  read(3, "ly\33\234\220\246\225&\251(K\273\342`M\177\215/\277\26?\0066P\341\240xf\2256\177\244"..., 8191) = 8191
4131  writev(4, [{iov_base="s\375 \324\33\366\246R\240$\251[%Z\302\252\213o\246\fm\237\256{\10\310\367J\316F\331\3"..., iov_len=4096}, {iov_base="(!=\4\250v\275V\247\302A\213-\257\225\236P\352b\213H\275\341\356\376\276\34A\331\375\344t"..., iov_len=4096}], 2) = 8192
4131  read(3, "\200\300\223\346\257\21\4\3D/l\332=Uhq\372\347i\265T\357\207\35Q\221\371A\324\271Y\207"..., 8191) = 8191
4131  writev(4, [{iov_base="\246\363\366\37f\323\366\277\262YW\372f\16\30f\35\317\342\314y\243\244\267(\357: Ejnj"..., iov_len=4096}, {iov_base="\244\271\274\366m@\17t\241\3561\314M\264=\200\371\274B}7l\365\27x\354\206)\203\352\16\265"..., iov_len=4096}], 2) = 8192
4131  read(3, "Q\307\327lfB\207N5\241\275n*7\271\35\365\23\34X\301\320\262\5k\376\36C\t\4\332\300"..., 8191) = 8191
4131  writev(4, [{iov_base="H\367]\3321\225\220)\321\314\322b\200\266\207N\315Y\27\366\367e\346\t\255\213\335_\306`\356/"..., iov_len=4096}, {iov_base="\225W\"A\325<b9\3005\345\7\257=Ik\204T\230\244\314\276\220\255\311\352\334\254\352\314k\315"..., iov_len=4096}], 2) = 8192
4131  read(3, "\206*\215\326\230O\343\325;\250Ri\17f\37\271\356\266e\336m\307\344k\300\17\27\372\376\273\275{"..., 8191) = 8191
4131  writev(4, [{iov_base="\250\220\25!:\202\252\230\37O\213\324ou9\207\243\4\374U\3471b>\ra\21\201\261G\365\210"..., iov_len=4096}, {iov_base="\218\370\222A[\247\333\2649\226\370\254\225\36\363\f\332\302\17\335\330\6+\35\0204\366\255\310V'"..., iov_len=4096}], 2) = 8192
4131  read(3, "\r\325N\354_\254%\tp\1\314\30\227\317\37(\204\375\315m\2603{S\3359\214\231\302\277B\260"..., 8191) = 8191
4131  writev(4, [{iov_base="\2604\v\246\371\332Y\3255\277v:u\267n\371\305\f\206\10\331\273\254\264!\177M\261\34\33\332\274"..., iov_len=4096}, {iov_base="1\\'<\1!gZ\2\237\270\231(\237\206\364\2\201\240\317\274\305\321\230\4\230cn$\22\275\213"..., iov_len=4096}], 2) = 8192
4131  read(3, "\370\353\244\357\324.\24)\4\204@\223~\203a\326}$\0\17\205\31\236W\221\25\16\304\243\36#6"..., 8191) = 8191
4131  writev(4, [{iov_base="B$i\247\245\250.\361{\257\260\245\351\7\370\251\230\317F\206\330\331\2279\320\26\206\316E\356\255\3"..., iov_len=4096}, {iov_base="\0163\23&Ql\211[\343\330\245s\222\354\255\335\205!0\250\261\356\261\255\261Q\224\217\312:\354\246"..., iov_len=4096}], 2) = 8192
4131  read(3, "\234\342{O\340\356\306\351Y\224\226\310\327\7#\22\255\355>\32339C\32\201lb\374\267T\256\354"..., 8191) = 8191
4131  writev(4, [{iov_base="\31\374\321\301\206\222\224=\275p\7\237Z\321\f;\234\226\237\330\3745\257\3370{\266\202L\351\\\34"..., iov_len=4096}, {iov_base="\250\373\260\351\214I}\0\277~\342Vk\34Q10'\216\0r\213?|j\375\341\360\371\313Zo"..., iov_len=4096}], 2) = 8192
4131  read(3, "\323o\206\6.9$S\300\251B\233\232Ye\210<\f\0026\351\350\30\262\"8\276\341\327\214\357\202"..., 8191) = 8191
4131  writev(4, [{iov_base="\"J\215&\237\311\355\376\2746\20h\246q\300n4nl\313$\365\217\242\17\3262D\210\2\277\326"..., iov_len=4096}, {iov_base="$\5\372\20\326\226\10\331W\364NSu\242c\336\364\302\324\272\230\255!\212\260\232P:s\356\213\243"..., iov_len=4096}], 2) = 8192
4131  read(3, "w\244\214N\273\37\371\212\201(`\34\363\217u=\202\243\376\250\331/\270\6\272%\266\5\266\342\267\274"..., 8191) = 8191
4131  writev(4, [{iov_base="\305\371\"\322`~a\357\32[=\210&\270!\332\351\2724\30n\"\270\350\227'\6L\372C\335X"..., iov_len=4096}, {iov_base="\216\210Z'\t\327q\0365\224\271\262[=\22{\345\356\300v\267[\321S\373 \\\21\304\f\261\311"..., iov_len=4096}], 2) = 8192
4131  read(3, "'\335d!Yg\1.\206\205\1\366\253\\\307\350\1\364\266g\"\307\2312Q\311\20\32u\272\300\210"..., 8191) = 8191
4131  writev(4, [{iov_base="\17\322\22\36\270vJ{_5\325B\300\366/\371\r\250{\323\240\277\2775\261\371\331\251\354\254\0066"..., iov_len=4096}, {iov_base="\246\337\20\345\5\351\213\7\361S\2539\266~\314\375\212;\241\356\274@\363\247\302\37U\372\341\353\355H"..., iov_len=4096}], 2) = 8192
4131  read(3, "A*?\235\233\307\3r \261\204_X \336\357PY\273f\204\254\301\3<\356U\20\21\332\332\273"..., 8191) = 8191
4131  writev(4, [{iov_base="\351\204\251\346:\344[\246C^TO\215\306\304\214^\5uN\36\30\333Z<\254\257Ar;\251\342"..., iov_len=4096}, {iov_base="\7$\2\7\25i\264\261h+.\342\241\303\212\242)m\300\321\363\360\3237\242\206\27ha\301\5$"..., iov_len=4096}], 2) = 8192
4131  read(3, "&N\266\256\33=\4\216\221o.\3433(f\3415\201,\212Bu\355\252ml\232\20\216\300\333\276"..., 8191) = 8191
4131  writev(4, [{iov_base="\257q\304\317\21\335x\1G\230\364\313\315\r\24\245\7DXY\357}\23\32}Ew\301\265\373\240!"..., iov_len=4096}, {iov_base="H\34\337\236\v{\333\300\367\315Tk\376\2431\365\274$\200\1/\253\4c\200\25\211ey!\345\346"..., iov_len=4096}], 2) = 8192
4131  read(3, "O\272\236*%\v\225\200\377\215q\334\312\2414G\306\316\312\246\2\367\323_y\5\0\377e8\276\24"..., 8191) = 8191
4131  writev(4, [{iov_base="\31\307/\1\224\322\334\240\210\35\3\22O\241i\333rV\350+v\264\367\206\314\270@\6\\tK\312"..., iov_len=4096}, {iov_base="\326\26\351\332\244W\207\302I\320\316\265\22 \261p\202q'\367\231Wf\276F\246(c\34\315X\375"..., iov_len=4096}], 2) = 8192
4131  read(3, "\r\366g\241\260F\331\327\325\240\302\16E\177>s\274\32\355\323H\30/\335\306m\30\357m\310\253\335"..., 8191) = 8191
4131  writev(4, [{iov_base="\37i(<\250Rf\366z\370k\311\224\316\337\274\33UFm\223\205V\320\3343\355y\27292\372"..., iov_len=4096}, {iov_base="\311\375B\"\301](<\206\313\2610\n*\204\313\260\240ZN{\207\264^\325OX\245\337<\2\205"..., iov_len=4096}], 2) = 8192
4131  read(3, "M\322\340>\273\25\277j\351A\345t\355\275\270\1\f\2019\37\237\274.\365\227\323\225V\330\272\334\310"..., 8191) = 8191
4131  writev(4, [{iov_base="J\320G\3018\360\272n\205!^`\271\2\333\\vDL\335\343[%\207\372\330\354\v\37\330\364\375"..., iov_len=4096}, {iov_base="|`\227Y\303\217\30j\5\1\267\270\4\371\316\336%#\32\270\256\374\222\353\265\365\244\367\1\326\251\327"..., iov_len=4096}], 2) = 8192
4131  read(3, "\302ZT\330\203s\1\313F\353\330\377\250o\32\245\375\233=\34\5/\\}@\211+\305\377j1C"..., 8191) = 8191
4131  writev(4, [{iov_base="|\276\231\377\225\214\222?\0{+p\300!\7n\272\205\375\35472v\3=\260D\220:\330A;"..., iov_len=4096}, {iov_base="\333\275\366\254\4\364F\221\205\265Q/\360\226\1\34<\354\22\177t\246\266\235{\335\340;\10\341\304\274"..., iov_len=4096}], 2) = 8192
4131  read(3, "\342+\335\373$\3404\366\241w\27z\375\366s\253u\223u\211\225\3141;\7\322\255&4\363w\275"..., 8191) = 8191
4131  writev(4, [{iov_base="\263\344\221#\312uu\232\341\262t\336\252ez\364\204\374`\215\373*\362\34T\350X\276\333m\216<"..., iov_len=4096}, {iov_base="&\366;7\274\331\266\226\34\223\201\305\242\260}<\0372C\264\275\31\235\4\36\205WO\366\4\5\215"..., iov_len=4096}], 2) = 8192
4131  read(3, "\264\314\214\206\340f\311'\4\r\10\212l\361\233\202d\223\314)N`\334T\265\1\212Q\371\227@,"..., 8191) = 8191
4131  writev(4, [{iov_base="\303_\216\271S\313K\22\324)\211\377\305\315\343j}\216\353\376\344\254\7\204p\302\20K\266\215\307p"..., iov_len=4096}, {iov_base="\326f\346\264,W\331\341G\r\201\5\2474\211S\247;\217\232i\206\227\231\257\205\337\"o\206v\v"..., iov_len=4096}], 2) = 8192
4131  read(3, "-iy\17\324:\"\351*b\1\\\341\310lBUGFLi\314\17\241\16|\205\2\302l1+"..., 8191) = 8191
4131  writev(4, [{iov_base="%\337|!\202\36\217\34\312\216`&A\333`\31\263\362\267\331n\25k\266\16ef\335\353\10i\221"..., iov_len=4096}, {iov_base="\276A\345B\304G\3247aC\250\367k\273]\3\377\267\215\233\3163\264\365\374Q\321\"E\v\356\311"..., iov_len=4096}], 2) = 8192
4131  read(3, "u&\252\242;$\216\226jK\216(\fP\224\10U\272\26\345\263\264r\255S\312\4\373\361\211\374\357"..., 8191) = 8191
4131  writev(4, [{iov_base="\235\302\242\373\20\262\340s\221\1\354\244\343#\7\272\316\231\235l\223\37Do\326\334'\321\245]\263N"..., iov_len=4096}, {iov_base="\205 |\311YM\223\22Nw\1\33\277\265q\"\216\24074\24\27\320\373tI\302\254Z\324\277\300"..., iov_len=4096}], 2) = 8192
4131  read(3, "\265\330oz\311Thx7\312\363\3454\277J$Jg\316\237Q~b\233\33&\263\343\224\252\247*"..., 8191) = 8191
4131  writev(4, [{iov_base="\32\245U\261\276K\363\303\367\213\313\237\273\21\262\356+wC\366f\20\221\2220\373\3049\226\310.R"..., iov_len=4096}, {iov_base="\261\206\266K\t\177^\367\223\35t\347E\301l\323S\276\374\275ZM\20\203\262\330?$j\1D\212"..., iov_len=4096}], 2) = 8192
4131  read(3, "\205u_\0371\320P\226SY\347\262\37\t\260\260\3217D\353\202\25$d\5\302SF4z\24R"..., 8191) = 8191
4131  writev(4, [{iov_base="\22\322\34\362\223f\366F\213?S\207\341lk\350\305\227\326\10\216w\366p\202\344\235~;\ny\22"..., iov_len=4096}, {iov_base="\2\32\356J\\\30\314L_\210\201\26q\2468\3347:\24\332\360\242t\266\375\251G\324\1\354\257_"..., iov_len=4096}], 2) = 8192
4131  read(3, "\266\325a\244\212We'C*.\300m\353Yxu=\273\243\337\233N\221\3531\25\37*0\353\211"..., 8191) = 8191
4131  writev(4, [{iov_base="\10\254bB\30\f\375\2y\301\251\177\267\"b\334\331F\n\270}g\355D\200lJ\226\3418U\253"..., iov_len=4096}, {iov_base="\241\2\237\n\263\323\364~\264\200\3425\307\304M\344\321_\230\302\36dz\267\30>k\360\2423\351\260"..., iov_len=4096}], 2) = 8192
4131  read(3, "\17\371\315\310\336\303Ts\367\v\7a\345\330m\256_|4\23\260b\375\354\27\252\257\374\213\333yJ"..., 8191) = 8191
4131  writev(4, [{iov_base="E[\306u\277\253\235\223[H\272A\30bG~;\356\305oY\"\227\371r)\rw)\31\356\6"..., iov_len=4096}, {iov_base="\35\241T\224G\2218\312\374\343\317\344\20b[\324\235L\202\2\rR\234\34-,7\0023\375\345\n"..., iov_len=4096}], 2) = 8192
4131  read(3, "\225\2g{\366\323\273\362\355\341\305\322T\2n\341$\v\244Z[!@=\236\23\31\211\323\2\3315"..., 8191) = 8191
4131  writev(4, [{iov_base="\352\377\254=\320\3143(\2255^Xo\261\331\256\246/\334VgM\7\250\357N\256\255\201:\274("..., iov_len=4096}, {iov_base="\2425eo\3725\345\320\265\201?\341\212\352c\245`=\n\227\tj\273w\322\223Nn$V6="..., iov_len=4096}], 2) = 8192
4131  read(3, "[ra\263\22\337\314W\241M\327\232\303\210\237\277\31\262\235\375\335\243\235\3352\350\345\t\220\272f\377"..., 8191) = 8191
4131  writev(4, [{iov_base="\35\32\347I^\177\350\32\3\354yO\226 \355n\317\364\303\327\276\3<\204X\255&\37\231R\243\230"..., iov_len=4096}, {iov_base="\265f\24Yi\253\307.\\\353G\270\24\305;\334\30= \312\331\346v\f\201\347\1<\276\266\26\226"..., iov_len=4096}], 2) = 8192
4131  read(3, "\364\225-\261\261\252\20\"\242p\376\24\236q*\306\372\327&\242\373\201Q\320\f;\202\367ue]\333"..., 8191) = 8191
4131  writev(4, [{iov_base="\341V\305wg\330:;\265}\247\207\341&(\353B\315\327\30576\2049G\354\202\360\250\2172Q"..., iov_len=4096}, {iov_base="+\21\253\365O\371\301b\5=:\301n\277\330L\376\317\v&F\344\305H\373G]\346'\78\262"..., iov_len=4096}], 2) = 8192
4131  read(3, "\v\"7\203kx\325tt\200\201\300\241\27\333\fCO\n\31\362U\355^$\303\236\321H\262\357\374"..., 8191) = 8191
4131  writev(4, [{iov_base="\22L\377\326@\274\351\270\344?\201\24P\r\241Z\341\27\t{\363\227\221\25\236KYM$\316\237}"..., iov_len=4096}, {iov_base="E\364\342b\350b\240\267\213\337\255\225\255\277\277\251\360\f{\220o\235O\1\314^\215\276\310;7\315"..., iov_len=4096}], 2) = 8192
4131  read(3, "L'S_\315]\223\307\260q\216W\322\333J\255\314\353\203\25s\2473\211\3671f\32\3403s\320"..., 8191) = 8191
4131  writev(4, [{iov_base="T\256\207s\222\17\332O^\306\247\16\206\346\362?\246\232~\240\215\34\271\254\225Y?\325O\357\302\360"..., iov_len=4096}, {iov_base="\230y\0\207\23|\2775\2644\323!\271\227\20\252\376\232\352EK'p|L\314\17\355\332\2134V"..., iov_len=4096}], 2) = 8192
4131  read(3, "\240x\341\316\v\373\35\377k\202b}V\217yu\4@\204\202\357\321\376\264\202u\373\326\365)\241\22"..., 8191) = 8191
4131  writev(4, [{iov_base="\305\324\2318Q\346\275\205n<\246\3\r\367\212\317az\225\364\315\\\247\202\377\263\302Z\205\331\357*"..., iov_len=4096}, {iov_base="\217A\3\231#\317\2\2266\236z\10Q\302p\370?\314\312\357\372G%IR@%\203\305\27\214D"..., iov_len=4096}], 2) = 8192
4131  read(3, "k\220o\336B)\277\376\301=nl\274L\247I\376I\210\f\335\326ka\366\371\217\v\240:!\205"..., 8191) = 8191
4131  writev(4, [{iov_base="\342~U\274.tt[JI\256U\264\341\322\0m-X\245\2\343\224\217XNY]\244gk\10"..., iov_len=4096}, {iov_base="\300\317\272\221\353zI\22\331V\353\264\231\217\245\221\205\"jQ\326t\234<\261\3737\337,kU\336"..., iov_len=4096}], 2) = 8192
4131  read(3, "$\261/\24\375\275I\236\221TV\224\33\326\346\321\211,\255\27oG\237\277\277\356\27r(S\260\274"..., 8191) = 8191
4131  writev(4, [{iov_base="\372\206\366\36730\254\362\377\20#dS\365\3768\233\320\215\25x\204\325;<_\3\200\374@\371h"..., iov_len=4096}, {iov_base="\356\220\322\6\3\312\4\342\334v.\n!h\34\251F61-\337\356\302\3001\261\346\222*\307\f\323"..., iov_len=4096}], 2) = 8192
4131  read(3, "\243\366\275\vp\214\274\303\251\336\372\211\273F?\303\375?6A\205\316\250\234\351\217K\307 \371\340R"..., 8191) = 8191
4131  writev(4, [{iov_base="\7\262m\276\37\r\236\277\375\3\235\367=dnX\314L\3701X\240\364G\300\22\0\33\318\344\204"..., iov_len=4096}, {iov_base="MXI\372m\314n\254,\212\10\257\3145\372\350\375\376\244\315\376p\253x\332\320\201\375\"o'."..., iov_len=4096}], 2) = 8192
4131  read(3, "\377\35=\333\f\210\t\273\312\274\3125:\256\304\247\250\356\257g\31\264\ff\10\263\211\341\276\365'&"..., 8191) = 8191
4131  writev(4, [{iov_base="\265\232\200?\26\211\363\315NA=c\236\241\265\36\247&\212\20s\217=\372\372S8\0251\211V\23"..., iov_len=4096}, {iov_base="\34\234\323\353\377Q\347\16Ci\224h\222\367\375\245\10\36\226@Z\256~\r\36b|oF\200\21~"..., iov_len=4096}], 2) = 8192
4131  read(3, "YO(\3\244\254\33\0\2745\377.zS\257\312}\f\0\337\307!\34\240\254\253\1\221\353\206\252-"..., 8191) = 8191
4131  writev(4, [{iov_base="\315Z_\\\235\2128x^\324.\206\372X\371\302\30\6/\355I\363\305\241\334\364\352\213-\267\262*"..., iov_len=4096}, {iov_base="\376\10\200kNtI;C\f\23~\310\350\273\333^\223\263?\331\201z\311os\34\2115w\"\275"..., iov_len=4096}], 2) = 8192
4131  read(3, "\267)C\244\36\303\313\277\300\302\370\232\261y[\231\207\27K\331\334\32\372\1,\312\222\367\24\37\244\37"..., 8191) = 8191
4131  writev(4, [{iov_base="\223\231\211\2560@\27<\361\rm3PVm\310dA\242H\316\310z\334]\203\302%\270\2\340\200"..., iov_len=4096}, {iov_base="\210@\235\206.\20\325\376\355\372\330\17\263\240\214\31'\361\\K\23H3`\205l\224\3\235\3075\33"..., iov_len=4096}], 2) = 8192
4131  read(3, "\264\24-\307`,\253\361EG\343?l\230\\\352\334\32gU\n9\366\222\300T\240Sb\206\27L"..., 8191) = 8191
4131  writev(4, [{iov_base="\f\272\362v\327\264Mu\242C\204\277\201\237*a\\(B\312\357s\266z\4}\217\242\326Od\305"..., iov_len=4096}, {iov_base="\2517\354\361&\200~Rn\305+\215\266u\3016^\377\202\222\347\2719\201\33\305,\323\206\17\304O"..., iov_len=4096}], 2) = 8192
4131  read(3, "2\277e\377\223S\311\3504\215\337/\35\354\3\277AqX\304/6j\335}\342\202\207i*y\250"..., 8191) = 8191
4131  writev(4, [{iov_base="G\0244\25{\36\241\n\316\311I_\302\307\215\232:\344\30\274\nP\302\30\361\235\210p\211\335V\231"..., iov_len=4096}, {iov_base="\10:g\324\366V\341\2253\177\321\362&\352y\201L\361\10\322D\222\214\2309k\351\30ze\232\212"..., iov_len=4096}], 2) = 8192
4131  read(3, "\4\370\272\226(I\2375\301\334\241v\251\326cSGc\271f\251\\\307\276\244|\226\364E\245\26G"..., 8191) = 8191
4131  writev(4, [{iov_base="*;\355\335\203\224\307\5\2U\213\335?\274V\256\rDrQ\245\327dp\372\316\364y\274?\373U"..., iov_len=4096}, {iov_base="v\247\2335g\233\373U\17\244\317\234it\4\331\330Z\321gj`B\217\34\203rH\310\317\f\350"..., iov_len=4096}], 2) = 8192
4131  read(3, "\330\366\327\361\365G\201\344\32Y\370\343L\346L%\253\302\312\271\26\26~Rq\256\271\2336!\35\202"..., 8191) = 8191
4131  writev(4, [{iov_base="\367\203\354\256d\201R\325\333\30+\3766\26@G\300\241\2}\3\37c\4J\325_\221\3\221\325]"..., iov_len=4096}, {iov_base="\262\340\177F\376\226g\2371p\246\350\247\231\376\313\342\260\327\3237i\226x*\325u\301^\270\366["..., iov_len=4096}], 2) = 8192
4131  read(3, "\250\213\276\336\374\201\335~7\314\213\25=\0216:\332VX2\365\240Ei\325D\235\354z\363X\210"..., 8191) = 8191
4131  writev(4, [{iov_base="\30\26\272g&\326\21Km\25 \264b\24<\30\36\t\215Ad\366\375\265#\242gDH}fz"..., iov_len=4096}, {iov_base="\345\20\336\223\255\276{0\204\361\363x\36\262&_.\251\3568\24\364{%w{=\355\361\tmn"..., iov_len=4096}], 2) = 8192
4131  read(3, "\v\312\256\v\21f!\t\263jX\371\27}\352@\r\201y\205\275\264*\3035\0043\205\326=\206,"..., 8191) = 8191
4131  writev(4, [{iov_base="\235?\t$\216a\277t\4)W\222\344\3\300\265\336\242\21\355\233*\221\326\22|o\372\320\274\331\220"..., iov_len=4096}, {iov_base="\324\376\\L\273\306[\377\336j-J\221\351\275R\315\213\25\272Q\214\3731\31\341H\255\245\205\342`"..., iov_len=4096}], 2) = 8192
4131  read(3, "Y@\362Yw\230\306a\310\224 \221\6\306\314\30/\336\375\31hL*\247\370\226\361J\347\322p\232"..., 8191) = 8191
4131  writev(4, [{iov_base="\365\2543A\246\312\210^.t\326\0\25bG=\231;\242\1m\203\362\237U\361\322&\200K2p"..., iov_len=4096}, {iov_base="?\367\203\232\234\272+\343\177\213`.y\272\327f@\203Qf4\336\311u\347o\202\353\26\257\n\223"..., iov_len=4096}], 2) = 8192
4131  read(3, "\315\v<\25r0\346N\362\266\371\367\356\20\244I\5\221\245\321\242\267\27\34\225.\300\36\255YO\6"..., 8191) = 8191
4131  writev(4, [{iov_base="\301\335\2165\371\276k\2\204\312\37b\304\3349\304)jM7\263\274\324 \tw8\334L65\31"..., iov_len=4096}, {iov_base="\264\367dj\4\367\215\267\231n\25\375\275\2008\10\321W\3720N6\177\205`\3464\262%\206\373\352"..., iov_len=4096}], 2) = 8192
4131  read(3, "}\261\tB9#\331\7\222a\\y\354\353\2\364}\322\352\r\337\37]!\30j\270c<V\263i"..., 8191) = 8191
4131  writev(4, [{iov_base=";\341coK\305\347\277i\266_0\336!\360f\262w\355\344\352\211\275c+F\243Dns\26s"..., iov_len=4096}, {iov_base="K\345\233\241\247\261\345\343]\2226]\220E\276\32\220\211\231\271\t\230#\23\313\261\231\23\202\302-D"..., iov_len=4096}], 2) = 8192
4131  read(3, "\234\34&\34\2\2738\tY\364\37\366\205\262Z\246-\r\277\fk\320\27q\371\370\23\313\352W\315\203"..., 8191) = 8191
4131  writev(4, [{iov_base="\303\320\0045!%^8\354\301W\261*\237H\364 \23\24\232\367%\35gNOCI\277\2\216w"..., iov_len=4096}, {iov_base="\367\2007&\364e,\237\331J\347\346\224W\217\37\206\241)\240h6\\\357D\225\262\2724\356!@"..., iov_len=4096}], 2) = 8192
4131  read(3, "\354\334\316hA#\233u\357\374\2349l\207\371\314\"E\16K\301\27S\207\240@'n\205\26H}"..., 8191) = 8191
4131  writev(4, [{iov_base="\230\246f\242\342\251\373[\234\234\302\204\206U\274\237&\363\342\200\211\315\"\322\6\22S\2\204m\246o"..., iov_len=4096}, {iov_base="\303\301\265f\321d\326\210\236\6\204\22E\236\332E\349Wq}}\345~\2622W\352\25\274\217m"..., iov_len=4096}], 2) = 8192
4131  read(3, "\325\340\331\256V\220\200\342\32iM\257\202\342\210\224\275p\253\226\342B\32m\333\2714\302j\211\260W"..., 8191) = 8191
4131  writev(4, [{iov_base="\310z\f\254\322\252\16\223\307\363\221I\16GV\3O\260\3358\336\277\272\242\254#&a8\25\244\26"..., iov_len=4096}, {iov_base="\260<\t\315\235\n4\33a#U\254\2514\247y\2277\274\21i\220\233\32\264\245\0243N\2A\223"..., iov_len=4096}], 2) = 8192
4131  read(3, "\205\346Z\t\256\341\352e{\2/E\217\271\234e\6\347\355l\231M\260\300\214\266h\317\232g\n\235"..., 8191) = 8191
4131  writev(4, [{iov_base="\257\210\235\n\361&u\243\312\34]\2268\340e\31\213DR\30784\262\207K\204E2\f\304\262H"..., iov_len=4096}, {iov_base="\334\37\201\335e\300\236\215\316v\343\237C\232\r\364d\304+\311\353\353.R\354\30\301\223\2358p\276"..., iov_len=4096}], 2) = 8192
4131  read(3, "\233S\22\200}\207Z\247\2129\274\341\356\35\324\3624\367y3\232\\\270\314[=\30\31;\243\231["..., 8191) = 8191
4131  writev(4, [{iov_base="u\352\270\t\250\31\243\204\26\30\212\373\23\336\\\0053\253\304\35@,\1\331\230\244\3503Q\327\21\201"..., iov_len=4096}, {iov_base="9\201\5$\374t\360\254\334_\240\5\337\325\n\322\311#>E\n\227\311\10ogN\333\322r\330\357"..., iov_len=4096}], 2) = 8192
4131  read(3, ".\0327\0\4\310X\361\232\224\304\313\226\243\331\245\200\242IB[\241\vpf1\303\\\250\270!w"..., 8191) = 8191
4131  writev(4, [{iov_base="(\330\332LB\24\310c\211?\3477?\3678\275\364\227\344\1\"\326f\212\207\233\220:\273\253\20/"..., iov_len=4096}, {iov_base="wV\246[w\221L,=s S \203\272\334%\231\273\241\26(Fx\207\211\301\r\242\303\222\227"..., iov_len=4096}], 2) = 8192
4131  read(3, "z\337u\252\333\366\37\220#\323\352\33\371\372\346\2659\344\345p\246,\362\314\250ajO\25\315\374j"..., 8191) = 8191
4131  writev(4, [{iov_base="\220*\377g7\233B\33$\316\377\237t\356\216as'\202\2N\214\32\306\254\31\3078\243 k\345"..., iov_len=4096}, {iov_base="$1\342\256\324\275\233a\331\30\354\324\333\3606\r9\376\v\231\302l\20\250\344,.\7I5a\360"..., iov_len=4096}], 2) = 8192
4131  read(3, "\267/>\20\261]/\317\322NQ\250P\327\345\340XA\374b\362\232\226%\nk\375\t\30!C\261"..., 8191) = 8191
4131  writev(4, [{iov_base="Wt\372A\300,\307\374\224\260KP\201\20\0033o\266Wo|\1/1YnbJ\242^'\n"..., iov_len=4096}, {iov_base="Y(m\340qc\3\0:|\32Zo\25\363\214\367\3030\341\202\216\32\251V{&\274t\333SB"..., iov_len=4096}], 2) = 8192
4131  read(3, "3\2613\271N8\224]\336\231\241\350\346$\251P\306\21\303\245\306\240t#i=]NY\245\257e"..., 8191) = 8191
4131  writev(4, [{iov_base="\37\3038\224M\374\300S\215}6k\303\313\346\305\344 \2666\261\306Bq\334|9\302\20\214_\224"..., iov_len=4096}, {iov_base="\1\177D]b\2706\220b&S\345\275\256\334\375}\304\374\257\356\330\177`\333\327\230!K\343\250\5"..., iov_len=4096}], 2) = 8192
4131  read(3, "\17\316CJ\373\245\200\3005\255\16r\225\207\22\326N\274\375\315I\211\326\216\241O\236\320m\336\377\22"..., 8191) = 8191
4131  writev(4, [{iov_base="Z\24\372K\345\363\306E\267\24CK\245@\367>\332\202l\333~/7A\376\340\361\232\262L\270m"..., iov_len=4096}, {iov_base="\377\317\300\261\373\257mZS\343y\2z\321\3516\302\374\353\265\310\v\336\230\253\244\322\310\226F\362\301"..., iov_len=4096}], 2) = 8192
4131  read(3, "\215\372tb\357\263>\306\372V\0\32\\\0\365\342\213R\210\250\225A\\\230\320\215\223\216$\353\333\3"..., 8191) = 8191
4131  writev(4, [{iov_base="'2\340\20\271V\223\217u7\207\2367\365a\203\376|:\250I)\301\274\321\376!\301\244\22352"..., iov_len=4096}, {iov_base="\265?\314E\240\366k\206\3144\312\2026\36\3\352\252\255\32\36\375\323q)\221\222\276a\302@\240\362"..., iov_len=4096}], 2) = 8192
4131  read(3, "\244\255\263\3129\367\257\266\4\33\230\245Y\254%\332K\304\274\333\27b\1\232-`{\320\214\266\34t"..., 8191) = 8191
4131  writev(4, [{iov_base=",\272\267?!\240\252\2524\312\31M\342\33\346%}Mi\345oz:\220\265\224OU\374\27w\357"..., iov_len=4096}, {iov_base="V\333\261\2306oCP\30?p\231\345+\227\362\206\277mB\211FVt~\304\33j\211l\332\204"..., iov_len=4096}], 2) = 8192
4131  read(3, "\307`\340l\225\351\251\362\316\5\311\343\276\nC4rQ\223\253\366l\205\21I\21u\366\367-\202\303"..., 8191) = 8191
4131  writev(4, [{iov_base="\257\301\0\345+\273\201+\321J6T\4\310UM\212.\311t\f\7\f\235-\374\227\300\267:\322C"..., iov_len=4096}, {iov_base="\\\246\347\365\270\233\311\314\v\234FD\312\213\24\22\r\215%\35\243\367\372\36\36\317H\365\253\215\216]"..., iov_len=4096}], 2) = 8192
4131  read(3, "\213%3\244_u\2\277Uh\240\255\276\310\26/\267j\332\217\364T\0270\220\231\374\v\377P\260\301"..., 8191) = 8191
4131  writev(4, [{iov_base="t\263\262\220\363\307\260\231 \332\341n\252r\203\252\10\303\265\274\347Bo^\5{\353\221$\241z\37"..., iov_len=4096}, {iov_base="\357\200\375\312w;\317mY\354b\347g\347\6\6\23\204\33\210\303\300\205\215Z\1\330\335\242~$("..., iov_len=4096}], 2) = 8192
4131  read(3, "Q\364\202`\\\"\377\35\310\377\350Q\207\277 \202\17\310\331\314L\206\341,\6}\341\343\271@p\262"..., 8191) = 8191
4131  writev(4, [{iov_base="\252\236v.\220\336\354\241\202eQ*\366\363\235\367dR\326?\375\2700\305\330%\4\216\37\313k\255"..., iov_len=4096}, {iov_base="J\372\370\376\tS\342`'\2762{r\232e\230\332\200$\304]\304K\26\303\243aW@\24\t\312"..., iov_len=4096}], 2) = 8192
4131  read(3, "\4Po\220A\276\370\213\264S\376\320w\v2\336\233c\22\4\344\260>>\314\310)\230\345Z\274("..., 8191) = 8191
4131  writev(4, [{iov_base="P%\221\37\n\371\243^\335|C5\230\244\277\333\231(1\275\311\177n\213Xo\356/\300u0\r"..., iov_len=4096}, {iov_base="\326\313\375\7\354\226\340\253Z\322r\f\4\260\2\324r\356H\311#6R\221I\266\246dq\216\5\325"..., iov_len=4096}], 2) = 8192
4131  read(3, "\177[\f\371\fp{\352\320W\271\243\263\356\342\303\217:\324TZ\301\332\377\333Tj\370\364\316]F"..., 8191) = 8191
4131  writev(4, [{iov_base="i-\1\333,\231\323n\303\235\340\222K\361s\324\231\315i:\0014\366.`Z\303V\374\376\212D"..., iov_len=4096}, {iov_base="\31\253 \2147\357\326\206\0304}\36\222T\nD2\177.8\337\365\272\306~\3653\227I[v\257"..., iov_len=4096}], 2) = 8192
4131  read(3, "Z\344Ky.6R\242o}\311\6\366\vl\245\364\302\277\3\334l\275{\211\300\250W\20\353\265\204"..., 8191) = 8191
4131  writev(4, [{iov_base="w\240\353\323G^\20\271\216\26\307b\27Z\2j\353J]\325f\\\323\350\326\262p\305\v)\270\23"..., iov_len=4096}, {iov_base="\31\2359\373\255\232\216\202\6\232\346\363/\r$[\372\36)j7u\252 \332O\202\360A\264\2654"..., iov_len=4096}], 2) = 8192
4131  read(3, "t\350\27h\253C <L\313\354v\200\241\365\237).[\7\4\231\321=s\2719\235\20\277Y}"..., 8191) = 8191
4131  writev(4, [{iov_base="a\354\211\221\\z\f\311\311\337e\247P\16\304\215\272\275\364B\377\334^]\352X6\1,\232\364\256"..., iov_len=4096}, {iov_base="\371X@E\330\24\366\323\360\312C+\232/\f7rW\"\10O(\207\375=\169\r\341\222e\337"..., iov_len=4096}], 2) = 8192
4131  read(3, "\342\227Vy\177\27\206sv\352*\233g\311\315\330Sv\213\373\274C%|XE\311\31\222\260*\353"..., 8191) = 8191
4131  writev(4, [{iov_base="\221\257\317ez\320\366\3265\3042n\307X\200\353\34\224\334\323\362g\226\305[\246\306\316\310\333\24J"..., iov_len=4096}, {iov_base="^\23\17\"\31\307X\210Y\225/6&\26\314E\221T\261f_a\363\17\372\222P\232\306W\306\177"..., iov_len=4096}], 2) = 8192
4131  read(3, "1\347\314\206\30\325\217\213\334M\365N\307/\230\225vp\235\242\206\273\n\211\273%\273\340\377\256\305\354"..., 8191) = 8191
4131  writev(4, [{iov_base="}r\211\21\326\32q8q\326\31[\334\374\334\317W\357\357\200\202\36\3269)\322\265\207'\331\370\321"..., iov_len=4096}, {iov_base="\36|Q\305\223\261\261\30%\336\201/\317\25m.H\306#\3703\323\203\t9?i_hR\317\37"..., iov_len=4096}], 2) = 8192
4131  read(3, "\243K\361.\31pb7O\2127h?\202\323\227CmP\301\314\2521\241\4+\207`\34\257\251\371"..., 8191) = 8191
4131  writev(4, [{iov_base="\277v~\326\336\305\3\255\323\337\323\32\361\26>=\201M\241\361\226\262\17U\312\312x\30\33\212\357\353"..., iov_len=4096}, {iov_base="B\17~,i\357\24N\325\324\276\256)K\321\311\17\v\32\304\335\325\3469\3556\3310\376\273\225\262"..., iov_len=4096}], 2) = 8192
4131  read(3, "yY\365\373\321H\211\345;\16Qx\237\20[\"2\250^ W\306\274\204\253tiTo\32N\37"..., 8191) = 8191
4131  writev(4, [{iov_base="$=\262\247\255%\332\351J\366\222\355\341q\256+\325@Z\26\227\26!\204R#\266^z\367\2075"..., iov_len=4096}, {iov_base="\202st\376&\354|\303\304W!\364\270+\272ERq{\354\33\240{6\244\353\312\213\340 \32\21"..., iov_len=4096}], 2) = 8192
4131  read(3, "\335\231\344,\0\360\256\305L\n\360\267\266\366\302\261J?a\301\321\t%\10s\34\221&-\212\340A"..., 8191) = 8191
4131  writev(4, [{iov_base="9^\314N0E0\370P\4MIjQ^\227\226=V)\7\35\212\36\253\f\243\21\300\5a\24"..., iov_len=4096}, {iov_base="\370\241c\303!mAC\7+\233\33\301\317\372\340\344]h\356%\351{X\341\246\316\272\24~\304\225"..., iov_len=4096}], 2) = 8192
4131  read(3, "\202\324\375\271!\320\352\27\7\346\245*\"=\222\227H1\271\301\220q38\250\262{5\362\354\367\216"..., 8191) = 8191
4131  writev(4, [{iov_base=",0\377\330\6\314\200fG\326\2079Gp\234\216(\2o\31N[\347\303\324\221\2014/S\253\366"..., iov_len=4096}, {iov_base="(\273N\1\313a\3021\33\261\245.}\v.\373\363ewf\274\325\32d\217\256\202\341\6\345\23q"..., iov_len=4096}], 2) = 8192
4131  read(3, "wG\2\35\264Ut\315\234\21B\334\306\221b\re\2612\301\310YI\271\251I:\330d\16\325\231"..., 8191) = 8191
4131  writev(4, [{iov_base="\31P\323dr\303\36\3562-\362F\206\t\261]\375\"R'\336\245\2735/u\273\nM\271\337\333"..., iov_len=4096}, {iov_base="\251\235\233x\374v\6k`\300!W4\226\264\360\364\343\344_:\206\366W\323\277\312\255\226\340\216C"..., iov_len=4096}], 2) = 8192
4131  read(3, "G\n~|X\366D\371\241\315A\336\357\224\240\241l\277\4Uv{\267)T\253\214\\\222@\215\f"..., 8191) = 8191
4131  writev(4, [{iov_base="}B\5\21E6\256Y\275|\325\272b\210\251\227B\r\30@\200|\375fpv \230\16m\226\345"..., iov_len=4096}, {iov_base="\224\247\2343\21\237\25\2464\204\6r>}uUUN\240.$\231\3175\21\372~\35@\325\26\207"..., iov_len=4096}], 2) = 8192
4131  read(3, "&\250\0\33~\347bJ:>\301h\315/\233\233=\314\244\224\"\272\324P'rR\vc.\2221"..., 8191) = 8191
4131  writev(4, [{iov_base="\274\363\20\37\353\344\270\\\320vs\350}\303\246\227\264\261\243\227\262\316x\316\243r\257\265\244C\371\6"..., iov_len=4096}, {iov_base="\331\0024\363\361\r\332K\200!\2451\200$/\276\361d\337\352\373d\211E\374\317 .\260\1\355\303"..., iov_len=4096}], 2) = 8192
4131  read(3, "E\207\316\225F\0011l\2361\233\212)\3L\320\231\236\307\370\24&\3\305e\377^}N\331\224\322"..., 8191) = 8191
4131  writev(4, [{iov_base="\202\240\200\245`\252\334\265\10\312\10!%\337c\357\2\2716\311\312V\275\375\256\305@\213\256I9\361"..., iov_len=4096}, {iov_base="\361\361uk\357\23\211\224ROy\366\222\251E\36\3124\365\2320\376\315\354\31\223\245)\336\1\207\317"..., iov_len=4096}], 2) = 8192
4131  read(3, "d\33\17^\366:=/fX\355\326gYYam\250\256$\312\351\210\251C\304\6\306\26\257\"\256"..., 8191) = 8191
4131  writev(4, [{iov_base="7\323\310\304sQ\3061\272h\240jR\377\272$\256\222\35K\312\202\240\325z\233;\n\374\27\340\350"..., iov_len=4096}, {iov_base="\371\233;\327\277\240\26\5\21\242\206\314\354.\372\372g\21\23]\331\331\342\364\316U\244i=.\316\311"..., iov_len=4096}], 2) = 8192
4131  read(3, "%\231m\202\313\203c(\265 \241\307Ro\274\221\317\247Y\300\32WP\277Yl\16)\19_\216"..., 8191) = 8191
4131  writev(4, [{iov_base="\370\315\231G2\t\211\300\177\0010\10rfcn\301q\313\202\322\7yf~\264\240\\/R\21r"..., iov_len=4096}, {iov_base="%\320\215\10\302K\365U\325R\37n>\311!\325s;\0030\333A\262\177\334@\17J5\\\202\330"..., iov_len=4096}], 2) = 8192
4131  read(3, "4\25\2577\222\305\2624\2321CU\364\312\"\317%6\37\371\16F\250\n\317\376\200\216u5\254Q"..., 8191) = 8191
4131  writev(4, [{iov_base="k)\"\255\224\33>\356\322}c\371\212Q\234\5\226\233\377X\303#X\224\201I7\227\255AE\10"..., iov_len=4096}, {iov_base="\2076*@Af\233\307\220a\266\24\265>g\261\v\250\326\310\240\336\1\300\242:\256X\271[\364\330"..., iov_len=4096}], 2) = 8192
4131  read(3, "\233\206jXF\300\264H*P\236\340\300R\26\276\225\3530\2460\332\236\301\7\330\365\177\210^8\264"..., 8191) = 8191
4131  writev(4, [{iov_base=">)|\330&!(\340s\262\20\220\27E\206sN\311\221\r\341\35nI &\360\222\242\214\33\6"..., iov_len=4096}, {iov_base="(\241\205\26:l.\r{\201<\16\326Mz\345\214\212%%Z\236\211\247\217j\355$\343\227\tu"..., iov_len=4096}], 2) = 8192
4131  read(3, "S\313a:xN\v\243\213\323/|\254!\0i|\337\203\241[R \36\207\377SVM\213\251A"..., 8191) = 8191
4131  writev(4, [{iov_base="\373\200\7\310\252\221\\\\\346\rd\245u\374L\344\33q\310uV\307\235\227\232\311\305 \222\260pO"..., iov_len=4096}, {iov_base="O\220&(\330\317\222\213\331\260\24]5\242\232K\277\35\363\201\\\2\342q\35\234R\323\26\311\273}"..., iov_len=4096}], 2) = 8192
4131  read(3, "\213 \304\234\273\325\253\275\33s\266\323\330z\313\346`?#;y\254\254\264\355i\207\2\217\n\272\317"..., 8191) = 8191
4131  writev(4, [{iov_base="\353\370Q\37J\211\271)\244n)tSw\301\364\306\265\371\322\347\325\33\203\305\261\252\223\355\373\275\213"..., iov_len=4096}, {iov_base="\331'\212Rx\251\326\216O.8Up\274\245\376\230\323\345^Z\202\226\252\fa\201<\17i\307\201"..., iov_len=4096}], 2) = 8192
4131  read(3, "\223\313\322\360.E\231\315b\32\325\343E\371\t\324\253\203\314\2445\304\273\277_\232K$;\"f\23"..., 8191) = 8191
4131  writev(4, [{iov_base="\4u\267m\311\340\210e\25\233\321\216#\236]k-\1$\233\26\t\272s\341Z\n\32\346C\301E"..., iov_len=4096}, {iov_base="\5\251\24k\222\270\252\330EZ\316\356F\321\2641\367\341\243i\323;1w\n\241s{\313\224\21~"..., iov_len=4096}], 2) = 8192
4131  read(3, "3\7\255\26\0063\373\377\302M\206E\366\212\360\"\251<\316\266y\0\351v\224\17\260\204\377\214\351\271"..., 8191) = 8191
4131  writev(4, [{iov_base="A\232\322Ih\273\371\242\320\207$\303\301e\354\333\f\255\300\25\300\247#|\243\25=\375\177\251\260\214"..., iov_len=4096}, {iov_base="\"\233\243\363\374\252\304\263X\275\10\203\240J\v\16\271B^\235\27N|\242\226\326\305\352\234y\371y"..., iov_len=4096}], 2) = 8192
4131  read(3, "\350]\337\4,i>\353\r\3%2\35\257|N\36\335\276\243!TFQdt\325\220M\10!9"..., 8191) = 8191
4131  writev(4, [{iov_base="\257F\203<Ep\26v\4\370\205\r\2551\n\210*\376\352\252f\4\267Bh\307N\200/\1&\364"..., iov_len=4096}, {iov_base="bm*\271j3\357\372|\\\353?V\4\2451Z\325\26sc\2342\352\234\260\2345\201H\20}"..., iov_len=4096}], 2) = 8192
4131  read(3, "\271\3438\320p\343q\33\325\256\32\317\305\322rq\24\"'\220\212Z\245\16Z#\351\223\361\372\357\334"..., 8191) = 8191
4131  writev(4, [{iov_base="\"\262.~\30\350\212\263\351\31j\\E\351\211\6\367\237\7yG_\0317W;\207\210\7\3043\317"..., iov_len=4096}, {iov_base="\203U\2\r\370F$\242\243\177\5\2736\352\4\fW\fe\367\322|\334\316\252\257\241O\364\340)\364"..., iov_len=4096}], 2) = 8192
4131  read(3, "\257\20\271\340'\256\20~<\354\311\30y|\270\321j\370\317\327\t\351\332\203-\266\233\214\31Q\232s"..., 8191) = 8191
4131  writev(4, [{iov_base="\362\314\226\333\237\313\372\253\307e,\2735\332\177\214\n\227\234D\300\227f#\331\325\276\26\3640\256\222"..., iov_len=4096}, {iov_base="Z\0\346\273)\235\252\305\223\261\377\244\22\3611\267\263\36\243\16\243\277\222VW'\307\372\363\22\244\227"..., iov_len=4096}], 2) = 8192
4131  read(3, "\202\177\200\364\367\32I\212\10'\26\3239\343\271\351\30\375\370\16hc\222:\334\352\305\37\\\nx\203"..., 8191) = 8191
4131  writev(4, [{iov_base="e^\375\320\3659\206B\210\357H\254\315\374\17o\326}yt\232\250o\313J\274\375\266\272\37e\276"..., iov_len=4096}, {iov_base="\260n\270\253\22\222\212\266\320\305\366\243\321\214\221mj\36\"\327?\204\25A#\257\351\"\37=)\213"..., iov_len=4096}], 2) = 8192
4131  read(3, "\217\26lG:r\377\2323f4\232P\303\261\245\274\314Pp\10\316\306vd\5G!\310q\3273"..., 8191) = 8191
4131  writev(4, [{iov_base="l\314\237b\215Y^\354\363$\365\250\177a\370\10\306\375jqqD\215\376e\235\212\340q\211\252\336"..., iov_len=4096}, {iov_base="r\f\215l\246\346\t_\343\277\315\214\316\10r\261\257_\365B\4zd\307\251\330\37\347\\\335\22\342"..., iov_len=4096}], 2) = 8192
4131  read(3, "8\313{AKWD~\31T\251\234lM\340\204\370Mg\267\315\37\345\256\372\265\275\315CC\257|"..., 8191) = 8191
4131  writev(4, [{iov_base="&\334\310\366WS\217\20O5\337\247\t\n\10\37Rs6_[\320z\236\330_v(\237\16\250\r"..., iov_len=4096}, {iov_base="\231X$\205\312YV\215\210\272s\337.y\264\23\331\27\304p\32\373\242\214\242T\0S\321A5\216"..., iov_len=4096}], 2) = 8192
4131  read(3, ">\36\204\200l\336%\211i\f\241\254\32\277\245\375\7Z\253\370\250\310\33\300\255\366c\306\347\300\341j"..., 8191) = 8191
4131  writev(4, [{iov_base="\212\35\27\374\316\264\230f\225\233H\314^#,J\302f\362\307\203\245\3035\26^\244=.$\231\336"..., iov_len=4096}, {iov_base="\3<w\255\26\266\337\3443T\206J\30\26\375n1\211\363\312t\236\260\326\327\360\275\327\351'\3627"..., iov_len=4096}], 2) = 8192
4131  read(3, "\246\23\310\364dF\232\325\362gd\335\254\313SN\1(\324\30\322\223\360\247YL\261\241\215\\\251\363"..., 8191) = 8191
4131  writev(4, [{iov_base="D\320?0\2157\270\230\301u\333Y\365\23745\16V\23p\205I\356KUG,\223\364I\30\r"..., iov_len=4096}, {iov_base="\247$X\235\266\207\3569\276Y\205\337o\2\2468\357\243A\4m'\313\306\3742AS\24\310\351\243"..., iov_len=4096}], 2) = 8192
4131  read(3, "\272\374\223+\343\314\267\3052\303\262\\a\351\300\312@\334]\216{&V\4'\241\230\226.\256\4'"..., 8191) = 8191
4131  writev(4, [{iov_base="7\340\330\345\240q\31116\376^\365\273\22rZ\377\212\203i\335#\364\201\t\265\252P\333\2;\305"..., iov_len=4096}, {iov_base="\365\357o\0\2x\372!\n\363\351\32\320a\325\201\316\263\244\25\375\355\231\371\370\346\323\303o>\330\323"..., iov_len=4096}], 2) = 8192
4131  read(3, "\0\245\366Z\3131f\335\276\275L\274\2465\253\317]3\315\357\333h\247\302\26d3\v\200\24,\251"..., 8191) = 8191
4131  writev(4, [{iov_base="OL\340\377\244\17\322\37\270\262U\36e\251,\273\371o{x;\5\226\220\376cQ\306\32\275(\317"..., iov_len=4096}, {iov_base="\27\242IRr_D\2735\271iW\204#\2\0\337\215\201Bu\0Is\315\316\333]\f\230\333\377"..., iov_len=4096}], 2) = 8192
4131  read(3, "\201\312=\240\202\216!\"\244\251\353\251\224\344dN\227\373k\240\332\35\227\362\205\"\316\345\\ETD"..., 8191) = 8191
4131  writev(4, [{iov_base="\240\0216Do\272m\324y\224/\300\266\313\236yQN\202w\322\t3\3\363\324\240\35+\325~}"..., iov_len=4096}, {iov_base="\277\"\325\n\f(\255\31Yjw\361\315\341\210&|\356\303\34!\277\216\354R\3\230\271\255\23\2429"..., iov_len=4096}], 2) = 8192
4131  read(3, "\260\37\317\26d\354|\341\275\310\345\t\22x#d\206\307\25y\323\303\364\364\31\217T\250\353UG\302"..., 8191) = 8191
4131  writev(4, [{iov_base="\303\t9>7Z\226\214\1R\307r\341\230\17z\0yF\237\275\250\206\243\5\30\5\317\323(\320\234"..., iov_len=4096}, {iov_base="\342\242\361\333\245p\n\252J\204\325\21\23K\260\361]\266D\306\f\362\370`\267g\34|c\345m\320"..., iov_len=4096}], 2) = 8192
4131  read(3, "x\211QFlx\207\327,\360\245\373\306g\3059Vb\17d\234\264\333\23\363\307\322~7a\265\236"..., 8191) = 8191
4131  writev(4, [{iov_base="\310\311\273\316\267>\35\177\360f\357\302k\24#,\4\265\273x\252\367\233\362s\221\244M\352?\362\257"..., iov_len=4096}, {iov_base="\266\313\376zb\341\t|\35\363\202|\257zW|\270\1\31Y<krI\3553\236\347\3127OM"..., iov_len=4096}], 2) = 8192
4131  read(3, "\362\32|\200\230\235\345\20\10\224\27\340VtFG\366\350]\225\31\265\361\37\361&%ls]#\260"..., 8191) = 8191
4131  writev(4, [{iov_base="+\343o\254\232\274}\251\16vN\276\264\t\352\354M\326*\350]QVd\vf\243\213=\232\267z"..., iov_len=4096}, {iov_base="\266\344\2759\313[\16{y\304o\24\24f:z\262x\220\345\315o\316z\232_H'\315\303\0\234"..., iov_len=4096}], 2) = 8192
4131  read(3, "^\200=\315\1+G\320)0\315<\255\3206gA\314\372\211\374\266\221\250L\200\266}f\346u\266"..., 8191) = 8191
4131  writev(4, [{iov_base="\332  _\240{h\302\313@\260\331(\f\37\302\252\323\324\350M\37R\244\306\2450~\271\330\6\244"..., iov_len=4096}, {iov_base="\200\301\304\211hO8UU\37\217\243\335\217N\312\3161EY\311\232\316\372\302.S\221\334\271,\244"..., iov_len=4096}], 2) = 8192
4131  read(3, "#\n49%\256\353j\250\263\233\204t;X\346':\362\205\336F\210\317\7-\2g\260z\314a"..., 8191) = 8191
4131  writev(4, [{iov_base="\203c({I\223\250\262\351\256\335\207+O;\375\355\310\204\352\\\337p\334\334@\21\277CS\3230"..., iov_len=4096}, {iov_base="w\254\3\272\22\231\314\315\235s\226X\\{J\332\213\366\267\306{O&_\274%\324\272u\341\342\r"..., iov_len=4096}], 2) = 8192
4131  read(3, "\222\227\216\331\27\234\10b\247\372j\337\330\23\254\201\201\312\352\330\340}\224\352\233\256M\274W&\271\30"..., 8191) = 8191
4131  writev(4, [{iov_base="kp\203\274E\211\1C\214d\365\10\20\33\24\226n\376\237\204F\341,\310UC\345\f;=\371\356"..., iov_len=4096}, {iov_base="\341\33\223\25\366vX3\322\375\203\273\260\273+\277-|\316X\r\204\377\200}(m\376 \230\224\225"..., iov_len=4096}], 2) = 8192
4131  read(3, "\302>Z \344\27\363I\261\276\361\23\320v[\266\255\265\346\234V\370\225\303\340,SU\267\6\322\321"..., 8191) = 8191
4131  writev(4, [{iov_base="YQ>\33O[\364\232\271/\17\31\5\322\326\26\367\332V\271\373%\365U\23B\223\354\to\330R"..., iov_len=4096}, {iov_base="W\2740\242Ir\307^c\333\217:\26\v\5d\22>L>\1\35zWG\3\375\0\363\317Q\275"..., iov_len=4096}], 2) = 8192
4131  read(3, "Pv\261m\377\372\nV\256\213To}%\253\331u\214/n\t\333\261\354M\276V\250\335\210\353\37"..., 8191) = 8191
4131  writev(4, [{iov_base="x83\221\205\30Uts\316%\4jx\33U\2\366\277.\235\320\251S\tZ\204N2\3269\27"..., iov_len=4096}, {iov_base="\\\215my\342\324\360\265\fV\312\371\303\"\31&S\240}q\210\t\220M\273\32e\312\t\213~]"..., iov_len=4096}], 2) = 8192
4131  read(3, "\246^\316\246\242\326\r\373^\361\36\373\374;\226\372tC\225@\277\n\200\376M\\\n\21\333\264\37\371"..., 8191) = 8191
4131  writev(4, [{iov_base="\200\363\377\332\363\0377\335\245\361\31\226<\r$\6\331\360\335U\36D)\324c'w\325\217\2623\357"..., iov_len=4096}, {iov_base=":L\264\241\23 \t\331\266\307^(\304\376;\220A\1r\\@\"\"\205\346\357\342;\213\26Z\210"..., iov_len=4096}], 2) = 8192
4131  read(3, "f\325\3523h\200\313i\375\326E\10\352-$\263\320)\214\360\267\202I`\f7\241\345y\273\213\33"..., 8191) = 8191
4131  writev(4, [{iov_base="\220{c\364<\344\0\205[\323(\16\277d\227\366\320\3308\224#(\22\357@\216\264\212\337\317\320\35"..., iov_len=4096}, {iov_base="\223\272\21{^\332\307r\213~\\\373\1kW\307\274^=W\233t\252\353\275d\333\240\342\361=\203"..., iov_len=4096}], 2) = 8192
4131  read(3, "wI\236}w\4\203\\\337O\205#\354v\323\300\336\236}\0205\263a\243sd\24\205\346\310\316\210"..., 8191) = 8191
4131  writev(4, [{iov_base="\361\210\271\227\2\365\33\374\236\273\275/\2219\26\244CRqN\252\320\372\313\20\316l\245\fn>\303"..., iov_len=4096}, {iov_base="b\v&SDe\22\0333%\354\236\32\372\354\244bs*\367\240v`\316\201\333\352\245\5\251\214I"..., iov_len=4096}], 2) = 8192
4131  read(3, "Xs\260\262V\221\230 (}\356\245 \352\356\274\277Z\nz\345\312\303 IFxO\354\223\323\345"..., 8191) = 8191
4131  writev(4, [{iov_base="\314\361\201wG\212#x\300\233\263Bb4c\251<`Z\210\201\201\255\321m5A;\262\271\303\216"..., iov_len=4096}, {iov_base="-\276\203\261\\\373`c\0\2731\360\351\5\334\304B\337%D\257.\354+\31\315_\357\214.\377\336"..., iov_len=4096}], 2) = 8192
4131  read(3, "Q\261\266\373_\323\267M\370F\265%=\34Pp?C\267\261>\252\273\356\303jP\1\"|\200$"..., 8191) = 8191
4131  writev(4, [{iov_base="]\377$4`\274\nc\366\215\253\211!cg\34;\244p6\22\241v\327\246\325\220\377\32p\335\332"..., iov_len=4096}, {iov_base="\372\17Z\222\354h\307\313\33r\203\241\v\253\375\237fC\361\313\345\214\262c\212\330\263\24580_k"..., iov_len=4096}], 2) = 8192
4131  read(3, "s\220\304'\3429\307\300{\305c\316X\6\341\232\241\256\224\33\10\3\271/|\346\t\\\356\234~\370"..., 8191) = 8191
4131  writev(4, [{iov_base=")\36\fD\306A\315\230\20\253\277\2o\210\250\354\260\357\214\fU\227\22a\331\"\237\251\2lp\361"..., iov_len=4096}, {iov_base="+\270\223;\2460\270\r~\5(\34\7\255\16n\377\375\247,\301Y\265\r>Z\341\371\302\244 \352"..., iov_len=4096}], 2) = 8192
4131  read(3, "Xl\26\5\251\202\336J0Y\22\357g\241\201\267n\321\233c\270\264H\33\6\364\373\356\216)\361\310"..., 8191) = 8191
4131  writev(4, [{iov_base="K`PE\301+\263T\257(t|\226\250)`\247^\350\305\232\352[,,\355ew/?\344\253"..., iov_len=4096}, {iov_base="\r\370d\33G\235\332\247\256\253\202\372\234\20\236(\275T\244\32v\206\264`\235Bg\270\254\32\350\261"..., iov_len=4096}], 2) = 8192
4131  read(3, "14}\0230\317\331\305\363\363@\327[\252\204f\214\303\324BIT\366\25\372\1\231lm\364\217\274"..., 8191) = 8191
4131  writev(4, [{iov_base="\300\5\303\22\264\312\236\301I\36\3678\3464\2\20l:\374\312\250hU\336\235\346D\215($R\371"..., iov_len=4096}, {iov_base="\353[\330\227\311\2I\16\33\274\220\227\235\334\202b1\237\247F\353\t\366*\331\203uD\347\317Cw"..., iov_len=4096}], 2) = 8192
4131  read(3, "93\213]Rfs\243\367\344\324\373\333O\346\264lk\261\251\n+\253\260\211\250M3\3073\30x"..., 8191) = 8191
4131  writev(4, [{iov_base="\240c\241\267\301\252r\201\216\270s\3319S\0100\362\fL\7\6\301\204}gr\3253\332\7\216\31"..., iov_len=4096}, {iov_base="\321\221\20\334@\350^O\246\324?\326\214\343\351{\327#\206ukdx\342\344\1\224\2051\232\312\374"..., iov_len=4096}], 2) = 8192
4131  read(3, "\267\256D\273\307\247\305{\371\262%l\\\206\256\235un\t\274\327\340\246&\205\327\\\346\200\344*\30"..., 8191) = 8191
4131  writev(4, [{iov_base="_U\206\276\211\244\27\204\246\217o\315\177\363\310B\231\371\312h^\325\22\7\205T\177\372\305(\321\372"..., iov_len=4096}, {iov_base="\201\335\264\2432>MN\225\224,U\227\363\315\207h\36\237\225\34U\343\"\231\30W\247\303T\253x"..., iov_len=4096}], 2) = 8192
4131  read(3, "\263\17\0022\30c\271\332\2\0l\250\372\303\224\236\331\234\246\236\244\1775_|\206\207\203\20\317\330>"..., 8191) = 8191
4131  writev(4, [{iov_base="\230i\216\371\347|'\\\223\344\33\342D\323\246m\211L\37\10\243h\243&\345q\205\4}\205\35S"..., iov_len=4096}, {iov_base=">M\216oUZ\347\214\271\200\347\277\226\260\313\270 \2761zO>\324w\17\254IMBn\360\212"..., iov_len=4096}], 2) = 8192
4131  read(3, "X\255\27>\364\345\37\200\20\177\320\340L\362\234\346U\272\212IP`\243\223:\25\232\0362\315\312\374"..., 8191) = 8191
4131  writev(4, [{iov_base="1\260\201\206\341\371\2r\31\304\3\341\230\331\1\246|=qy7\30r\21SJ\v\312\f\27\305 "..., iov_len=4096}, {iov_base="|'\3031\3176E\17a\311\275\223b\225\300\214x\331\21c\36>\261o\ng8+\346h\320\330"..., iov_len=4096}], 2) = 8192
4131  read(3, "\347D\226M$\303CB_\26>\0{a\237\v\374A\223\243.8\2500z\nP\0'^\t\214"..., 8191) = 8191
4131  writev(4, [{iov_base="\236\206\211\311\335\261-(\254{\250}\254\376k$\217zY\r\20359SMu\236m\367\341\25I"..., iov_len=4096}, {iov_base="\336\336J3\357\216|\346\233\304\332\300w\334\3029\23S\340\341\216\3161\206\f\253\341\244b\271\314\357"..., iov_len=4096}], 2) = 8192
4131  read(3, "\t\355\314@\243-\7L\344\235\230\326\343\331\301js\31\324\212B\255<@\341\367\343Uv\233\214\231"..., 8191) = 8191
4131  writev(4, [{iov_base="\263\266\264\273\337$uPEn \345`@N\275u\31;\37\0066\1`c\23\317\220\250\321\16N"..., iov_len=4096}, {iov_base="\23\355\276\271\30\np\264\365C\203\t\275A4Q\300\333)\227\243]\3202\355rK\321\226L_\""..., iov_len=4096}], 2) = 8192
4131  read(3, "\6\25\377\336\317\306\34\335o;\360}\273\360\16\205W\336\6\10\327\261\324\337]%\370\321\251\23b\263"..., 8191) = 8191
4131  writev(4, [{iov_base="C\2101\245\3042%\4\227\4@\272\363\201\316l@\302\36\3117\236j\333\255\f\232\376\344\300U\5"..., iov_len=4096}, {iov_base="\264\312\344`F\378\224\301\242\244\20n:\264\210aE\231\220H\274{\f\26\304g\24\261w\233\24"..., iov_len=4096}], 2) = 8192
4131  read(3, "\310\201g\371\256\326(\230\312\203^\332\21\"\265l=\211\3122WN\214\335\265\251K/\247\345A\26"..., 8191) = 8191
4131  writev(4, [{iov_base="&\201ik\v\201KfU\217\273!\323R\202\301\305\305\332\334\344\37\t0\21\4\225,\204\363\243\312"..., iov_len=4096}, {iov_base="\325f\267\1\264\210\267\217\253\221\355-\335+U\315N\32/\307\327\336m\270\344N\307S\261^}\377"..., iov_len=4096}], 2) = 8192
4131  read(3, "W\205\17P\225;f\3154\226+\230\315\373\24\3724\207og\347\205;\340\314\36C%\221<=\234"..., 8191) = 8191
4131  writev(4, [{iov_base="B+\2656\321\235\2155\351\322\37\334\10\34g\231\365F<lD\265\201K!\323\325#\23\2i\235"..., iov_len=4096}, {iov_base="\372\324\374&\347\347\346\243\364\277\3s\250\255+\300eJZ\250\274D|\30\211\241S\10\210\25\21\204"..., iov_len=4096}], 2) = 8192
4131  read(3, "\215\316\336\7\315\267+\367\1\366\331J\215\234\fY\224\301\326.\351\374\326\253\267\\\235\"\230\223Va"..., 8191) = 8191
4131  writev(4, [{iov_base="\314U\v<\263\350\201\344P<F\342\361\365\376\350\260@sA\201\325\364\360g\365\376\0xs\276\16"..., iov_len=4096}, {iov_base="9\211\267d\270v\202b\314\366\235D\360\275(\320\326t:\250:\357\316a\237\0237\323\315l\2255"..., iov_len=4096}], 2) = 8192
4131  read(3, "d\1\254\354|\36\371GyOAY\257\222\251g(\234\0\355\360\323\275\355\317z\311s*\2\225!"..., 8191) = 8191
4131  writev(4, [{iov_base="V\307\362st\323v\24\3157'\214Bm\203*\307\247\363wj\220\276k\216v\21g\371c \33"..., iov_len=4096}, {iov_base="=)\24pR\236\31\333(\314\2205@\351\235mB\365?H \2006Po\277\311]|x\33\33"..., iov_len=4096}], 2) = 8192
4131  read(3, "\3\177\6\24\353hn\16]\200\0d1G\344\217lg\303z\2148\350\267:h\"\352\277r\37G"..., 8191) = 8191
4131  writev(4, [{iov_base="\1[7F\255b\225\330V2\f*\373<\357\341\350\317\5|Dxo\303\231~\340d\220\223\216\25"..., iov_len=4096}, {iov_base="\37y\223\371\221\270R|\251?\327\370-\310U\6S\343jna\10\177\335\337\2540z\261\2\375\32"..., iov_len=4096}], 2) = 8192
4131  read(3, "\204\273\200\323\210\2536_\22a\346t\3647S\366pv\306`@\344\362\2713\207.\265\373\2465\267"..., 8191) = 8191
4131  writev(4, [{iov_base="/D\374\225]Gu\0060M\33-\27\270%I\326:\215f7\243\23\1\356\333\361\32T:0("..., iov_len=4096}, {iov_base="\230\351\373\0231pT\246\314r\345s\2125b\214\222\333\36\334\335>\261\213\377IkC\302\252\30v"..., iov_len=4096}], 2) = 8192
4131  read(3, "\257xB\221\364\220{K\332\313\273C\226\340\314p\230\214b\321;\362\331A\265o\37f\327A[\230"..., 8191) = 8191
4131  writev(4, [{iov_base="-\335\356+;\330-\345\352\274wNa\f\321\304P\2001\2359T\275\317\275\246H\353\321\21\273\271"..., iov_len=4096}, {iov_base="\311.\35\216\347\371n\221\2106\226\344\31#E7\251z\226L\311\301GeX\215qAl\361)\34"..., iov_len=4096}], 2) = 8192
4131  read(3, "\362q*\234\3437\24\5k\16\260\340\315&\f\244\360aN\30\v,\374\3772\204,\315\267o\263Z"..., 8191) = 8191
4131  writev(4, [{iov_base="\21\320\n>\376\325\220\0Rcep\332k\322\354N\372\336|`\254\223 \351\337\250\343\24\276\211H"..., iov_len=4096}, {iov_base="\2241\342\274\201\235/wTO\212v].\230\316\3328=\222\267![\336KNb\224U{\3("..., iov_len=4096}], 2) = 8192
4131  read(3, "\345\320Po\245!\303\7\370\212HL\311\225\223\203\355\217\310\274\2376\242\23\335/\366\267\303\225\304x"..., 8191) = 8191
4131  writev(4, [{iov_base="-\\~e>\252\337\251\262\4\251\32\223n\340\17\16\204; \310\327\264\10\312e|s\212\310\207\360"..., iov_len=4096}, {iov_base="\0\233s\305o\207\316\225ZBR\234\f\323\360\234\1\246\234$\225\277\327\265Q\253\234\230\10\274\326#"..., iov_len=4096}], 2) = 8192
4131  read(3, "\213~\326r\341$\227g\6V\256\215xb\244`\373\22\333\251\230\255\376\367\324 h\234\377Hm("..., 8191) = 8191
4131  writev(4, [{iov_base="\315\177\243\316H/fa\210B\362U\212\300\t\341\222\315*S\257\274\320\314.?\241A\253\2669o"..., iov_len=4096}, {iov_base="\\\341\240\10\20\347j\360.F\5\7\v\27\\\270\326\275\3*\231\36:\7\"\227\376\262\t\231\335P"..., iov_len=4096}], 2) = 8192
4131  read(3, "n\323\10y4\300Uc\366s(\246+8\2534,\370\246\372\265\315o\305\317dFr\364V\22\243"..., 8191) = 8191
4131  writev(4, [{iov_base="\252\352\203b$gs\332\344y\271\214\353Ui\31\224\253\230\225J\221]\202\345nR\216j\10M\317"..., iov_len=4096}, {iov_base="l}\22P\366\312z\341\362\355\335\327e\223q\366\343N&uC\343\375\326YS\330\272q\4\324\212"..., iov_len=4096}], 2) = 8192
4131  read(3, "\245\262r\233\241A|y\20 \3048\27\10\246V\233\357\363h\235#\364\360\273\355\217\3266o\264v"..., 8191) = 8191
4131  writev(4, [{iov_base="{\312\336\223\211\251)\330\310\213\374M\220\221=YW%b\364\216\"\217\356C\v`\237\27\34\244("..., iov_len=4096}, {iov_base="\26\367(\4\215%m\"m\220=(\233\306\302\307;\311\202\345\7\356\371\0r]\262H\7\2248d"..., iov_len=4096}], 2) = 8192
4131  read(3, "\354U\264o\243\242\325\324\206 \256\325\250 &\240\204DJ\326\262\360\361u\341\4F\333\\\r\t\316"..., 8191) = 8191
4131  writev(4, [{iov_base="\266\224\26\335']\244\363\345A\311\254\301D6}8\363\273\235\7o\272\240\3522\230\24\373\233 \30"..., iov_len=4096}, {iov_base="p\207\20]\334\330\3275/C\34\267R\4\21\356\206\31\241K\226\325g\221\230\3741\311\322\340E\240"..., iov_len=4096}], 2) = 8192
4131  read(3, "\343_8\35;\3362\235\327R7\265-\307\340\274\341R2m\321-\v.\225\376'\316\235(\366\26"..., 8191) = 8191
4131  writev(4, [{iov_base="\244\230\364EX\0245\237\214l\344\215\231\204\21R:\356\257\5\344\301\266\26\f\213\333\320\34sm\314"..., iov_len=4096}, {iov_base="\305z\345 \255\350>=\17f\344\230\200d\2{\375\221\220\31\377\376\232\2007\27J\r^\277\354\221"..., iov_len=4096}], 2) = 8192
4131  read(3, "!R\367\275+V\210\336`\337\373\342\363e\262\376\251\356\346\221\307\337\325\341`e\34g\232\356]#"..., 8191) = 8191
4131  writev(4, [{iov_base="\260\0\223]\353\332\272h\202\323Z\342 ~i\335iW:0\227t\253.\264\6\326\202\267\321.A"..., iov_len=4096}, {iov_base="$\336\256\0367\230\252^%\303\307\253W\246\246!\353\317\211\37H]0\273\276\203\265\260\315x\7\372"..., iov_len=4096}], 2) = 8192
4131  read(3, "\2304m\377 \205\225\236\315\332\325oz\246\257\311\217\n\"\263\364\26:gBd/b\0|\207A"..., 8191) = 8191
4131  writev(4, [{iov_base="\222\366\373\277\336\227hv\224\224\311\272G\31w98\24\270\266\365\320\267\257y\265\275z\0!\273\337"..., iov_len=4096}, {iov_base="y=T\"\310*TY\33\2147Q\24=\rw1\314\210\234\324X\262\302\324\337=\261)\226\326\274"..., iov_len=4096}], 2) = 8192
4131  read(3, "z\3466\334\272YRO\222\10\275\252\246aSSt\311\232\232UU\27\251t0\263\201\r\334\30a"..., 8191) = 8191
4131  writev(4, [{iov_base="\26\22\"\375L\361\234W\25\r\327~\324>7-\1\316@\273\237\266x+\375\251\306\345cQ\350\351"..., iov_len=4096}, {iov_base="k\260\306\357'\t>\2548W\340\224G\337S\356\237\6D\34\256;\25\223\n\266\332\306\330\206\341\221"..., iov_len=4096}], 2) = 8192
4131  read(3, "\200\\\310y\332\343j\27p&\222\210\331\n\203\1\220g\331\212\344\210.\177\346\r\302\243\377\311\361\310"..., 8191) = 8191
4131  writev(4, [{iov_base="=\5k\267\226\322Bb\205\310\277\4\343\225/a.\366v\"\262\234\27\343\275okkJ\373+\274"..., iov_len=4096}, {iov_base="\334\376\261\226Jz\302\376\324x\246\332\315k\201\1\322\202~\241\201?]\177\241\206\f\210\263\240\315Z"..., iov_len=4096}], 2) = 8192
4131  read(3, "C(\300k\f\24\325\367\370`\375\1>\204\316 B\275\354X\252\257G\6\356N\r\217A\246^\246"..., 8191) = 8191
4131  writev(4, [{iov_base="8\20\241\340\244\23\377\266e\233\2754\0b\305\357\24\36_d0\370\36\306&t\307\17\"%\303\377"..., iov_len=4096}, {iov_base="X\306o\30V\240N\324\206\250\34H\254\247u\211^2\212\375\221\210\241\360\311[S\242\344\316\352\337"..., iov_len=4096}], 2) = 8192
4131  read(3, "\220q!\276G\203\242T\27\275\324I4)7W\30A\246\262\302hHM\221\256_\304\273)6k"..., 8191) = 8191
4131  writev(4, [{iov_base="\262qE%e4\261a@`j \266z\27\36\23\310M\266\347\250\5\6\1\331\315\201\261\376\311Y"..., iov_len=4096}, {iov_base="\230\30\363-\377\304\365\242\375\370\262p\207 \216\3Y\313\10$\310n\31\217\26g2\233\304\334\210\212"..., iov_len=4096}], 2) = 8192
4131  read(3, "\6\r\21\300\34HOs\337\331J\266\2727d\375\24\271B\236O\321!\37q\307\257\362\354g\240\343"..., 8191) = 8191
4131  writev(4, [{iov_base="\0e\306\223k\201\342\220a\332\247uy7&i\215\225\255m&\6\36\343YX\n\370\333,\250)"..., iov_len=4096}, {iov_base="=\223\242b\333\20.$\244\336\0\r\200L\334\340\24\26\367\325\355s^=\376&o5^\24J\351"..., iov_len=4096}], 2) = 8192
4131  read(3, "\205,3G\2\252\244\245\243\34WhF` \336\24\304\250!s\0176#O+\261\254\231\375\311\311"..., 8191) = 8191
4131  writev(4, [{iov_base="<B\25\201S\224\265\232\323\230>\220\353\r\21717\213\313R\211}\272\337a%\203jO2\264B"..., iov_len=4096}, {iov_base="\232\345\307\307k\20\16/\202;G\346\224\225f\352\317\4\253\235\273\375\371\334\23G}\370\335\375>\372"..., iov_len=4096}], 2) = 8192
4131  read(3, "\344\213\0 \340&\250GH\347\273\337\35%\n\2211\342\332\6\237c\230n\277\253\361x\16:EE"..., 8191) = 8191
4131  writev(4, [{iov_base="\275>`\5\36J\212\251h\252\3450\350\353\1\35\10\362\362\30\6a59\277\232\17\330w*\260F"..., iov_len=4096}, {iov_base="\312\261\354W~x<t\262iq\234\03354\313\313\37\202\212\230\t\330\34\361\220$Y\205\37\317\267"..., iov_len=4096}], 2) = 8192
4131  read(3, "Q\252\272\266+8\200\223\351e\250\321I\360\205\37\2\341\34\216\303\207Uu\v\n/\247k\335q\255"..., 8191) = 8191
4131  writev(4, [{iov_base="\274\n\266^\303\346/\23Y\344(w\24\37\367\0005`\35\352}(C\26?7T\3017\257\356\230"..., iov_len=4096}, {iov_base="\217\257\27l\0044\376\236\17\264\25\337Y\216\25\\Y\347F\312=\364\5\372\347]g\202j\241BN"..., iov_len=4096}], 2) = 8192
4131  read(3, "\262\0103\32\243t}\311\35\303\256\252(\227N\354\2X`\37u\247Y\fP\331\246\224\352\332H,"..., 8191) = 8191
4131  writev(4, [{iov_base="\351\272\317O\247\242\272\215~\3776\357\257|\255\341\233\351\0\357\301\351j\24\33\356{\2\375\236\f\263"..., iov_len=4096}, {iov_base="\2\334jS\247\301\17\3448#1B\10/|P\10\347\374n\30\360\242\366\245?\204O\204\226\200\226"..., iov_len=4096}], 2) = 8192
4131  read(3, "W\17\356Xdi\321\372\f<\275\374\233\207?\220\370\263v\10\221\316!\264\355_\264_\30\312\262\224"..., 8191) = 8191
4131  writev(4, [{iov_base="\307\367\247\313\305\36\204\22\210\327[{N\36\321h\226\321E\203L\354\331\313\0\323\4x\240&8\4"..., iov_len=4096}, {iov_base="\201\v\357\326\234\231w\373v\212@f\303\"M\300\222\16Z\213\213\330\227\363\363\334y\273\226\324S\25"..., iov_len=4096}], 2) = 8192
4131  read(3, "\325\305\333\232\323\271\277zUS\244\347\350\331k\241=\304\226JK\371\340K\253\233\321\334\355M\24V"..., 8191) = 8191
4131  writev(4, [{iov_base="k\237q\314s\3351\314\262\4\345\261\374\234v\367\3_\342\261\356Q!\327+\371{\252Il\277\231"..., iov_len=4096}, {iov_base="=0\217\356%\344\373w\255\312[/\266A%\"\264m\267\320\302+\366oB=\305\335B\374\353\203"..., iov_len=4096}], 2) = 8192
4131  read(3, "b'\231B5\255=?\1H\\J\37R\276\306;{S.\226;\\]!\17s\266\215$\35\237"..., 8191) = 8191
4131  writev(4, [{iov_base="\5O{\260\234\3106\207['\334\26\240B\303\300D\2735\345.h\311d\274m\304ujB\376\303"..., iov_len=4096}, {iov_base=";\t\3561\356h\303\f\251\27\221\327=\204M\t\361\270\344\227\r\317K\245\3237\366\267_@\36\216"..., iov_len=4096}], 2) = 8192
4131  read(3, "R\5\276\2735\214\253\230{Z5\33\0366\324\374\3g\243\216\300wb\200\17D\307\216\n\\\37f"..., 8191) = 8191
4131  writev(4, [{iov_base="^\17\236\376\312Fg\360\324\25&\312c\320\17D\360\30\344\nR\306\375\3567%)\240\271\265\35\256"..., iov_len=4096}, {iov_base="\347\332\16\203\356kDS\204\322\360n\241\314\301\"\252 g\340\335\263\367\335\346\f\341V\312\204\17\6"..., iov_len=4096}], 2) = 8192
4131  read(3, "/A.c,\344\370Y\205\253\310\36D\215\21S\0\371H\345yq\21\272\350;<K[(\340R"..., 8191) = 8191
4131  writev(4, [{iov_base="i\277\330\346\357\377\303\370V\362c\262`\270=\213\341\377\265[\360Sq\252\341\322\216e\230P\301\306"..., iov_len=4096}, {iov_base="\227\204\325\2_\324b2\35\257\215\23h\342vr\341\240@\322\304G\222s\352\23\32\5V\240\363\266"..., iov_len=4096}], 2) = 8192
4131  read(3, "-\271\27;\10b`\222\27\263\264\265\303\312Yk%\24\357\313b\343\274\237\253\32\317\210NH\212M"..., 8191) = 8191
4131  writev(4, [{iov_base="'M\267\360!\353H=;>wj\217\361\2478f\"\332n\262\356\201N5\340\245Z\335J\343:"..., iov_len=4096}, {iov_base="\202\216\27p\2075\225;\366\311\245\351{\246\240]FKG\265Q\24\202\304\2kw|\f7\224\361"..., iov_len=4096}], 2) = 8192
4131  read(3, "\352\301a\274\320f\330\323\357\266\307R|\236\243v\342J\217&7u\267f\177c\17\267\35\360\274\22"..., 8191) = 8191
4131  writev(4, [{iov_base="gq\34KeA\25%L\366\365?Y\266\370\364\225\265vo\240:b8\370\360\26\214\230\351\200Z"..., iov_len=4096}, {iov_base="\215&\354c\362\262\23\207\f.\347\245\341\325\222i\25\352\375\367\254\23d\58\366\26\277\206\351\250["..., iov_len=4096}], 2) = 8192
4131  read(3, "\4\211\317\207F\20\216\214\263`\237\245\314\224\337\376\375\203\nUj\306\370E\305\310\r\241\257\222\36\236"..., 8191) = 8191
4131  writev(4, [{iov_base="m\211\250b\35\0{^d]j]Ao\315\355\272\303\227\260\31\340i\r\352\335=m;\324\340a"..., iov_len=4096}, {iov_base="\34\177\374.\361tX\10\314Q9\3]w\367\317\354N\320\0X\371\342}\227\250\346\240\240\370j\32"..., iov_len=4096}], 2) = 8192
4131  read(3, "f5\276\24\244\310\251|\231\344\342\10\240n[\213}:\365\276\317I\361ln'\251S\30\3673\311"..., 8191) = 8191
4131  writev(4, [{iov_base="\376\372\350\214\372C\343T\370\361\244\0\0+\273`\v\25\235I\223\2010R\0256\225\202\302\302\361\356"..., iov_len=4096}, {iov_base="\254\31\264\t\3449sTf\30\t\252\374\254\220\17gD\323\0\300\365\307\212\327\250R\237\241\344^\305"..., iov_len=4096}], 2) = 8192
4131  read(3, "S\22|\377\231\214\220=\215\311\203\240\341#\240\204hWe\375N\333\\\v\332b$H\231\374\264\374"..., 8191) = 8191
4131  writev(4, [{iov_base="3\252\2538\360T\213\344\243\315\362O$\246\35/\265\277\30<\211G\272\337>/Xu\256i\345/"..., iov_len=4096}, {iov_base="\341\371\267\247q\356\277\224\251\177Q\347\241\3348reS\312\0176?\346\10\364\334\203\241\266f(\314"..., iov_len=4096}], 2) = 8192
4131  read(3, "\v\2765\234\270\304O{\25\22\210\221I{\32\305\3117\230\345U<4LIx\225l/z\16\327"..., 8191) = 8191
4131  writev(4, [{iov_base="\355\216\270|\32\23p\205$\364\2625\321/\241Q\32\275\312\372\251\355\325(*``\376\361c\236b"..., iov_len=4096}, {iov_base="\356\r\314@A\346nSJ\26w?W\300\271\374\374\3567B*\334\252\203\272*+\354\241|}\33"..., iov_len=4096}], 2) = 8192
4131  read(3, "\210\376\f\327\214\245\225\313U\370\227}\370C\4\267?\324M\354\272c\254\f\310\214E\247&\340\263q"..., 8191) = 8191
4131  writev(4, [{iov_base="\371\277\276cfE\310,6\367\365\236\366\300=81>\206\373\366t\337\2\212\304\223W.v0V"..., iov_len=4096}, {iov_base="\226\221\177Cjo YiUE\366\331R\245\23;\355\257~\234hz\360rEg\252\34\240ny"..., iov_len=4096}], 2) = 8192
4131  read(3, "\251\361\35\226\346\241\217\270\373L\310\31\2411\370\215\315\366u\301u\304O\270\231\234M\311A\34N\17"..., 8191) = 8191
4131  writev(4, [{iov_base="\255\372\20\246\3522\6\266Rq\210\376\332\371\202d\3727\376\236\206H|\0U![\367\236\277\262\f"..., iov_len=4096}, {iov_base="\247\353\206\224\203\20\267D\n\333/>\314[sJ\241]Z\331\311\253F\205`\316q4\321n\226\257"..., iov_len=4096}], 2) = 8192
4131  read(3, "\226\305\216\361\337\0037\vE\266\216h\5\20:l\351R\205? \37\333\30\256\343\277B\306\26\270U"..., 8191) = 8191
4131  writev(4, [{iov_base="\323JG\371\352\351\240\3173\323\246\330#I{\307\262M\363\322\21[\374B#\213\367\32\277\253\227\36"..., iov_len=4096}, {iov_base="v\300\241\36\363\257\334\271:\v\\\240\243F\223\247\32\344\251\205c\264\244\365\tC\227\27\253\364\17X"..., iov_len=4096}], 2) = 8192
4131  read(3, "O\202\277A{\270-\351\317aiZ9#dSW\326\362\7\234o\207\365[\375L\216\33\3574\247"..., 8191) = 8191
4131  writev(4, [{iov_base="\22\241=\27\275\265)\27mT\234\33\267\231\1r\231P\251\322.`\353\226h\227\231\303S\244\234M"..., iov_len=4096}, {iov_base="&W\32\\T@=\367\314\244\355\251F\230\316\17\326\16\352C\241\35\253'\310g\206c\335\223\276\333"..., iov_len=4096}], 2) = 8192
4131  read(3, "\\F\217-3/W\304\255\232\f\3\372\324g;\355\4\234F\237!\335\221\202\242\302\375z\265\207\360"..., 8191) = 8191
4131  writev(4, [{iov_base="\356Q\347\216\212\344\337\211(\277\355\0\353\322n\35\223z\355\324\327Z\347\240g\266\367r\223)>^"..., iov_len=4096}, {iov_base="\r\16\334y\206/\324>\252\222\252*\257\363\201\362\261\332\241:\347(\226+\337\26\37c\204\32\272f"..., iov_len=4096}], 2) = 8192
4131  read(3, "\3106\31\245\24079\t\17\200-\37\215U_j`uP\362^\202,\376\267G\224c\300|q\374"..., 8191) = 8191
4131  writev(4, [{iov_base="TD\357\272\224\214\202f\331\17\310\22k%1\253+\302\330\7\260#\25\366\274e1\340\370\332;_"..., iov_len=4096}, {iov_base="\27\271h;$\324\354Z\6\323C\265\351x(\342\301\364(\343\315v\303\314\210\253l\307\214\6K\376"..., iov_len=4096}], 2) = 8192
4131  read(3, "\312\22\20i\t\363\232L,\361*;\322\27\371k\337t\257hC\352\23`\357\362N\221\343\307h\234"..., 8191) = 8191
4131  writev(4, [{iov_base="Qw\17\254\5;\322/\250\276\373\f\27\213\16\307'\357O\7\354\270\230\3765\267Sg!\264\256\34"..., iov_len=4096}, {iov_base="\246gV\255\260\3503C\320\26\337\324\224\377\300\210P/x\257\246w\266\244>;\257\216]\246J\212"..., iov_len=4096}], 2) = 8192
4131  read(3, "\347\227a\204\304\23\201?\252\250\4\314\311\2eGVXz\275\203m\3473\324\2750%E*\24\25"..., 8191) = 8191
4131  writev(4, [{iov_base="\256l\206\335\247\1\354\21\316\7\347\247HW,\311K\337w\2\2014m\205\2,\300\v)\366\336s"..., iov_len=4096}, {iov_base="\316\248\226\334wF\323\346\177\315S[\322\313\272~M\265)L1d\320\233;Plve\307h"..., iov_len=4096}], 2) = 8192
4131  read(3, "<\360\30\350\236+J\342\360\4\225\322\220\330\210\10\352\22\3532\231\253\240s8Y\242\337\342\1\245\306"..., 8191) = 8191
4131  writev(4, [{iov_base="\17\7\257\364\363R:\315\314\201\223\236\37\354.\356\256\247K\333dE\315\273:\354\322\330>z\272c"..., iov_len=4096}, {iov_base="1q\376\204\240\240\374\270\17\3312E\206\5\361\215\264\230\352\177\16bk2\1p+\301\10\31\3325"..., iov_len=4096}], 2) = 8192
4131  read(3, "B\332d\16\276.\260 \225\365*\25-\275\205h\r(O\250\251\221t\303\231\270\253E\202\377'X"..., 8191) = 8191
4131  writev(4, [{iov_base="\5Ib\276\254\254\23\221U$~W\nO\276\367\321\30n\254\351Q+\2\35\311lYb&z\300"..., iov_len=4096}, {iov_base="N^\343\276e\347\352\211q\30\332+1va\352\6\243\t\202<3o\316H\373\201\16\207; \353"..., iov_len=4096}], 2) = 8192
4131  read(3, "(\26\324\376\200S\224\267\204\324\f\2765\246\6F\2705\333\354\214v ?c+c[\242\253*A"..., 8191) = 8191
4131  writev(4, [{iov_base="\262g7\301o2\21\350\341\252\314K\227y\na\312\207m\306\205\2(\337 \277\313G\211\275\227\364"..., iov_len=4096}, {iov_base="\210q\7\24\316\35\36\2111\204\302\236\206\333\"\362O\2151g\362:\257b\4Oj\275\315z\370N"..., iov_len=4096}], 2) = 8192
4131  read(3, "K6\200\265\322J\2166\336\332\327\322\311|4\n\320\370?`Kf\323])\363\334\250\5\235\365\327"..., 8191) = 8191
4131  writev(4, [{iov_base="\352\272\370\373\207s\262\r0q\22\302\320\3178\330\3134\347\365\311L\326\362}\364\244\243Ol\\\270"..., iov_len=4096}, {iov_base="S\251\276\233\323#\36t\323\325\353\241j.\367y-s\26\270\326\245z\254\340\314\262%\5\235\372\351"..., iov_len=4096}], 2) = 8192
4131  read(3, "\366\27\207\261}\223\34+\324\216k0!\262\236\360t\315\312\330\245\347\32\314V\361\205\200\340`\"\334"..., 8191) = 8191
4131  writev(4, [{iov_base="Q\4\254\304\315\331*\\\322\350\312\370\352\3557\200\315\346`q\307\225\374U\223\240M\244\324V[\261"..., iov_len=4096}, {iov_base="\7\371\256\7\260\3537\252\270\21j\264\350q]\217\316\247hr@O\30\337.\276\21\223_\375\3\340"..., iov_len=4096}], 2) = 8192
4131  read(3, "\f\271\227\31\17\207n\310\317\377\23\337\265`\304\t\340r\4\324;\262\33i`H+\335\f0\241\357"..., 8191) = 8191
4131  writev(4, [{iov_base="\366{\302\205O3a\23\364\303\10<\t\375\262M\371\365\5P]\37\354vz\202\27\335y\341\370\361"..., iov_len=4096}, {iov_base="\373\266\236\31\346,l\253\353\333\200\24\351^\0\109\222\376d>\240wI\17:\5Bg\247\3/"..., iov_len=4096}], 2) = 8192
4131  read(3, "\372\6\252<\204\253\254\272@\201\376wD\374Z\2317A\307\301\224\360\360\231ru\344P\256\227\33r"..., 8191) = 8191
4131  writev(4, [{iov_base="\205\250\330\360s\226\3767b\303,\224\263\1\252\256`\274d\367\207\366\232\237\363\334\244o<\322l-"..., iov_len=4096}, {iov_base="K\204g+V>\317\34\274<H\364bqw\260i-\330\374\343\307\223\326\"Z\240\217\313\365\346\1"..., iov_len=4096}], 2) = 8192
4131  read(3, "\272\352\37\276-Ll\1\367\316\310i\227\265?\271B\274*q\1T%uS\r\31Y\215\5\357\214"..., 8191) = 8191
4131  writev(4, [{iov_base="\19\357^\365\232\253y\261\246G\33\v\251\371N\270+T|i\236$r\270\10\263\23\253\227\244\204"..., iov_len=4096}, {iov_base="\236Y\334-o\357\306Kw,S\0\204\27c\375\213\375\213\333\23\274Kil\315\216\367\272)T\17"..., iov_len=4096}], 2) = 8192
4131  read(3, "\301b\3037\235h\216f\205WS$\267z\267\374g\360\345\363\367\347}\211\226\204\r\220\37\342\245s"..., 8191) = 8191
4131  writev(4, [{iov_base="\273\362&\\\321]\257\205qj:\227/W\342\217i\250\204\234|F\353\2642\310\0373\216\363i\16"..., iov_len=4096}, {iov_base="/\206\240g,A|`\37\307\4H3\212\7\314\332~,\340\30y\3718\22\354%\246\305\32f\312"..., iov_len=4096}], 2) = 8192
4131  read(3, "\315\263y\363\300>\305\330w\321D\311\246\v\210g\6l\246\370\322\321\23\350p\229_\301x\4\264"..., 8191) = 8191
4131  writev(4, [{iov_base="\273\216 G4\316i~,\6}x\372\343\317`\201\35\312\30\36@\27\215\326\215\320=\216\322\"\206"..., iov_len=4096}, {iov_base="\354te\f\231.\307\346Y\31\343q\325\245u\222\234\352\376\325\214B\344R@\22\230\272o\315y\373"..., iov_len=4096}], 2) = 8192
4131  read(3, ".2\34e;qU\2739\217\217\21\341\\\235\205\356;f\25jJ\271v\256\254\f\1J\4?\310"..., 8191) = 8191
4131  writev(4, [{iov_base="up\322\236\202\231\307\7az\35\r\324\241B^\232\376\25272\1,~c\234\300RB\356\200\7"..., iov_len=4096}, {iov_base="\341\\\256\304Mj\342\224*\v\315\10\220@\376\267%\201-\263\336R(<D|\247\327p\365\224\310"..., iov_len=4096}], 2) = 8192
4131  read(3, "\22\27\273\32\340\335\233m\323\312\21\320\241\200\204N\2N\341/\260\271\n\331\226\203.\177\2\v]!"..., 8191) = 8191
4131  writev(4, [{iov_base="k\224W9)e\4b\344\221B@M\257\331\260C\326\300\25\r\f\205^\313\214\36\330F\223\24b"..., iov_len=4096}, {iov_base="\24\372A6\361\3537b\227I\27f]|o\236\3225\222_\0\344\22\263\374\vB\341C\263\342\314"..., iov_len=4096}], 2) = 8192
4131  read(3, "POM\373C\"\5N\241Q\262jdd[\225\275\\\324\374\335\363\375\5\213y\340\2144d\334\221"..., 8191) = 8191
4131  writev(4, [{iov_base="\215\365)\360\260\237\215\352\323\215\277\241\222\177\372\213H@\216\245,\354\204v85\223)&3\217\\"..., iov_len=4096}, {iov_base="{\t\346\215\2\24\253\200,b\331gCp\325\303\300@\361\rMy\2454\262\311W\237\230\264\322\214"..., iov_len=4096}], 2) = 8192
4131  read(3, "\341:<\302\332'f\224\t7^\377R\375\373A\25\360\230\264\231\362^\340\254\347\304J\326u\17j"..., 8191) = 8191
4131  writev(4, [{iov_base="&\335\366\336\253\316\222\rZ\277\234=\320\320G\224p\376\256\f*\257T\256\251u\361\7-\254\336\253"..., iov_len=4096}, {iov_base="e!,L\372\377\2\344X\351\277\327;p|^\241*\203\320\336\245\353G\236\210\324R\6\346}\202"..., iov_len=4096}], 2) = 8192
4131  read(3, "\266\25718+\25\273\257\345\361\306\201O\213s\220OP@\212\ny\210\236\242\21\251I\7\1?\366"..., 8191) = 8191
4131  writev(4, [{iov_base="\223\224\247K\335\312\264\244\204\212\215\253\244\v{\342\201\323:\3\323\344\272F\347\376\300\256]\0007\302"..., iov_len=4096}, {iov_base="\334\256\2316\4\253(\337AJ$M&\264F_\323\346U\37\366\232c%v\35\250F\202\276\264x"..., iov_len=4096}], 2) = 8192
4131  read(3, "\377\265\230\303\355\22\262\347&'V\235m\323\372\231\264\274\365?\17\256\233}F\vd\217\301\22\204Z"..., 8191) = 8191
4131  writev(4, [{iov_base="\nE\331\302\25\350\303\256u!\201\373\213\234\311\36\257\230\260.\275\27b\341B\1\235'\324a\323\251"..., iov_len=4096}, {iov_base="\227\20#Ah\202U*\314\221\226\215\f\276\304\245g\20\326\220\r;\334\202\264\326\262k*J\363\23"..., iov_len=4096}], 2) = 8192
4131  read(3, "\376\273P.\f\345E\254\203\t\330/\31&\231b\262\20\25\24\325\22\220hfP\17g\235U\372\340"..., 8191) = 8191
4131  writev(4, [{iov_base="p\230\344x\237\32,vft\311\244\216\205\215\30\306\n\366\f\6\5\274:\336\305\307wS\231\262b"..., iov_len=4096}, {iov_base="\0356[\v\33\21\10O\224 \200\2715\353`#\202\213\16?\252/\33\342a\235\323\271\367\232\251\357"..., iov_len=4096}], 2) = 8192
4131  read(3, "b\24\"\t\275}>\254\f\361\3eR\30\374*\364<%/\333y\201\260\7h\223#\3052\251\277"..., 8191) = 8191
4131  writev(4, [{iov_base="G\372%\3\213d`\361)\365\335|e\215I\206\240D\371\377-\273W\366\354\325\320\nDL\255\240"..., iov_len=4096}, {iov_base="\244bI_N\233\373\27\n\2328\6q\275TO[\214\210\17q%L\23\324F\265\n\252\237\251z"..., iov_len=4096}], 2) = 8192
4131  read(3, "\217\252\7\257\336(\302g\207\311\30\261\313\220\t\342\32\200\225\226M5\3564\10\24\342\325\325u3\316"..., 8191) = 8191
4131  writev(4, [{iov_base="\247\251>^6\315!14\24,m\4\27#\231HQ:\214\317\3137^\314T\342:\277\226\206V"..., iov_len=4096}, {iov_base="\347\108\225\236\221\237\353\1Q0\344\256\236\301\356-fi\315?\274\21\333Q\334`\2261\360\230\244"..., iov_len=4096}], 2) = 8192
4131  read(3, "\303\247cG\2671\351\331\360\207*\360\36\225T\341\336\364\25\377l\267\331\337\237l\v\3314\310Yz"..., 8191) = 8191
4131  writev(4, [{iov_base="\2\f<\245\314\321> \2460l9\376iG$Z4|\373\\\331\234\347Xw\317\213\3739\224<"..., iov_len=4096}, {iov_base="\246\351\362\2253t\250\310\304y\302'\244\246\332y\217e\6\242;\355\313\244\6\\.j\27\207\303\236"..., iov_len=4096}], 2) = 8192
4131  read(3, "\274q\266/\243\35bx\325G\213X\270\4\2358lR\200\207\255\332u\311\254wv\252\322a\222%"..., 8191) = 8191
4131  writev(4, [{iov_base="\204\356\213\244\267\3356r\241Y\376\320#\250G\2\370\202K\325\250!\0'\372i|\217\332\256\214\207"..., iov_len=4096}, {iov_base="\305\235\16WdQ\274\242\10\345\3\275\25Qp\335\200A'\343\207\366\251\273\231\235\367\36\36u\224\24"..., iov_len=4096}], 2) = 8192
4131  read(3, "\304\354\277\354\200\273R\374\22[\333\353\264\300\301T\206\201\n\273g\256\371\361\237\310\23326\343G\v"..., 8191) = 8191
4131  writev(4, [{iov_base="cC\372\255\10\333\227U\316\355T\2232-\364B\223\23\241gA\34\211L\0334j\323cx\307\337"..., iov_len=4096}, {iov_base="\354\321x \207\"\20\203\210v\35\277\10\270\257\337\203\243\371\334}y\5\337vcJ\243\22\370qs"..., iov_len=4096}], 2) = 8192
4131  read(3, "\341>\306\220\177a\332\242\375]\27\255\263\305f\230\373_\26?0GBh\17\230\204H;\335\341\273"..., 8191) = 8191
4131  writev(4, [{iov_base="\341\314\220\"\313q=\n\1\251\355%W\315J%\221$\272\33s\316d\346\276\350\304\322:&d\274"..., iov_len=4096}, {iov_base="f\0376\233H;i\274\311\26\24\375\320\203*=\300\223MX\2029-,H%\255\213\371!x\352"..., iov_len=4096}], 2) = 8192
4131  read(3, "\322\275F\303\261s\r\330\0060\337\356\227v\320\217#\340\6\341\253\356\307\274\364\ni\205{\353\231&"..., 8191) = 8191
4131  writev(4, [{iov_base="\5\324\313\320q\275\225\371\260u\236\352Bdw\0167\247\355\324\377@\330\363\322\355\360=M\336{\270"..., iov_len=4096}, {iov_base="\311cH)m\271\27\250\271(B\223Z\3332+^\231(8\376wB\202\363\276\363Q\324\334b\226"..., iov_len=4096}], 2) = 8192
4131  read(3, "\226\273\234l\f\200S\3212\213\334@(\274V\363\270\226Uf\226C\247\273\316z!Q\263\317]K"..., 8191) = 8191
4131  writev(4, [{iov_base="\302\236\3438\6\17\365a\256\n\24\374U%\312\365\230\224.\315F\346\\\370\224\224\320\211\320D\3H"..., iov_len=4096}, {iov_base="\0105\311\351X5\221\235\305\vh\261\243\220\275kDRT\252q\313<I\5\\@t\7N\326\177"..., iov_len=4096}], 2) = 8192
4131  read(3, "=\333\374.\2365\204\367_\212\252s\326v\1g\3315\255\303\32\344\20\246\225\32s1\375\267d\355"..., 8191) = 8191
4131  writev(4, [{iov_base="(\263\6\f\265\317\10\373\256\317\240\0272@=qd8\352ue\305\312\315\202C\305\n\351\365\361\7"..., iov_len=4096}, {iov_base="W\257\275Br\317\226V\321\203\331\221\331\207\307\1\312\314\323\205\f3\nO(R'\272\302\210\352\325"..., iov_len=4096}], 2) = 8192
4131  read(3, "\v\216\330C\37f\231\310\343<\364\233\220n\273s \274\10D\246\253\307b_rn\6\220\306\324\202"..., 8191) = 8191
4131  writev(4, [{iov_base="m}\16\34\6\3327\355\177\35\223\211\2136\10]W>G\\\302\320.'`\275\272\354\2755b\215"..., iov_len=4096}, {iov_base="Q\5l\234\0016\326]\231[\230\367\r\333\336\353\5\334\276\320\255\0\211\312;=\34lVyl\333"..., iov_len=4096}], 2) = 8192
4131  read(3, "\361)\\\366\312\3538\370\177\230\214\326\33\27&\320J\3554\207?\21\223\5&S\206\363\30\341LX"..., 8191) = 8191
4131  writev(4, [{iov_base="\33\263\250\340\227.Y\204\242W3\276<\16\221|\2024rdb\253A>\343\373\4f\252?\362\261"..., iov_len=4096}, {iov_base="U.\21\301\355f\243\311r\266\275\257\35\352}\256\207[\363\366\24\205\337+_\375\363\32<\253$\337"..., iov_len=4096}], 2) = 8192
4131  read(3, "\373\324\351\3P[3\314-/\36\255\332\4\337\"\23;\4\217\252\363#Df\236E\346\243\237\351`"..., 8191) = 8191
4131  writev(4, [{iov_base="q>!F\363py\205\340\344\374\243j\23f\31CE\320\234+\325<\364>\306:\324\244\26\241/"..., iov_len=4096}, {iov_base="\332\206W\20\272\3051\232\317^\317\320#\2039\5R\273,q\327C\337\303L\4O:\267\5\364\24"..., iov_len=4096}], 2) = 8192
4131  read(3, "\331o\257\251*w\311\326\246\373q\312\247\27\203\253\212\17\253\301\331\10\330\272NU\24\20{\20\270\230"..., 8191) = 8191
4131  writev(4, [{iov_base="\253C~\364\344N\307\274|\332\270g\213\207\\|Y\303)\327\255\207~\16\232?\257\277H\365\225i"..., iov_len=4096}, {iov_base="\242 \303\f\351u\225\217)'\205\21\304}\277\240\243\231\27h\264\342\r\277\205e7\4\337\225\230\216"..., iov_len=4096}], 2) = 8192
4131  read(3, "\274\375\260\316\25\251\204\222\246\224n\213\214\277\354\226\210<\"b\346$O\270\203\235\r\254j\350\365!"..., 8191) = 8191
4131  writev(4, [{iov_base="\252xXm\v\376\316\350\344\314\213\200\237'8c\301\342x\314c<<7c\vk\326\237\346J\307"..., iov_len=4096}, {iov_base="\270\5\3406\325\255\7H\230XnH_\3212\36\375m\273ym+^n\2N\315aq\243!\230"..., iov_len=4096}], 2) = 8192
4131  read(3, "\303+\26QSI\260\377xM\346UJX\343\32\354\274\211\273Eh\373\363\262\342\212\34\t_\3720"..., 8191) = 8191
4131  writev(4, [{iov_base="^s\230\324\302\334\272\374\357G0\234\2446\244\2\334\321\276\325\310\233\2419_t\263XR\257\235\345"..., iov_len=4096}, {iov_base="\224\252\373W\330\323r]\312\232\310a\v\253R\215\261\0u7p\236\230\232\202}\374\256\205\313\255\300"..., iov_len=4096}], 2) = 8192
4131  read(3, "V[\372n\59\233\313\2478`\202\243W\360P@\35\341\24a\374\7\314r(\331B\272Mu\213"..., 8191) = 8191
4131  writev(4, [{iov_base=";\214g}oM^\332\206(\16\7m\210\350k\234,b\263\t]\365\216\231\377\240=\t{(q"..., iov_len=4096}, {iov_base="s\313;G_\376\"\t\3\6\203'\341\354\222v7\31\2645\n%\335\206>\256\212\254\26\342q\251"..., iov_len=4096}], 2) = 8192
4131  read(3, "L\374\246\35\205\356C\4\213\333\307Ic\360c\245\23\1\324\363\3566ZN\33\244\n(\244\234\323\236"..., 8191) = 8191
4131  writev(4, [{iov_base="\366\355\234e \236\325\355\311\334\207R\30Q\302\217\26\275\330v\246\262\2155z\276s\36\272\276\202Q"..., iov_len=4096}, {iov_base="\304\21\221\3\212\376\312V`\303\255\247\4\230J\314\240B\222\243\370\37C\300\t9\232\325l\317\232c"..., iov_len=4096}], 2) = 8192
4131  read(3, "F\353gq\370@\276o\245x\27\273\247_[\266\233\332\337\315\332\310]\3129\312rb6\304\256D"..., 8191) = 8191
4131  writev(4, [{iov_base="\n\330\217n\237\202x\230\200\303\322\235\v\313\303\317\310[\241\25\3757?)\253\277T\246\275\373\316M"..., iov_len=4096}, {iov_base="\205+Cd\vi\372\35n\335fC\370*\264ygr]\22\2013W\354\224\243d\256\200\240\234\375"..., iov_len=4096}], 2) = 8192
4131  read(3, "\10\271\225\257>\315S\331\242\211\17:j\327rT\361;\325iE ]s`\303$'\323\36Nr"..., 8191) = 8191
4131  writev(4, [{iov_base="CHHZIuu\313\n\335O\207be^\30\264X5G\246\r\322]<\263\fX\222\3762\275"..., iov_len=4096}, {iov_base="\210&\27\341>\337)\301<\377\240\205StQ\16*\270\210Rk\34\7Q\242\243\261oh_<\353"..., iov_len=4096}], 2) = 8192
4131  read(3, "F#\277L\37S;\343\330J\310Sp\256y<\30>\1\253\33\251\332_\25yB1\254\375\362\325"..., 8191) = 8191
4131  writev(4, [{iov_base="\255^\301\262\"O\2378\2507T&\20\26u\260\371\20\0d:\302P[\271\240\245m@{\223H"..., iov_len=4096}, {iov_base="Rpc\314\24&;\264\fN\31r\247\3171\370\377p\200Z\355=\3707\251l\263\335\36\264\317\34"..., iov_len=4096}], 2) = 8192
4131  read(3, "\31\367|\7\3\274\232\377x\n\234\217qS\316\177B]:\336.\350\243t[\365>\0(\210\250M"..., 8191) = 8191
4131  writev(4, [{iov_base="\264LN\340\334\276\221\22B\231\217\231\376M\35\274\311\\\332\317-|?SY\204<\232\241\0.f"..., iov_len=4096}, {iov_base=":\34\364\7\311\347[~\217\3128\257\242]\311\204+ \366\223\36\2737\365n\273\350\212\312\352\244\372"..., iov_len=4096}], 2) = 8192
4131  read(3, "\322\23\316\253Z-\352\24\354s\224\35\264a\316\274i\1\356+\231\351\200\3]\260dR\330\343\367\247"..., 8191) = 8191
4131  writev(4, [{iov_base="\23i\207\362\307g0\372\261\256t\26\2128&\2443\5\245\362x\332s\246\204\24#\327.\201\226%"..., iov_len=4096}, {iov_base="\273\277\343%s\320n\223#\r\265\2156\275N\271\37\6`t\n\20m\341\37\17[\200b\26\227\372"..., iov_len=4096}], 2) = 8192
4131  read(3, "\371F\362\303\372\257%\304;\303\241\240\"7\222\261\33\223K\265u\362D\321\213\264\215\243\200\22\302J"..., 8191) = 8191
4131  writev(4, [{iov_base="\311\264\v\257-C\345\36\212b\251~B\337\204\316\343\257=\232\363\203\310h\2769\367\340\314\372\350L"..., iov_len=4096}, {iov_base="\237\353L\202\346\220vN>\260}\332\3\337i0\206+\335T\25\372\206&\207\230\r\34\t\253R\331"..., iov_len=4096}], 2) = 8192
4131  read(3, "\f\232\35\4\223\272\274y6\257\263\270-V~\240\4\20t\335\224a:\23K\264>M\\\7\354*"..., 8191) = 8191
4131  writev(4, [{iov_base="\36\317\362k\202TP&\274*\316e\325X*.\301\346\345l\314\360H\27%\"\232{)B\215\362"..., iov_len=4096}, {iov_base="\220\37<7\341gA\333\353\344Z\361\224=\3\372\0\205{\0g\356!\346\33\327^\376\212q\25\371"..., iov_len=4096}], 2) = 8192
4131  read(3, "\36\273\340\330 zC\253\361\202%\340\32\342\f\352X\330\200\356\342\224\371B\244Z\357\177\311\311K\247"..., 8191) = 8191
4131  writev(4, [{iov_base="\370\376qE\210\25\356\306n\217\v\366\273\337\363\361\326\35J\205H\231\2257\21\201\200\334\312#\300\377"..., iov_len=4096}, {iov_base="\255\"\203\251\303*\326h\304\251G\304n?\366\356\237\2/\235:s\217\"\6\7\335\317K|\252\350"..., iov_len=4096}], 2) = 8192
4131  read(3, "b*9\323f\302F\331\3062\370!\366\310N\376X\353\240\254H\313sUg\262\257nr6:5"..., 8191) = 8191
4131  writev(4, [{iov_base="\222^\377\357A\33\223%\355bp5\241\363\21\262\32\252\255) kh\367{\353jO\251\301\231!"..., iov_len=4096}, {iov_base="g\\\265\321\353\370\367\2\333\212\226\307\356s\260\232s#\331*\212HU\233jI\345\354\2017h\212"..., iov_len=4096}], 2) = 8192
4131  read(3, "\236]\375\235x\372\232\205\350\314j\203\10\333:\341\366\316\261\332\3728\311\246*\221\230\335k\303/f"..., 8191) = 8191
4131  writev(4, [{iov_base="\206qg9\343\214l\360Ip^;&\235I\25\237\275\361\27\331<\346\232\322\275\362\31\306\374/\334"..., iov_len=4096}, {iov_base="rE\206\2675\310Ul\vd\237\215Ko\360]\362\243\232\321\0161\25\204-\20\333\v\334o\203\310"..., iov_len=4096}], 2) = 8192
4131  read(3, "\346\216d\260\344\200\315\271wq\32!-L\321\263uJ=.\255\247U\332a \213\316\266=X5"..., 8191) = 8191
4131  writev(4, [{iov_base="^x6n\24\377&\4\270\270'\353\5\212Pl\310\252ZL\214\236\26\356\246\213K\373\25\376\200\24"..., iov_len=4096}, {iov_base="\237\4\245\267q\375bT5\356\313R\223\370\301\346\210\324e\203\rk4\33\225\343f\367!4\265\332"..., iov_len=4096}], 2) = 8192
4131  read(3, "\7\200e\24\226\357\364\303\374\30A\277KrL\0057\333\353\177\312\210\224\373q\314\344\7E\36\31\265"..., 8191) = 8191
4131  writev(4, [{iov_base="\374\225\354E\275\263r\326<\344\366i7\344I\343\237\366\354X\212o\37\372\333\213G\354_\364}\33"..., iov_len=4096}, {iov_base="\374\362&?\202\226\374\f\271\337K\221p\360\340\21I\206\315c#\377f\375\372\265\314\221;\346\244\260"..., iov_len=4096}], 2) = 8192
4131  read(3, "\266\277\223\260e\263\220\340.\20\321a\242\337\361\363\327+?\275K\200\37f\274\0320\303\201T7\17"..., 8191) = 8191
4131  writev(4, [{iov_base="\221\r\345\7\306\22\300\212D}\210$\247(F\33@\357k\210\362\336g\324}q\223m\332\324v_"..., iov_len=4096}, {iov_base="@?/=k\16F2'@\211\354\6\3q\v\355\206P\377\256\220\3344\357_\236\246\267\22\4b"..., iov_len=4096}], 2) = 8192
4131  read(3, "\234\233\344\237\352\372b\331h\370L\254*\225\255\22\234\327T6D\342\35hT\305\314h[\323&j"..., 8191) = 8191
4131  writev(4, [{iov_base="z\245\327\355\273^\33\374\372\264+\352j\r\32\327\257H\377o>O&>\0313\363\25\33q\202{"..., iov_len=4096}, {iov_base="\275\243\275\300\207T\207\24\321\3047\216e\204\244;\"\6\3659v\342\26`\334\310\0335^\212\367\304"..., iov_len=4096}], 2) = 8192
4131  read(3, "~\347:\211\267\323)\321I\3011\t\206\214\361\230=\313xj \373\305PJT\372#\353\252\346\24"..., 8191) = 8191
4131  writev(4, [{iov_base="z\320s\201\f\250{$\307l\254\237p?[\201\225\276\331\232W?\343\240V\332\304\256Q9c\22"..., iov_len=4096}, {iov_base="\303\360\35\225\225\305.Q\312E\330\252jh$\223\320\35\211\344\24\320\205i\221\257\4/\2235fB"..., iov_len=4096}], 2) = 8192
4131  read(3, "K\243e#\223\341\216\307\242\\Ah\345\"\233\22r\227\20\313\344\30\302\2037g\3\260\350\313\224\254"..., 8191) = 8191
4131  writev(4, [{iov_base="X<\257z\330\206`\21\2\377m\21\225\\zo\214\263\300;_\336\"{\372\2178\346\30\10\310\376"..., iov_len=4096}, {iov_base="\300rE\200<v\227\31v\224\324\361\210Y\255\243\3\263\3577\343\204\260\206,&n+\200A\344\266"..., iov_len=4096}], 2) = 8192
4131  read(3, "%\234\256\352\223\27\33#6\345\266\26@3\233\300\2\26\353\213\221\330c9\314\rN\352\2514P\365"..., 8191) = 8191
4131  writev(4, [{iov_base="\366\233*\3220\234}#]N\277S\354^\3\340\244\361+\341\357vv\266\326]g\211\214\232nn"..., iov_len=4096}, {iov_base="\254\2}\256\360/\244q\355\17\266\267\25_\6\1B^\"G\30p(\34]\10!\303i\255\333N"..., iov_len=4096}], 2) = 8192
4131  read(3, "W\1\23\333\313*\256w\3467\364\367\374\334\31\275\207\243\377S\276H\21y&\247`\223\357\347\215\311"..., 8191) = 8191
4131  writev(4, [{iov_base="\341\0326\1$\24U\rW\205\357\214\365eM\n\316\260T:-|\215t\27\343$-\324I\374\235"..., iov_len=4096}, {iov_base="7,DX\360\220o8H\240\240\233\320\275\347U\214\361\361\6_\7j\332\214\261X\0\262\335\16\273"..., iov_len=4096}], 2) = 8192
4131  read(3, "?7C\241\f\2448J\16a\371F_\301\311M\361\312j_\21e6\354Ui\215\342jo\234\211"..., 8191) = 8191
4131  writev(4, [{iov_base="\t\271\223\305\25\315\312\217\251\372s\26W\331\316\206\222\10\371\22090\33\354\2\247\274\357~#\231\350"..., iov_len=4096}, {iov_base="\335\355Rp\332\3047$\364|\326\354e\200\317v\315\21\v5\340\244#\227Y{ic\337*WQ"..., iov_len=4096}], 2) = 8192
4131  read(3, "\241\272\203\246\7$\275\26dR \253\264\237A\375\347[s+'\236_gB})J_\27\255\334"..., 8191) = 8191
4131  writev(4, [{iov_base="\21B W\312Q\236'\177M\260\210\203\vE\226\"lPvP\355qJ;\213\223\377\252=$\341"..., iov_len=4096}, {iov_base="G@\221\33\230]\f!7z\232\246T\271K\273\256\246i\7\304b\6\245(e\0245\315\274\245\35"..., iov_len=4096}], 2) = 8192
4131  read(3, "\316ldB\323\247\266\334\300\230\374\254\3752)g\16\267\337b]\17\216a$z\244\274\374\202\270\374"..., 8191) = 8191
4131  writev(4, [{iov_base="*U\3722\323b\200\266\220\373\200\255\316S\247\2P\25\320\333^\377w\270\227\275'\6\16\235YO"..., iov_len=4096}, {iov_base="}N\322\360C\312\277)\340\354`\20{\\\231\3467\17\364\210\354KsT\261\336\307{\343u\300\r"..., iov_len=4096}], 2) = 8192
4131  read(3, "\3679\255\235\204\215C\370oI\20tb\237`\231\7\224\312G\334\33wa\370\264A\335ei\303\17"..., 8191) = 8191
4131  writev(4, [{iov_base="}q\326\344M\265Mg0I\24\273\305\323R\16T\247l\2318\315\r!\276\362\366Q\206M\10\226"..., iov_len=4096}, {iov_base="\317\31\21\340\24/a2P\314\313pj\254-\6zX\327\17\340\231\343Dx\21GY\30\5\333\213"..., iov_len=4096}], 2) = 8192
4131  read(3, "!L8@yI\363\0076\365\35\337\364\344\366\2463\305\306)\0\6\225\334\t\5FCAs\266\211"..., 8191) = 8191
4131  writev(4, [{iov_base="\231\302\363\341m\303\241\r/\365\324\203\213H[\266G\326$\24h>\230\305\254!5\0\306\23D\347"..., iov_len=4096}, {iov_base="\341\274\3457\242\274\267n\3449u\364\341\232\272d^\203q\316\215\220\374sJ\315\232\225\235\253\3("..., iov_len=4096}], 2) = 8192
4131  read(3, "\250G\n\234\244\216~o$XS\2773x\331MI\21\17\25\2661\252\332\36\231\353\360Vk\320\335"..., 8191) = 8191
4131  writev(4, [{iov_base="\334\314\30\t\23\226\262\312\306\20\333\272\31-\334Uc\224w%\177`\335\226W)}\206\35\375\304k"..., iov_len=4096}, {iov_base="Sp\244z\20\"\322W\0242\260\20\2555\272\17_\177wu\251\262\24\201Ov*\32\307.\263w"..., iov_len=4096}], 2) = 8192
4131  read(3, "\377\232\1jx\24l\35\3417\4M\364\220\265Q\217\2627\264\4\260\250\33\v\17\363\6\205\301\237\212"..., 8191) = 8191
4131  writev(4, [{iov_base="\333\336=\252\"<\3102\34!\250\351\354zs\334\326\240T\0D\334\244\232s\204\323\33Q\260\277\352"..., iov_len=4096}, {iov_base="\301\320\203Z@`\3063UJ0\237 !\302I\267\261s\341\7\253\\\213P=\241\316Umh\244"..., iov_len=4096}], 2) = 8192
4131  read(3, "\322\216\325\213u\334 \213&\336\276&8\335p\26\342\5 \301?\342\324\n\355\200!\32\223um\364"..., 8191) = 8191
4131  writev(4, [{iov_base="T.+\332\24\224\310*0\6\7:'\r\362\263g\346L2\3\325\35\26-\351N\246\0\346\212\217"..., iov_len=4096}, {iov_base="\34qck\36#\377Rp\231\356\203^|/\36ZZ\311\364\17\21u\255K\n<-\v;]\350"..., iov_len=4096}], 2) = 8192
4131  read(3, "!\225\316`v4fY\225-\243\0355\3572g\n\237O\260\27L\307\307\273\377\234\354\335\301\327\315"..., 8191) = 8191
4131  writev(4, [{iov_base="\16dw\3226\32\317\326\244\24\357\375-\324\r\3q\30\373\336\301\355Pf]\37*\336:f\26Z"..., iov_len=4096}, {iov_base="~\33Yx\"\206\316\361*\266\23(y+\345\206\245\262cfk\216\371\7\267F\366\244f\303=\334"..., iov_len=4096}], 2) = 8192
4131  read(3, "\316\354\326J\332\226\342h\246\301\331W\247W\7J\314\303c\207\363\"\177\354HK\373\32\263?\32`"..., 8191) = 8191
4131  writev(4, [{iov_base="\333M\36\366\264\6a\355z\364/\36\270\303:-\367\246\346OMd\311\270\255b\v\"\t\37\5\0"..., iov_len=4096}, {iov_base="\354\247Y\v\302\225j\272\34\223r\200o\2248\331\254\302\237:\21\331;LM\\\17\24\355\261d\263"..., iov_len=4096}], 2) = 8192
4131  read(3, "4\316\31\273e\230(\366\244\220H\345\31\237\346\266\213\251\315.1\320\232W~y\22i\344&'\323"..., 8191) = 8191
4131  writev(4, [{iov_base="\227\210)\361X\331\333\24\253To6g\227\370\306z\v\232\244\342q\367\234-`[\5\20\nE\344"..., iov_len=4096}, {iov_base="\177#\35_T \213\332\230l\200\2746c\23\227N\37H\351,\35\304/}/.\37101\254\376"..., iov_len=4096}], 2) = 8192
4131  read(3, "\17*%\320b\2201q\342\33\272\271\22\7\243\267\7\327\310\2531\225L\316\366\262\31%\344'\347x"..., 8191) = 8191
4131  writev(4, [{iov_base="g\375nz#zJ\4,s\34\30\225\21v\315\353\344\365B~\222K\260P\341w.\276\33\203\254"..., iov_len=4096}, {iov_base="/]U\375\313\317w2_<\2474\230'\371h\231\325\321\233\"\270\202F\326s \244&\254/U"..., iov_len=4096}], 2) = 8192
4131  read(3, "\240\215\34\270\376z\353\v\221<\242\236J\211|\260\20\321\326~@\366<\213\357\327S\205hF\245["..., 8191) = 8191
4131  writev(4, [{iov_base="\300\363rw\323\200v\343\7dl|\205\340h\346\201\277\233x!o\256?\317\266\350\341\2018\350D"..., iov_len=4096}, {iov_base="<A\vS!\203\356\330O6\303\313^\245\222\335X0\312\t\372\16\207\347\355\330\3660\341\240\373Z"..., iov_len=4096}], 2) = 8192
4131  read(3, "\264\217\256sX\357\241\241\335Q'\241-\371\6\34\274\0327kx^\272\300j\261\2A/\33\5M"..., 8191) = 8191
4131  writev(4, [{iov_base="!\31\360\306\4\203;\215\21\347\23G7\374\345\215\v\263\337\264\222\344\200=\356Pq\272\317\264.>"..., iov_len=4096}, {iov_base="L\31(\7\303!2\300\2110\r\17`\32\231\4\240\200\372J\272I%/Q\21MT\264}\23\6"..., iov_len=4096}], 2) = 8192
4131  read(3, "\246\245uf{\204\347\335\305\245\360\363+\310\201R[\230\6\263\310\357\307 \222\226\335\vW\370\34@"..., 8191) = 8191
4131  writev(4, [{iov_base=";\26\2521_\347\3563\357x\266\324\247h\372\37\34\371\0\361\272=}\260n\300\0\377\371\227\352&"..., iov_len=4096}, {iov_base="\24[\243\213\305]\351*\316\343\244;`\20\263\376e\242\346\303,\3\262\347 \211qB\n\373\16N"..., iov_len=4096}], 2) = 8192
4131  read(3, "\n}\37\350%\250\0044\\\221\272\1\35)\225\364\260\v_i\237\3559\375iUB1\313\273)\365"..., 8191) = 8191
4131  writev(4, [{iov_base="\246\32:5\252\336\vH\230\277e\21\304K\232\241\307W\3gA^#F\260\223\303:\22Q\262Z"..., iov_len=4096}, {iov_base="{N\216\242WfQ\337\2376>\5\232\316\7\274\23\213\26\351;\376\254\242\224\301\315\331\323\177\16U"..., iov_len=4096}], 2) = 8192
4131  read(3, "\31\263\214\376\32\233\316T\230\36\242\225m\214\n R$\355DXm\350#i\314\245\31~%\232("..., 8191) = 8191
4131  writev(4, [{iov_base="I\264\0\337,P3\306\207\373\333\0357\242gf\30\253\234s\216S\334\375P'\324>\224\325~<"..., iov_len=4096}, {iov_base="r\\F\33\335A\231\207\371.\257\225&\370\202\16-\330\333\272R\320\212!K\304qt,\342\7\330"..., iov_len=4096}], 2) = 8192
4131  read(3, "FO\33\265\373M\252\353\300\267\257f\311M\211\204o\331b\220#\347\314\225\330\233\253\0J\232H%"..., 8191) = 8191
4131  writev(4, [{iov_base="=*:w\1\273\342\16|\17d\263\25\253M{E\311\266\325\363U\2430\177\326o\204\21\375\205\247"..., iov_len=4096}, {iov_base="cM\326)\332Gq/\1\243\222|\364\244<\375\313Q\221c\346\256\30G\303\335e|\234\227\"\320"..., iov_len=4096}], 2) = 8192
4131  read(3, "2\212\326\7\323F\321#/\221T\225E\263\37\"\325\210\262{\247/\210\213\353\370\3302f\3751\277"..., 8191) = 8191
4131  writev(4, [{iov_base="5-W\230h\360l,~<\324l\326s\215\264\26F\330\220)+\\\322w\310\301\326V\326\366#"..., iov_len=4096}, {iov_base="\240\377\271=H-\362If\300\330\2175\311\3263]`DK\201~\3712\251*\267\177\214e\203\n"..., iov_len=4096}], 2) = 8192
4131  read(3, "uY\377n|\202\277J&\214PY\233\347\276\207\257\247\366\364\22\t-\336\267/\343\337)\25\304\217"..., 8191) = 8191
4131  writev(4, [{iov_base="\231\275\231\207\f\364T\3T}\370\330\253l\375]\\\243o\326&A\327\240\256\342\215\325\244r\327\210"..., iov_len=4096}, {iov_base="\232\222[\30\3 !\v@\237\25#t \362\327VX\350\341\270\3275^\226\236\333\344M)\255p"..., iov_len=4096}], 2) = 8192
4131  read(3, "\222\256\347I\352[2\32\207\307\223oU\206q\255v\360\354ZG\20D\302>\27\263\2\5\21 \270"..., 8191) = 8191
4131  writev(4, [{iov_base="\236\t%U\317\350Z\276\245\373/\326\220\236u-\335\277\26B\367\325\353\276>\247\26\36\265\t5{"..., iov_len=4096}, {iov_base=":T\365.\\\333?\2\354\264\324\276\fe\214\235\33>\25\273\334-\246\2101\3542em\201\216\370"..., iov_len=4096}], 2) = 8192
4131  read(3, "\24\374\211=l\263`J\37\303\270\2V5\r\354L,`\202\375\312o\216\355\261L\204\257lE@"..., 8191) = 8191
4131  writev(4, [{iov_base="\277R\223\206I\2424\6\\F#\30\343x;\v}\224Q[\247)\263Q\10\276M\314\206Zu\260"..., iov_len=4096}, {iov_base="\240\220\311E\336W'\361\376\222@ \2403\207\244*\351m\255?\275\212\214\233t9\362!NqV"..., iov_len=4096}], 2) = 8192
4131  read(3, "?\200\246\3458\265/\247R)<\206\213b\212.\24\17\252&X\302\211\265Wa\34j15\321Q"..., 8191) = 8191
4131  writev(4, [{iov_base="\321P\221ovc\263n\16\210\0\325\272*\214\10\337\340\367\321.<\306\4\3347\230G\355\260/\340"..., iov_len=4096}, {iov_base="\26\315Ga\323\311\271}\327!\376\177@\337%\262S\33\256\348\362H\267\370\371\373\223\252\343\267="..., iov_len=4096}], 2) = 8192
4131  read(3, "\356\322\216m=\325T\243\312\372\225V\252\2019g\31m4QU\220tWF\345N\365\306cH\215"..., 8191) = 8191
4131  writev(4, [{iov_base="TB^h\250\301S)\314\6\204\317\276\25m\370V\330\3\10-4F)\355\fD\304\316\360\362t"..., iov_len=4096}, {iov_base="\244\357$BSUD\200%\263\206\3439}K\33424\n\323\311\367\177\r\3\225\30:\252k\232\22"..., iov_len=4096}], 2) = 8192
4131  read(3, "\355\372\341\370\315-g\31\206\350\304\354\345\10\215N\351\220X\0N\337\336\374\212.2P F\215F"..., 8191) = 8191
4131  writev(4, [{iov_base="\260\231\200\313j\2118\16\210\342\n3\365\v\251\202y\216T+mV\210\251P\f\364Q\336\372\330X"..., iov_len=4096}, {iov_base="\177I LpC\305\305\275/\337\177\254\2336\273\360\363*\354\215x\265w\6@\376\350\207\324m|"..., iov_len=4096}], 2) = 8192
4131  read(3, "\341->\314D\375`\227MH \370\23y`\213\31\2407\231\337m\306?\334k\262\201 s\37\366"..., 8191) = 8191
4131  writev(4, [{iov_base="\23@}\325\355`#P\23\25\360uL\244\23k\361\347\244\305\213\30n\275\2141\340\222\17\21)\21"..., iov_len=4096}, {iov_base="\202\20\2135\334\263.\333P\353\217\24k\f\205\305\374\303x\231^\376\333\274\247\343\307\337j\36\237\327"..., iov_len=4096}], 2) = 8192
4131  read(3, "<\370n[\2w\333t\177P\17pi\320\3\23\243\225\311\261F\217\272\26C,\311\242Wnn\272"..., 8191) = 8191
4131  writev(4, [{iov_base="\322z|q\313\177\230\203\16\331\271o\255\217f\240}\343\230=V\256\225\201\7\177\343u\260\265\301\273"..., iov_len=4096}, {iov_base="\16'\307E\357\213()\344\245H\212\323v\346K\261oDe\31\254\225\35p\322\36J\346Q\32e"..., iov_len=4096}], 2) = 8192
4131  read(3, "\304\2109\350]\ra \240uyg?\342\362q\347\310L\323\207\351O\366\373\374\273\217\327\247F\370"..., 8191) = 8191
4131  writev(4, [{iov_base="\246\247Fcq\320s$\316:\212\350\204\204&\337x\213\300d^\217\256\fX\213\\2\300\34\217\206"..., iov_len=4096}, {iov_base="\300\375\330\26\212\357N\260\343\234\203\220\16\216\350\347\16\254\317Q\361\263\357\207B\230\20F\254n\203\306"..., iov_len=4096}], 2) = 8192
4131  read(3, "\30K0\356\0iO\253\245\331q\334\205ci\vh\326z\234\371;\256\210%\257\322\277\25\315\335\""..., 8191) = 8191
4131  writev(4, [{iov_base="\351\315\205!]\331\366L\354y\362F\325\226\36\255S=\203\216\v\1\216?\300\321\304\n\314\250\327\31"..., iov_len=4096}, {iov_base="\244\315d\3305\243p\273\216\322C?S\21\4W\r\251\363G\243\16i\225j\342\304\1\2\341\223;"..., iov_len=4096}], 2) = 8192
4131  read(3, "\316\30W<6E\213\224\211\203\31\371c\204a.{\271n\216\366F\30\221\315\302\253\271\342\3\270\226"..., 8191) = 8191
4131  writev(4, [{iov_base="\351\230lX\26\376\267\0\34\331-5\2219\236\301\205W\274\2718\231v\177d\241\326\207\33\367\253k"..., iov_len=4096}, {iov_base="=\"\344\237\256\16-z\264\267\220\356\276\n,\300\341\332M\364_\3703?\177,IF&\340QB"..., iov_len=4096}], 2) = 8192
4131  read(3, "=\374\354\355\307H\237\302\n\32\324\210\262o\r\336\10\257$r@\216\376\2516.^\321]\16<\273"..., 8191) = 8191
4131  writev(4, [{iov_base="\276V\261g\334\23\254\27,\360\341B(q\232\305@\3\24\342\360\27\4W0\31\177\"\331\203\263|"..., iov_len=4096}, {iov_base="\255-\317\267\335=\276~\260\36=\205^u/\2460l\257\17\210\205\253h;\365\211\324\225-\366\205"..., iov_len=4096}], 2) = 8192
4131  read(3, ";\233>\365K\354VUbR\236^[\323\223\234\216~\3351\5{\247\317\364\233f{\367\233\226A"..., 8191) = 8191
4131  writev(4, [{iov_base="\234W\310\255~\377\377\270.\323\3121\256@\330$(\322\311\361O\202\0)kp\0\4\310=R\310"..., iov_len=4096}, {iov_base="3\1=\\Y\201&\270PP\4\223\307\374\345\321wVR\240_g+\235\243\10L\321<\240\316\300"..., iov_len=4096}], 2) = 8192
4131  read(3, "\240P\331\253\34\323\307\323\365\206+\3339Q:)\272Na~\265|\360@\2\354\203hj\225/\4"..., 8191) = 8191
4131  writev(4, [{iov_base="\300\25\242}\24g\276\343\216\352G\213?\257r\217\n*^y8w-\v\222\31\271\316\365\310\271\22"..., iov_len=4096}, {iov_base="\244;\320H\35\342\274\272Y\224%\335m\377Zi\234us~,\344\316n\220\325W\234\nC\340\337"..., iov_len=4096}], 2) = 8192
4131  read(3, "&\271Nw\242-\313\331\320\223\263\0/.\\\245\t.\312\350r\2\372\32\"\2\27\\j\354\254a"..., 8191) = 8191
4131  writev(4, [{iov_base="(\361\271\233\330\273\300\310\213#\247\227\371\241\216S5\350\215n\225\204]\207\37\364\4\0247\215\353\375"..., iov_len=4096}, {iov_base="\17\32a\355\311~\252\343Wk\324T\365\305\0200\227g\215\373\7\323Y\255d\230\375p#F\261\212"..., iov_len=4096}], 2) = 8192
4131  read(3, "\316\364iq\214\0\201;\3234\347\320\220\26]\31\233\316\366\314\252K\342\225\2244J\256eI\323\334"..., 8191) = 8191
4131  writev(4, [{iov_base="\311\316\310\332-e\250\271{\250\347\206\2113\3268\347\251\247\2614\311\346g\344\317>\277\\\304\256\367"..., iov_len=4096}, {iov_base="\24\210\265bO\276\246\303\224\255\373\305O\25\345n\202\244I\260\30}y\212h\314J\340\300`\217~"..., iov_len=4096}], 2) = 8192
4131  read(3, "W:\7\202\315\276\316p\222\25\36\242{\"UK\34-\340a\202\333\3s\347\345f9[\2670n"..., 8191) = 8191
4131  writev(4, [{iov_base="M\274\276p\367\200\314OQH\220Z\324r\333\357\325\3511\246\204w\232U\227\n\253_X\300\5\231"..., iov_len=4096}, {iov_base="\217\227\227C@+\33\220\256\3763\10\336\216\326\205\361\236\356=\212\"\31-m|iz\355\31V\247"..., iov_len=4096}], 2) = 8192
4131  read(3, "\25\276H\224n)*\347|\236|\356\f_A\254QW0\367\3422\216\323INk-\325\204\32\307"..., 8191) = 8191
4131  writev(4, [{iov_base="Api\377v\212$x\274ic8\223\317\263]\337\337<'\215\363\370\\\263j\224\231\366z@a"..., iov_len=4096}, {iov_base="\204p#\206\271\270'#\274\246\212\341\365\371(\353\234\371\226w\274G\264\321QLm\346t\"\32)"..., iov_len=4096}], 2) = 8192
4131  read(3, "\f\234\210\326\350\264\270bJ\246\374H\375\17\314\36\217\7\356\212\366\343&!\377\311rhE\262}\206"..., 8191) = 8191
4131  writev(4, [{iov_base="D\364y>\357\305+\371(\214$_\263\303\226\337\30\245\264q\2\t\4\"Z\232\22\31\252b1\374"..., iov_len=4096}, {iov_base="\221\341\242\177\177\315\22\0242\t\365\n\203\3616\204\317\320fjQ\277X\211\342\221\1\361\344\226\306\37"..., iov_len=4096}], 2) = 8192
4131  read(3, "\257!\310\332\301\261\25\2169\312\212\33\34\362\331\340d\257\312\355\345\222\16\211{L\313\r\252\230\f\202"..., 8191) = 8191
4131  writev(4, [{iov_base=".b\0#\"\177\27\3138\337\224\372/]\37:\226K\241\321\233z\246\7\315\2124\37\335\277\232\335"..., iov_len=4096}, {iov_base="\351\352\301\214\343th \364\204\37\241e\30\320\241\333\4\342\266\316\221H\215\r\350\27~\311 E%"..., iov_len=4096}], 2) = 8192
4131  read(3, "\235\3328\272\211\312O[\350\322\7:87\343z@E\210\231\307J\263\356$7R\217\4\2710\311"..., 8191) = 8191
4131  writev(4, [{iov_base="8@>\223\6\377\241M\260KGgH9\3\320ts\"\315\314\177=W&+#\362\331T\237\321"..., iov_len=4096}, {iov_base="\233!]\331\273\24\302\3\0343\n\2702>\30@\354\331\0\24\331D\237\207\231\215\321\255\\^\263*"..., iov_len=4096}], 2) = 8192
4131  read(3, "\333\261\37\31\373\2304w]i\322\340N3B\3176\365xK:T\340\337\3144\365S\342\343\363@"..., 8191) = 8191
4131  writev(4, [{iov_base="\341y\246\242\213\330\326\207\341\2773\304\322c\222\374!\261G\203\273\261\32\236&\273\30\356vaT\20"..., iov_len=4096}, {iov_base="e\362\263\376<l\306\373\307[\225M$\17\5\267T\25\370\247\362{+Vz\351\177\347\314H\221A"..., iov_len=4096}], 2) = 8192
4131  read(3, "\242\251\270I \275,\213S\331\362&\\wn\324\t\n&\266\271\227\244\303#\340n\f9\253\22<"..., 8191) = 8191
4131  writev(4, [{iov_base="|\325:(D\301D\220|\354\24\341\261([\352\300P\323C\337\303\262+\303\223utF\334X\356"..., iov_len=4096}, {iov_base="\353\207P\203\23e\257\314W\2666\273\346\267g{\320\1\2\271\245>$,\30V\215\357\212YB\211"..., iov_len=4096}], 2) = 8192
4131  read(3, "\203~\230\242\253\252\220\377I$\261\355p\247h\343%yM\344\3{\265\252\240\201-\352\364[\2759"..., 8191) = 8191
4131  writev(4, [{iov_base=")j9\225\310\352\21\200\26OVV\314Y\246\351\30\261\255\320\213\0373\277d\315)\v\33|\t7"..., iov_len=4096}, {iov_base="%\34\327\224A'\225\30\325K\7CX\370g\30\272\225Th\240\303\6l\352\355\355\373\375z <"..., iov_len=4096}], 2) = 8192
4131  read(3, "4i\212\215\32,>*\0054\214\223\300\2766\215\353\300\30\234\256KDu6\270\317\300nY\256\311"..., 8191) = 8191
4131  writev(4, [{iov_base="\323\333v\225\2569\370\264]\306p\231\355\34P\253\203\365\270\333/\242^.\10\10\354\200\304q\261\26"..., iov_len=4096}, {iov_base="x\20c\31\19\325\260\314\210\260\322c\324t@\330T\3\7\35~\360\315U\330\302\301\203AO5"..., iov_len=4096}], 2) = 8192
4131  read(3, "Ey\264\361\262\312\276\307\332\221\34\3074o\27\236*\260\336Db\377\3364\247K\311\236\222\n\17\t"..., 8191) = 8191
4131  writev(4, [{iov_base="v\303\22m5\360h2~2\2667Y.J\264S+\360\314BT\253\220\310\336\322k^\242\317t"..., iov_len=4096}, {iov_base="Y\nb\3200\334N\363\215y\215\327h\302\232\17$\1\253DM\0\23wA\2F\363\221\331\305<"..., iov_len=4096}], 2) = 8192
4131  read(3, "\260&\331\226\261\325\23=\200\276L\242\307??n\214\214>G\1\271\6\264\221\360\357$\240f\325\355"..., 8191) = 8191
4131  writev(4, [{iov_base="&\337\251h\233\363\25_\337\236pZ\372\363\266\\;[\275\204h\377&Mo\267\243\355\317o+\275"..., iov_len=4096}, {iov_base="6\217j\370\276e^)\3430\213]C\17i\210Z\360\1\236\347\4\246\2326 \213\204\2218:\21"..., iov_len=4096}], 2) = 8192
4131  read(3, "\277\306\232v\313\203Q\23\300\243:/\375\265\7\354\17\10\341F\241\272\366\263|A\353e\303\220\\\f"..., 8191) = 8191
4131  writev(4, [{iov_base="\325\177\257Os\361I^\374\0275S\16j_L\4F\6\363R\322b\17\202^\375:j\314\240\362"..., iov_len=4096}, {iov_base="\314o\206\t\375\30po\30\326K\373\315f\233\n\24\31\360\317D\245\201\1KR^X}JcL"..., iov_len=4096}], 2) = 8192
4131  read(3, "_&\374\276\212\244\363\306P\215\263P\347\303i}\370\377\37\34\27\206$\2168\255\5#^\365\302\370"..., 8191) = 8191
4131  writev(4, [{iov_base="q\365_\262x\334\254 \372\311A\16,8\251O\350\220\260?\34\206\331xD\245\233\307b3\225\256"..., iov_len=4096}, {iov_base="fg\200\265\306\251qM\216\27#\202T<\202\273_Lq=\221\234\27\10C\314\213\25k\305<h"..., iov_len=4096}], 2) = 8192
4131  read(3, "d\276]\376n\274K}qp\3431\345dl\223g\206\361\226\210x\325\264\353/\241C\2028\336\245"..., 8191) = 8191
4131  writev(4, [{iov_base="\310\3402\351\217O\325\325\23\212\366L\271\250\r\221O\313\304Rodm\355\366ip\223\226\23W\203"..., iov_len=4096}, {iov_base="\273j\247\260\213\324%Z\202\240\224Z\334K\352\371\35\313\253\242\243\273\337!W\324\367U\201\34\274\261"..., iov_len=4096}], 2) = 8192
4131  read(3, "J\337,\273\203y1\210\275\32\37uy=)\360\371Q\26\r\366z\33\2\243\337xz\223>\234\243"..., 8191) = 8191
4131  writev(4, [{iov_base="\362\37\212\251\310AH\237\206\352\355-\374e\\\366w\326Y\271\2037\341v\177\206q\200\207\373\237\265"..., iov_len=4096}, {iov_base="g\357T\31\257\354]\2\20\366\v\226\331\276Z00\177\275\244I\355\246A}\230?\247\267\261\"o"..., iov_len=4096}], 2) = 8192
4131  read(3, "\301\331=\235\307\32\n\363R/\35\353\247\321\n\r\263y\20\37%wCK\235\206;\27_75\371"..., 8191) = 8191
4131  writev(4, [{iov_base="\255\24\331c-\10=\302\22\320EB\372\375\2547\260Y6\205\244\355\233\251\221;o\16\310\344\323\7"..., iov_len=4096}, {iov_base="\376\266\304Z\234\363&n$\254uU\364\253nFz\26e\273b\336V\17^fP\337\4Q+\311"..., iov_len=4096}], 2) = 8192
4131  read(3, "G\307\342\3%\6\177\224\322\34\340\367\344\2016T\2GX\202\367\324g\342\221\\T\223L3\277|"..., 8191) = 8191
4131  writev(4, [{iov_base="\227\306B\34\213f[@Bb\210)8\370;\t\374\216*\367\355\3075\356i\271\273\352\211\272\"A"..., iov_len=4096}, {iov_base="\243\322\235\227g\2757\211\224-\23p!\322\205\345\270\216g\1\3321\272\252x\260\17\2408K\353\200"..., iov_len=4096}], 2) = 8192
4131  read(3, "\323\362 P\317\252\7r]\33\272\237m\266\350\232\306\6%\220\301\226;\3451\307O\\\345\373$K"..., 8191) = 8191
4131  writev(4, [{iov_base="\371\206O00\361\246\312%C\262\364\267\211\216^\177\232\336H?Q\357}\35l\375]-\226\22\17"..., iov_len=4096}, {iov_base="\2\0032\"\263kd\200\323\220k\240\337L\223\203\257\235\223h\330 \336h\34F\254\200\37D\355="..., iov_len=4096}], 2) = 8192
4131  read(3, "\220\350D\254\2\245\2630\236\\\222\217\31W1\213K0t\232\274eq\25\331O\306\252\0;-d"..., 8191) = 8191
4131  writev(4, [{iov_base="\302F!\322\270\206:\360\357\257(\341J\21\211\360\4\230\345\37aF1\366\"3H\246\257\321\343d"..., iov_len=4096}, {iov_base="\327\225@\17V\22]\344\274\237DYl\234W=\354'/[_Y\240,\367S\307\355\213E\3\206"..., iov_len=4096}], 2) = 8192
4131  read(3, "\r\257\250\234\23\345\253\324p\350\21\3164ngb\337(~\323\335\303=\260\177H\367H\23\235\20\230"..., 8191) = 8191
4131  writev(4, [{iov_base="\2533\372\6\370\220\10\376\301f\315\3534\326J\241pZ*\202\247\25\251\312R\31\350\317\361\231\254\251"..., iov_len=4096}, {iov_base="0\267\336\313\232\224\321\37B\265\20k\3j\261\"hn\313a\364\3658,J\37\262\306\333\2325\327"..., iov_len=4096}], 2) = 8192
4131  read(3, "\214\214\20rOAw\22\217\r;JoLS3&\235\200\306\351\220\0020\223\320\341nY\241\246a"..., 8191) = 8191
4131  writev(4, [{iov_base="$7)4y\255\250(,\334X\253\375\vr\303_8\243k\326\254W\236\226RV\373\336FL\364"..., iov_len=4096}, {iov_base="\226\34\33Lm\316t>\250>|\214u\317_\27\331T\261\226k\230\257\22\t\240C\274\24\25\254\215"..., iov_len=4096}], 2) = 8192
4131  read(3, "\273dI\243\272O\237xHd\5\300tD\363\317O\3763\37\275\230`T.m\252\243\17\5k>"..., 8191) = 8191
4131  writev(4, [{iov_base="\30l\320\327\202}\312Zj/+\24\355\177\212U\372\331\225F\311\314\217=\272\204Ka\314\312\365."..., iov_len=4096}, {iov_base="\363mw\16I\f2sq6,\243\262\7E\304D^\214\264Yo\345\350N\351\257\337\346\25\177x"..., iov_len=4096}], 2) = 8192
4131  read(3, "\30\337;v+\1\6\204T\234\324\353\273\202\320\367xR\2\201\346\273\245\345\200\306ED\17\237\360?"..., 8191) = 8191
4131  writev(4, [{iov_base="\\\256_v^\345f\211\223\324_hM\236\2%9\246f\342/M\355\232\335\343;Vm,\0W"..., iov_len=4096}, {iov_base="J(\362\313\27\210\206\363\304l\304\215\273\271@S\3167\230k\1#l\336+Qn\334\36\fX\212"..., iov_len=4096}], 2) = 8192
4131  read(3, "a\23\233\264\365\31\255\213e\21cr-R\34\202\225\4\344\vp\264r\216\234\0\317\273\242\t\6\312"..., 8191) = 8191
4131  writev(4, [{iov_base="\311\253\\3\356ys\212Ga\3242\341\203yi\311\327?\33!\33u0\252V\361\314\347\260\305\221"..., iov_len=4096}, {iov_base="7\267\357Nu\210\r\22f\344\34+\33\343\370\"\270\305\244]w0nN\267\342\315\272XQ\265I"..., iov_len=4096}], 2) = 8192
4131  read(3, "\303\250\257\323\312*\344\"F\226~6xoo\277\373\314\r\f\264\250\303%\230\305\233-s\1\316O"..., 8191) = 8191
4131  writev(4, [{iov_base="\2564U\302\232\272l\206\5@\22\331\237\32\33\326.HV\274\330\270\7\267\3\36\250-\224\177\315\302"..., iov_len=4096}, {iov_base="\260\230\1\253\"\330\225\347\353\320\323q\330\236\301\2775\264\325\34r\274;\374\230\267\301\\\221\202W`"..., iov_len=4096}], 2) = 8192
4131  read(3, "\326'N\227\226\363o\371\nK\307@qkRx\353;5\313\177fo\26G\270\253\334m\256\366\327"..., 8191) = 8191
4131  writev(4, [{iov_base="\263\24}\277\272c\255\26e\313s\252*\274E)\22\373Q\1i\31\271\364*\217z\33\33\361\5\10"..., iov_len=4096}, {iov_base="\222\324<esFP\341\310qc8e`\211\300\201\205j\10e\317\17\"\235\342\302e\336ti{"..., iov_len=4096}], 2) = 8192
4131  read(3, "\253Yb~i\"3M\336w\32^-Q\221(\27,\326&(t\273\364r\263\317C\301\263\r\325"..., 8191) = 8191
4131  writev(4, [{iov_base="C\336\273ruv\214\201g\361Z\226\16\264\333\274B<%\10\200\303^:\202\277\374e\260bQ\317"..., iov_len=4096}, {iov_base="\rFpw\274Q\373\234CC]#\362?#]\364\364}~1,\322y\312+\375\303\r\372\225*"..., iov_len=4096}], 2) = 8192
4131  read(3, "\344sV\263\311M\3225Np\343\313\330Z.\354\332\211CRaF\336\227\344\256\21C\313\346W\25"..., 8191) = 8191
4131  writev(4, [{iov_base="9\30;\355\"s\330\4M\6c$M\25\255t\305\313\v)]`P\f1@\17\27\3n\2\360"..., iov_len=4096}, {iov_base="\4\35he\324\f8{\216\224\v\214\212\31s+Y\351/\372\245N\220wZP\6_\254\202\363j"..., iov_len=4096}], 2) = 8192
4131  read(3, "\34\276\t\350\317ec\215\331M\0330q\312n|\264r \32`\324S\201|\267E3H24L"..., 8191) = 8191
4131  writev(4, [{iov_base="\32\332\313\255\204\317y\301\247\376\300Y\243\236\321M\322{c>H\4Q=\2371G\226\255\344\343\314"..., iov_len=4096}, {iov_base="M\343\255\305\244\34'0\261X\0071\246\332>\347v\r;\273?\f\316C\331V\260,fO\4\254"..., iov_len=4096}], 2) = 8192
4131  read(3, "\220\235\275!\22g\215R\251\225l\17\212`U\"=\txB\351\333\315\204vOO\f\327\371\244\231"..., 8191) = 8191
4131  writev(4, [{iov_base="+\303.b\373\236\206@\223\310\224\326\177!y\341{\21\323\222R\365So\16\3642\365\321\t0\200"..., iov_len=4096}, {iov_base="\3\312\33\7\313\\;b]\32\2606\350\243k\316\304\365n\223\262\326\250\312U{\356\376\377\342\225T"..., iov_len=4096}], 2) = 8192
4131  read(3, "\332\266\362Y\325a<=\223\360j\230|\277\324 \371UD\241d\317\301\2\300\305\"\335\214\30r\253"..., 8191) = 8191
4131  writev(4, [{iov_base="3R>\177\3764\363\365\256\7\364\79\200\215\203I\3]\217\314\304W\211a\342\f\370\33|1<"..., iov_len=4096}, {iov_base="\326\363\307\333R\230\213\275\241\303\314\274\260y\0\22,\\\323\201Ed\202}\310\220]\263\252g\365\365"..., iov_len=4096}], 2) = 8192
4131  read(3, "\330\236}\363\356\256I\227\340\260H\203\363\21\230`5\253\30d\277\265\20\340\2531~4\354(<\22"..., 8191) = 8191
4131  writev(4, [{iov_base="9\212\372<5~]7\306e\265|\216\307kp\n\3145qX\236\345\230\334[\330\225x3v\346"..., iov_len=4096}, {iov_base="\321\261\321\307,o\272LA\346L\375&\372\361\231o\266{\220\356\371\213\366\203Cfkq\177\274\4"..., iov_len=4096}], 2) = 8192
4131  read(3, "\374\303K\234]\31\365A50\234X\346\205jj\205\5\352\251\275I\327\257\353jf=P\227\201\246"..., 8191) = 8191
4131  writev(4, [{iov_base="\236\331\212\370\7\6\230\220N5\325w\6\21F\217\377\373\207\367\207\205\302}6\0002\222F\24\25\16"..., iov_len=4096}, {iov_base="l#\251\f\346\233\307\323v\350\24\3438\323\320\254\225\360=r\213.\311\263P\210C\370\25\225\246\314"..., iov_len=4096}], 2) = 8192
4131  read(3, "y\f\245\4\24\314\0Xf\337\34\316\351\311\332\262\271\300\331\356I\356\362\372\255\"\325\6\351v*a"..., 8191) = 8191
4131  writev(4, [{iov_base="\276\261\370\36\234k\2A\354\307\334\333Z\301=$\241\\\243,t\224\311}\1?\343\264(\"?\374"..., iov_len=4096}, {iov_base="\221r\305\367\377}\306\363gT\200\250\224\231\273\237\325\"\327\235\364\272\216\365\31\251R_3\277%\306"..., iov_len=4096}], 2) = 8192
4131  read(3, "v\217\271\304{)\333~\317x7\347x\350RW(\202?\271\341\342\357E$\220\274C\314$\27\364"..., 8191) = 8191
4131  writev(4, [{iov_base="\3658\256B\377b7\32gtE\277Ah\227+3?\271\375\16\361 \35|Y^t\3\265Y\242"..., iov_len=4096}, {iov_base="\232\225@\360\350h\32\264~\211\205\275\341.HW\350\312\364l\376\177\6\304eA\314y\305\0054\301"..., iov_len=4096}], 2) = 8192
4131  read(3, "\231\264\36=\250\212\2543\316RO,wMhB\217\271\275\332{\264\250\355\231\367F\232m\270\363q"..., 8191) = 8191
4131  writev(4, [{iov_base="\231Z\270\35q\"\343\217\213\307\261&\6e\24\234\vKy\224$\3040\326Q\37e\337\334\311\332\332"..., iov_len=4096}, {iov_base="\250\271 \342\37r\217?\25&\320\327\337\320E\326A\3544\37\346\305\267\351\234\342\361Z\322\325\236\372"..., iov_len=4096}], 2) = 8192
4131  read(3, "\204\246\300\215\366\252P\35\23\340\36\367\313\237\304\376W\374\27\260\v\255\205\222\207j>\372YvOo"..., 8191) = 8191
4131  writev(4, [{iov_base="\31\367\34\247\307om\3332N\24?\32\272\345\263u\177\330\321\30t\371\200\301\350[\260SM\365 "..., iov_len=4096}, {iov_base="s|X\33\225\355OkF\3063\223D\214,\177\26Z\322e\305|7X6\177vE9\341[6"..., iov_len=4096}], 2) = 8192
4131  read(3, "\277yk\321\25{\37tU\375\225\2572?QsQ\266<\231\326\261\201\350\2005\234\307u@\317\223"..., 8191) = 8191
4131  writev(4, [{iov_base="\304qrh\1\300\210\241\33\344-\254P\342\222\224k\232\355\222\341V\227/\262\351\21\277\236I\253\30"..., iov_len=4096}, {iov_base="\2\300\225\302\375`\313\226=\315\253\203\331gB\37\350Wb\1\364\243D\320/\306\201\313\242(\277\303"..., iov_len=4096}], 2) = 8192
4131  read(3, "))\312&!\303\240\273\20215\3509\237\341\240gg\312~^X\343<x\330kI+\204_7"..., 8191) = 8191
4131  writev(4, [{iov_base="~\223\200\354dAX}h]c\263\205\25\264\34\\/\251\222H\351)\235\337Z\fQ\306\371\236\347"..., iov_len=4096}, {iov_base="JW\223\276\220\275D\361\337\30\274\353\36\254\227O\312\353\326A\177\373\327\241>\250\r\201\265E38"..., iov_len=4096}], 2) = 8192
4131  read(3, "\0\10\301y\\\n\341\3243y\20:j,\332\334\245\266\1\341\315\\\302:3\24\345\273L\33\313e"..., 8191) = 8191
4131  writev(4, [{iov_base="\310\240\237\203\4\274,9\317\226\300\254&\1\350\31v\300_\330q\26\264+\336\22\30D\270\30\224\307"..., iov_len=4096}, {iov_base="L\234t\36\250\273}t\277\372\317\30q\222 W}Rq\362;\235\273AP\21J\n\22\233\23\237"..., iov_len=4096}], 2) = 8192
4131  read(3, "\371@\202\25;P\0241\210@\247\212t*\241\232\3764\351#\323}C\232\362\365(\300\224\276\232\350"..., 8191) = 8191
4131  writev(4, [{iov_base="\222X\34_\302#\346D9(\334TD?6EJ\212F\265W\177\237f\211-\"\326^l2\264"..., iov_len=4096}, {iov_base="\n0$cf\263\300\34!<\320\345\254\253\1@\242\332\264g#;\365\243\3112\276(kCs;"..., iov_len=4096}], 2) = 8192
4131  read(3, "s\360\335kx'\356_\5\241\275\\I\337\177z/\254\261v\247\227\250\230\213r\317\257\361J\270\357"..., 8191) = 8191
4131  writev(4, [{iov_base="\343%\255\320Ja&\215\31{!A\264\227\245\373\17\315\241\30\25'\235R\215`\315\21\301\242Z\204"..., iov_len=4096}, {iov_base="\207\26h\319]\277\224\343\320\325w\235&\323P\360`+~,nz\352\36\225#\315\213E\344\347"..., iov_len=4096}], 2) = 8192
4131  read(3, "D\227\240X\234\17\17\3459g\277t\33*\347LP\264\337E\375T{\t\7\315\10,7\7\321\24"..., 8191) = 8191
4131  writev(4, [{iov_base="0^`\25#\177IfR\231\243\360*(\16\3437\20\233-\262\316/\20Y\233\177\265\7\17\\\216"..., iov_len=4096}, {iov_base="\326f0-\270a\307d\204\4\271Y\221\\|\32\226c\250\303|o!P\214\"\250ez\207\327\347"..., iov_len=4096}], 2) = 8192
4131  read(3, "z\334\2607\201G\337\250S\353^\16\316\26\\\213\346I\231S\246\215\344\270\277K\177\371L\327\201u"..., 8191) = 8191
4131  writev(4, [{iov_base="?\360\213o\217\334\37\245n\20\345\316\320\313\256I\1y(\201\267\353\300\354\202\363>\35\251\210\347b"..., iov_len=4096}, {iov_base="\262=$S\342n\"\311\201\205\23\235\36Hi\224\3612\210T\353\0340\1_\206t\353\275\226\303@"..., iov_len=4096}], 2) = 8192
4131  read(3, "\f4\3271>\266\213\260(f\200S@mt\22Tv\375\257i^}\2722E\202t\2\334a\243"..., 8191) = 8191
4131  writev(4, [{iov_base="$\237\4\n\345\362\r$\262\200\353\342RmU\6u'\236a@\324$GP\337\267\347+\245\305\311"..., iov_len=4096}, {iov_base="=\220LXL|<\270\345\267\21d9\214uu\5\23\343L(\32=\0214Pg+\33\32h\r"..., iov_len=4096}], 2) = 8192
4131  read(3, "\260NT^\207\332\364\355F\345\264\355\323\211>d|\274Q)\221yLr\fR\202\237l\321\372n"..., 8191) = 8191
4131  writev(4, [{iov_base=">\237Qc\216\261\243\355x.m\301\7\235~\215d7\307\313\221\214m\333y\307\216\321\313N\200\216"..., iov_len=4096}, {iov_base="n\35\371\264\325\17\30\340\203\22.p\325\314\246\330D\306\346\10\351\261Fm{\275\303Xp\7:?"..., iov_len=4096}], 2) = 8192
4131  read(3, "&U\335I)c_\207\242{\307[\357nf?E\333\225\10\203\200\301\212\36\304\210N\2040\267\271"..., 8191) = 8191
4131  writev(4, [{iov_base=":S\0357\00075:O\277\225\3211V6\262\334\fR\376\341w's\310\365q\\.\216:\242"..., iov_len=4096}, {iov_base="\212f\177\212V$\310D\345'\330\332\261\234Y\212\310\234\302\271\244\244\205U\31\217\363\377lb^\n"..., iov_len=4096}], 2) = 8192
4131  read(3, "\313\16\317\t\203B%c\276\377.\217\367)w<\3514-t`\213\207\4Jq\255\314\230\247#\200"..., 8191) = 8191
4131  writev(4, [{iov_base="\205Kh\t\22\270\310\204f\236\313\366\254)P>I:T\"\245\373=]\315\257\311w\310~\274\237"..., iov_len=4096}, {iov_base="&\233\4\255\344\26\242SbL\"\375\\\262\5\">.\366\363@O\227\207\261\2F\0275\203\244r"..., iov_len=4096}], 2) = 8192
4131  read(3, "v\210\363\26\357\205\354\267\375\343i\324\352i\1\0254{\302M\250YU\266G\32\210\243\365\265{\346"..., 8191) = 8191
4131  writev(4, [{iov_base="\257\343\207`Xc\245\327\17\347\336 \36\323\0ob\347\17d}\303\34o\326\t\2\226\271b\0262"..., iov_len=4096}, {iov_base="\261\235\375mE\353c\301\f'\252\310\367\24Y\235\335\273\277\322:J\244\377\31\263\215\2\275\342\336u"..., iov_len=4096}], 2) = 8192
4131  read(3, "R\341\24\254\217X\375\3179\31\207\336I=\277\221\216\35\371LZ\271\32\202\213\3n\16@Kto"..., 8191) = 8191
4131  writev(4, [{iov_base="\356|):\254\232}\35f\7\25\240d\371\242\312\2277\245\10y\346>\377\350\232c\202v\256\241\21"..., iov_len=4096}, {iov_base="\363\357L0\240\261\323\03561\255\346\217H\322\321>\243}\0c\273>N\\D\327\377\235\337\301p"..., iov_len=4096}], 2) = 8192
4131  read(3, "\333\336\f-\177\273A\362\234h\314\0314\21\30\262\307\37\22}\361\21\n\252\343N\224\322\3\221\351`"..., 8191) = 8191
4131  writev(4, [{iov_base=">F\323\32\202\323\223\vn\235\34e\257\v\213f\377\177;%h\321\203\226*\234.\6<H\240\307"..., iov_len=4096}, {iov_base="\t<@\306\4\364\25\305{\341\200\345\25:\224f\310\213\363I\274\377[B TwY\352\264\344L"..., iov_len=4096}], 2) = 8192
4131  read(3, "\307)\207\335\242\210[H\35\tB;\331\30~\304\v\265W\333c\275\227i\211\"\35@\274XD\246"..., 8191) = 8191
4131  writev(4, [{iov_base="\354\373\242\357\2\377\370\333X\21\354\355\32|\341X\276L\232f3\235\37\0\260D\214\353?K\20O"..., iov_len=4096}, {iov_base="\1\212P\221w\266pd\225\254\23\311\0h\332\n\256\211\352\342TB\345\245\372-\24O\206\245\312\37"..., iov_len=4096}], 2) = 8192
4131  read(3, "p{z\0251Jx\225\373\271v\362\310\262EU\354\272P\2368W\233\351\2&\227q\3650(\222"..., 8191) = 8191
4131  writev(4, [{iov_base="\237\252\313`\3\177cZg\331\245q\203\312\36]\306H\340&\23\3\0h\257\257\273r*\252IK"..., iov_len=4096}, {iov_base="t?[5\362 \205\367 \25@R\327{+\314\23\365r\356\242\33\31\21r\235~\332\324\346\310\20"..., iov_len=4096}], 2) = 8192
4131  read(3, "\r\347K\t\366\346\200\0320\301\372\211\333\340\370s<\370Do\32\33=\224\311Y\f\350+c(\5"..., 8191) = 8191
4131  writev(4, [{iov_base="\214\3632\363\333\253\363\312\23/\204q\217\32X\256\32\205\2013\241\250\217E\242\247<\303,IhZ"..., iov_len=4096}, {iov_base="BBZo\255\207w`\346\342\204\202\252\204\324f\270\221q\233\242\352\r\233\303\33\2473\215\\\323\204"..., iov_len=4096}], 2) = 8192
4131  read(3, "t\317d\376\24 \351\342\364\313\303\27\207\206\237\266\251\21\306\20\341X\355\331\224R\310g\350t.\25"..., 8191) = 8191
4131  writev(4, [{iov_base="\303I\24$:\3\334O\320\222\237\31\251\241\223r\202\242@\f^\263\213\10b\316`\244\336\3705\304"..., iov_len=4096}, {iov_base="\255f\364\255\274\230\236\270\205\360S\3567\271\247\v\22\2\252@\357\26$\224\357#\5\5~\271~]"..., iov_len=4096}], 2) = 8192
4131  read(3, "\1\24\311\350e\321kf\201U\364\255\310\326\0057\313\265\266\tYc\372\20\340\3428K\2\264y\343"..., 8191) = 8191
4131  writev(4, [{iov_base="%\350\37\22\357\222\306s\325p\234\350\354\344\6\201\3\264\350\256\303'%\356\225\213@2\2110\"\300"..., iov_len=4096}, {iov_base="\330nT\277^d\23\372\355d\"\274OD9\313\225\371*\20\270p\251\231\354\363\207\262/\301\"\323"..., iov_len=4096}], 2) = 8192
4131  read(3, "J\322Zo\311+\250\22\322U\246\312\25\227\307\365D\301\205}\354\234I\274F\276\364[XFB\22"..., 8191) = 8191
4131  writev(4, [{iov_base="\221\356\306\223\277\33W\262\252\302b\314\352C\223wb\356\341\210D\243&.\346\30\271\226[D\204\270"..., iov_len=4096}, {iov_base="#S\3663&\314K\215\255\35c!\30a\21\304\215w\342)\200:\7E\211\330;\177U\366\331\7"..., iov_len=4096}], 2) = 8192
4131  read(3, "\330\260\350s\300^pl,\343\217 I\263\235\311\315\207\n\332\377LF`\33\16)\245\347\266\252\16"..., 8191) = 8191
4131  writev(4, [{iov_base="Y\\=>\342\200(\307l\260\311V%f\243\32\304\2221\354u\327\250a\251\10;\30\7\246\306\354"..., iov_len=4096}, {iov_base="k\231Y\255\204enu\246\213F\350\237;%\30\222\34j\266\345\276r\231\246G\230 \341\273\t\222"..., iov_len=4096}], 2) = 8192
4131  read(3, "\373w*\314\3001\343c\345\316\263\34\25#L>mj\\\34$\327\26\246\252H\305\22\34\27XN"..., 8191) = 8191
4131  writev(4, [{iov_base="\340\365\322B\264:\1?\27313\300F\266f\32\17Ef\336D\36\212\225\7\250\30\245=\300\244\373"..., iov_len=4096}, {iov_base="o\375\1\243\2mo\"v\317\n\220\250=Q8\n`\363\217\27w\20\267&}\300\244K\217\322!"..., iov_len=4096}], 2) = 8192
4131  read(3, "!\370v>\313/\264\337A\230\310`\23\237\201\37\24\244\206P9\255\277]\03219\r\317f\377\247"..., 8191) = 8191
4131  writev(4, [{iov_base="q\350\232\267\352\302m\203\246|\353#\363fo^1\313\35x\245\306\214c\371\355A\346\230\251\26\350"..., iov_len=4096}, {iov_base="o\243\25Y1\2733\363\227_G'\243\222v\362\244\3631x\312;G\331\256V|\216\223z\0\225"..., iov_len=4096}], 2) = 8192
4131  read(3, "\324\241\366\\\\d\0\244l\"\325\204h\236\332\374\25d\245v\213d\214\247E\"\24\354\323\374\177\320"..., 8191) = 8191
4131  writev(4, [{iov_base="\212\231f\21K\233&\340\21\377\22 *\20\0r)\3\325n\247\20\2042v\27\24=\244K\32\366"..., iov_len=4096}, {iov_base="\256K\n8\371r\313\257N\370p}a\354\257\374!<\202v\300\341\374C>\375\205@p\226\2x"..., iov_len=4096}], 2) = 8192
4131  read(3, "\355{\262\203\321\267zgH\357\24\313\201#=\373\20\203d\0215\213w\322^\3030\361\310/v\226"..., 8191) = 8191
4131  writev(4, [{iov_base=">\304\346\0\212\27\1.\30\273b\240XH\265\247\361\304\272\345\370\237\324Y\272\230\340\23t3cA"..., iov_len=4096}, {iov_base="\277\372\370\216=^\3102\24P\275\353C\332ND\6\33N\31L\254D\21\177\300\266\301+\375T\270"..., iov_len=4096}], 2) = 8192
4131  read(3, "s\0!\4r)sRB\310.\352\352\317B\216\340\367\223\225y\264i\26\214.\23yZ,\304\201"..., 8191) = 8191
4131  writev(4, [{iov_base="A\33Pe\226D\375KG\240\351\252\356\320\371\376\354\2056\t\206K\37\373V\273\24\206\303\351\204\206"..., iov_len=4096}, {iov_base="\240Z~\326\351\7\316\316\277(\307\24Y\202\vZX\376?\233\22\33uJ\350:\345\210u\271Fz"..., iov_len=4096}], 2) = 8192
4131  read(3, ".3\307}\36\n:\27\347\16\214\317\200\321\1\221\257\305\32\323\30\257i\272\30:l\10 \367&\\"..., 8191) = 8191
4131  writev(4, [{iov_base="\341\250\375\354\34\272\24s\312\262\34P\331Z\260\16\266\10\355\28\357\324\253\361\202b\227\232\204\375\303"..., iov_len=4096}, {iov_base="L\205\207\347m\336\331\17,\3606\202\177\322o\3576\351\313)6\232\213M@\301\24\34E\370\220]"..., iov_len=4096}], 2) = 8192
4131  read(3, "\355b=\251\364J\216\265\363\235N'=[\2057q\222\321\34\365\265\240\234\276\31=4\372\v\316\321"..., 8191) = 8191
4131  writev(4, [{iov_base="rP,\333LaJk\212\303\3\35\206\262\240\354\374I\"\373\262\306\264u\376\337\36\313\23W\366\27"..., iov_len=4096}, {iov_base="1\332\nv\0\17\375\301\370\305\302^\245\220\34\227\323\372\273\376\277M\342\257\33}$\205Z\324\226\343"..., iov_len=4096}], 2) = 8192
4131  read(3, "\353\303\200\210IH\315gA\270\331\241\177\35\177q\341 x\224\373\10\302Q\\\305\2100\3\255!\215"..., 8191) = 8191
4131  writev(4, [{iov_base="\312\256\351{\270H\270\1\31\233\377t\20$\213\360.z\265`\300R\206]Y\177m\257\227\220\\~"..., iov_len=4096}, {iov_base=")P!\220\215q\274\360\376Q\227pt\325\211u,avU\240C\257\21\200\273\332\310/\204D0"..., iov_len=4096}], 2) = 8192
4131  read(3, "7\337\262\21\256\31j\32\367\10\3639.\216\347:H\327\\&\257/(\217\262|\4\205}q\2 "..., 8191) = 8191
4131  writev(4, [{iov_base="bE\337v\250\nu\223n\20\211\376L\217\22\256\313tS\215\2318\305\343\352k!9\204~z\307"..., iov_len=4096}, {iov_base="[\271,\231z\352\365\241\230(\376\303\221\367\211\222\302\7Wg\326\341|R\n$\v\351\35\t{h"..., iov_len=4096}], 2) = 8192
4131  read(3, "B\323\255Ab\\<u\263_\3066\f\t\4\242iK/s\262[\233\342\23C\203\247\306{\201\25"..., 8191) = 8191
4131  writev(4, [{iov_base="\20\246>\231\345\217\252VNT`g\3645\10\245\361\265\344\326\251B(f\306\234\rI\253B\300\351"..., iov_len=4096}, {iov_base="\fN\333\27\200\305ku\257\230\311\224\212c\215,\37\36\325\226\7z\311O\263\264\2547\255\275\337\263"..., iov_len=4096}], 2) = 8192
4131  read(3, "\233)c\177X\177uv_\364\253*\314\27\"kw [\346\315\207\207\311\207\344Z\343\305\314\300x"..., 8191) = 8191
4131  writev(4, [{iov_base="\350\250\251\230\226\272\375-{#\350\304r\373\231\10\223\317\330<<*iT\217\n\37\0\227\270;\23"..., iov_len=4096}, {iov_base="),\356X8\322<\302\370\260\277\355\4\7\6V\316\215\2>\261`\323\320\35M\315\274^\350\300\341"..., iov_len=4096}], 2) = 8192
4131  read(3, "\0\234\325\214\355\377\nV\0027\241\266I8x\212I\25\244\321\312\3510\223\2O\254\377=\250U\177"..., 8191) = 8191
4131  writev(4, [{iov_base="}\262\366z\263s\245-\1[\304B\257\234\227.\361r\215*+\224ql\367h\341\321\17\2241\370"..., iov_len=4096}, {iov_base="7vQ\336\223\177)r7\20|X\340\2\224\305%?\251M\221\21\2465\347\25\201\330\220\r\273\346"..., iov_len=4096}], 2) = 8192
4131  read(3, "\316\275\235P\231\341\323:\r^7'L\236\361.8\325eXh\271\353\3347\272\235\n\226\244\314$"..., 8191) = 8191
4131  writev(4, [{iov_base="\2162\3403\323\346X,\231\351\16\361\0j\272M\356\25\212\17\210aMC\v\231\344\24\372\27\352\32"..., iov_len=4096}, {iov_base="\23\267\365Z\235\340<\20#\r\203\2150\227+\312t\341\333\373h\270c\233\276\220i{\36)\277\3"..., iov_len=4096}], 2) = 8192
4131  read(3, "\210\25\347`\25#9&\242xa\313\357n\364j\353\315 F\237\257\342\230\17\263k\366\23\315UR"..., 8191) = 8191
4131  writev(4, [{iov_base="\256\220\331\240J\231\276f\3457P\206\305\370q\34I\4\234@e\25\254\327\4\354\220\233\362\333[e"..., iov_len=4096}, {iov_base="\240\233\246%\266\351\32\300\37\244z\373to\241\rQ\211\216\r&\275\252\t\271\322_F\321(,\204"..., iov_len=4096}], 2) = 8192
4131  read(3, "r(\372\266\274\32T\226lp\251T\216\224\34\246\354\\Y\225\222=\236\234/\255\325\256A\311\266:"..., 8191) = 8191
4131  writev(4, [{iov_base="\253\3_<\347\f\330\205\303\224\251\234R\307\356\210\316E\245K\231\34\343+O\201R\262\350\25\255\264"..., iov_len=4096}, {iov_base="=\274\t.\234\305t\221\224q\340sX\2\270\332I\365\5\302\377\2628R0q*\7\344V\0o"..., iov_len=4096}], 2) = 8192
4131  read(3, "\265\5N\217{t\334\245\30Ce\347\252\0\351\261q\16v\\\225\244\241\267%\276'\201\372H\23\355"..., 8191) = 8191
4131  writev(4, [{iov_base="\213&\376\265[;\255[6f\233\312\305\206\322\264\7\215%\37\272\301\200z\345\263@$\216XR\323"..., iov_len=4096}, {iov_base="\375\273\343 \322\257\324@\4\323\353\226\33\277\330\0\2330G\6\372\213c:\37\325$\10\375\363%\202"..., iov_len=4096}], 2) = 8192
4131  read(3, "A\350\366\233P\1\335\306\4\221B\353\303|\\\244h\26#\310DF\177\213\225\335d\"\322\230\f\341"..., 8191) = 8191
4131  writev(4, [{iov_base="\300\310\366\23(k\310\364dH\273\373?\16q&\200\26\32E\320\207@K\206/\23\256\341\245:\227"..., iov_len=4096}, {iov_base="\5t\201p2\256\267\311\350\361G\274\264\314\26\271'T\267|iTUI\16t['\3533( "..., iov_len=4096}], 2) = 8192
4131  read(3, "\200\330L\352\330\222\313\37\235\203*8\352\332\253R\306\252\2631\4:\377\377q`V@$\t\302I"..., 8191) = 8191
4131  writev(4, [{iov_base="\266s\"\376\302\r\312'\20\2241\225\261@\257v\312\355Q\375\0\21\313!\0232\315\225\317\266\322\361"..., iov_len=4096}, {iov_base="S\222XHp)\212\214\377eCfV=\334\334\26\337OE\366\203\304\222\370/\25\34544\21\322"..., iov_len=4096}], 2) = 8192
4131  read(3, "\247'\306\343\17\235\310T\241\7\246\315D.\346N\262=\217\305H\373\300(\207\16;n1\332\346\311"..., 8191) = 8191
4131  writev(4, [{iov_base="\261x07\6\v@\371\f$\221\361nV\200\341\320\215\305\331\323\322\232ed\265\267\352!F\312\355"..., iov_len=4096}, {iov_base="\226\340y\266\371\260\265\20<\245\206\262m<:\221\263\32\237\346\205=l\3050\344PC4\246\314\371"..., iov_len=4096}], 2) = 8192
4131  read(3, "\234k2\2758\277\27\6/\252Lr\306\5\366\226\365Qb\330\374op\244L,\266\353\235KI\203"..., 8191) = 8191
4131  writev(4, [{iov_base="\34\25\25T\261\344\320\rBj\34\"$\263O\224~}\n\227\241\272F(\263\221>L\207`\260z"..., iov_len=4096}, {iov_base=":y\204\366~\303\225\222)4l\350l\332\345\335=L\237\357\365\300\252\0274\36\214\251\356\321\242\25"..., iov_len=4096}], 2) = 8192
4131  read(3, "x\341V\223A\235\206\343V\233\240\27\314\321iW[\301\203l\372\273\353e/h\312\274\32\271\316\37"..., 8191) = 8191
4131  writev(4, [{iov_base="\355@\265\343\10\251\374;\22\303.\307F\2261\303\2448\314\264Oh\365.6\340\17r\206\336\373\253"..., iov_len=4096}, {iov_base="\352\tt\241\336?_\22\30\350\236Ua\307q4C\361\204\334\370\275xPW\262f\376\3522wv"..., iov_len=4096}], 2) = 8192
4131  read(3, "\211U\27\v\300L\347\30\24\275\243(\17f\323\336\363\363\271\4\232\250\253W\355J\31J\335\320-k"..., 8191) = 8191
4131  writev(4, [{iov_base="p\312~\317\265\344\273\300tZ\5\223\227\264\304\321\372\"w:\305\242\r\233\254\327\10\267$\242\4E"..., iov_len=4096}, {iov_base="\356\20\252i%\377\201\261%\255\215\326Dm,\342\256[j?\351\271Y\337P~\354\325-\33\36\373"..., iov_len=4096}], 2) = 8192
4131  read(3, "\302\270\255zpja\346wL-\352\235)\236\335CG\2i\246=\235\275\22*\344\236\247\317hM"..., 8191) = 8191
4131  writev(4, [{iov_base="\224E\251\344\325Y-\204b\244\362\3052\372\365\361\223\"\375K\210\ns\"\331\23\335\233~\260BF"..., iov_len=4096}, {iov_base="\2520\335\305nr\336\206\320!\324l\226g\256#\222v\266\363\354\363\30k\10b\350\373\272Z\320\6"..., iov_len=4096}], 2) = 8192
4131  read(3, "U\252%\237\350/\321\376|y\23\256\312\210\21M#\362:C\n\254\355c\21X\27\324\3164\305\206"..., 8191) = 8191
4131  writev(4, [{iov_base="\10Y=\210D\345\336\216\312\3762\22\16\233\201\202\0031y\325\342e\232a\307,\234,\200\335_C"..., iov_len=4096}, {iov_base="\201\237-f\275\32\373F\267\222\341\336\356\20yk\21O\373\n\304/ y(\261\247'\273\311m!"..., iov_len=4096}], 2) = 8192
4131  read(3, "\312DF{'\177\30\345AA\325X\305\237\254Ea4\31\0016 X\31\334S\355\257\325oR\321"..., 8191) = 8191
4131  writev(4, [{iov_base="\10\373\232`\233=AA\373\344;\226P\26\204Yg\256\372\364\342\3702\31\305\342\350\254\10\362\271="..., iov_len=4096}, {iov_base="\"\362\242\273\36\355f\n\233\6,7Y!\343}\202\177\30\233\377\244t\310(?-\310\21xyR"..., iov_len=4096}], 2) = 8192
4131  read(3, "\241\374W}\322\357[\276S\207mb\263\334\27t\37DA\257bm\305`Q\211\270;B\331q\233"..., 8191) = 8191
4131  writev(4, [{iov_base="\360\266\250rp\307!\210M\340|\311\355w\243\226\363^]\240\227~\225!#\240\204 1\201\346t"..., iov_len=4096}, {iov_base="\260@\305\353]J\342\367VK\360d\246\241\5 \331\232\354\266\26lt\330\207e\331\26010\241O"..., iov_len=4096}], 2) = 8192
4131  read(3, "oLc+\354\223\276\24\253\373#\"\244\265\210L$Xh\301j{\326[\303|\246\374gV\303\373"..., 8191) = 8191
4131  writev(4, [{iov_base="\343e`z\v\241\227\17\24.zg[\343&6\2661\305\"\256=\275\374cc\317\v+\232b\326"..., iov_len=4096}, {iov_base="i\330\217\266t\6\372\356\355N\4w\247\\\27\305I\230Y\333\301\274\"\245z\21\261\212\\F[7"..., iov_len=4096}], 2) = 8192
4131  read(3, "\251\31\372g\178$ASN\371\313\10\207\242#\231w Y\242\274E\273v\31]\251\360Y\23o"..., 8191) = 8191
4131  writev(4, [{iov_base="\313\353\362\341\273\23\372\304V\231\304|g9\31x\37\277J\26\264\314\35\362mZr}V\225\305\\"..., iov_len=4096}, {iov_base="\203\304\235\340\336L\234\371|7=\217\204\253\257\5\25_\375\311\333\312P6\246@\355\v\215\246J\""..., iov_len=4096}], 2) = 8192
4131  read(3, "Fk\30\306G\244)\371i\221M\335\16\277\337\256U82\217\3345Z\23\323Y\23\262\326\222B\0"..., 8191) = 8191
4131  writev(4, [{iov_base="\234-\0067\305\266\244\347\223\226l\347\366\215\361\253:\273Lx \242/\354~\35\311\267\264\212_%"..., iov_len=4096}, {iov_base="\7\354\363|H\226\4\377\231\220}\"\336\334\2606nU\3\250\333\356\33 \226g\31b\26\225\363\326"..., iov_len=4096}], 2) = 8192
4131  read(3, "\274t\301\347\23\372\221\37\326\211\311\377C\321gc\27\351\345\270(J\312\253\363\1,\3{\367b-"..., 8191) = 8191
4131  writev(4, [{iov_base="9\203\254JH1\272\277\231\200\313\240^\225\\\204\372a\220t\276M\305\204\360o\214\\\20\334z%"..., iov_len=4096}, {iov_base="\254\347u\226\371/?G\26\226Wu8%\235\310\245\313\313\274\343\316\17\26%VL\341\212\24\231Z"..., iov_len=4096}], 2) = 8192
4131  read(3, "\357[\255{8\360\360V\313#Iy\0@\344\266\212\254\332e\210\247\231\330\217\211\244|n\37PO"..., 8191) = 8191
4131  writev(4, [{iov_base="\350\353!\31^\27\344F<v5\320H\243\f\30\344\254S\30\306\233\17\362\223`\274\304V\213\234$"..., iov_len=4096}, {iov_base="\\\335O\277\3124\370B\313?\217}\352\335E\223o\256\242\254\r\r^\34\367\217&\370\316-7\303"..., iov_len=4096}], 2) = 8192
4131  read(3, "\251\22?\363\313u(\321\320\255\312\241\260\371\222\0\345\v\224g\27&7\250\344O\306\226\246W\23\r"..., 8191) = 8191
4131  writev(4, [{iov_base="\350\263\227{\351\246}v\255\313H#J\265\31&J\343\241|Q\263\261\332\311s\212\1yAp."..., iov_len=4096}, {iov_base="\314\22\v\226K\366\36\213\357\3433\23\237\342Mh\263B\241\3\204\277\277\240\340^\325;\375\243\240/"..., iov_len=4096}], 2) = 8192
4131  read(3, "N\3464\216l\347\2\2154\350\267\341/\337k93\232\235{\203\24\265\377\247\254\178\242\177\211\304"..., 8191) = 8191
4131  writev(4, [{iov_base="\345\330\232k#\203FQ\265`\212\225k\356J\331\277!\340s\n\27\4\6~\35\220\277\331\21\352\24"..., iov_len=4096}, {iov_base="_W\365\253L\365%Bo\345$k\25K\f/\7\322\211\262OB\326\237\0\373\23\265\n\305\242\312"..., iov_len=4096}], 2) = 8192
4131  read(3, "\214@m\346D\1\352Fm\332\f\222\203\336\225\316Rj\2:s\201\233\303\246\344X6\240\16Y\217"..., 8191) = 8191
4131  writev(4, [{iov_base="yX\211\210\225\232N.\322\357\266\313\3629O}\255\247Z\344\330\352\260\247\246\245\302nK=L*"..., iov_len=4096}, {iov_base="XG\7\f&&\17\2641Y\34\273X\220\356\365-l\227fn\347\16\6\233\343\177\221\310#C`"..., iov_len=4096}], 2) = 8192
4131  read(3, "A\177~\6\314\6\374;\266\200\212\326\310\230\f\375\211l\202\276x<sDk^\267H\203F\5\236"..., 8191) = 8191
4131  writev(4, [{iov_base="\3\255DA\275i\241\361|\365\305\343t\237X&\367\357\243VD\201kg\223\215\3\243\224xiE"..., iov_len=4096}, {iov_base="\10\273V7\353(\230\331S6\311\275v\362C\217\216\304n\255\276;=\213\275\350\333s\354\205;\334"..., iov_len=4096}], 2) = 8192
4131  read(3, "\255\205\337_\373\nJ\301\301W\245\337\357'\306\33\26y\10\215M\242\\\364\6,5\217.F\26("..., 8191) = 8191
4131  writev(4, [{iov_base="+\237}\265t.%mY\340\235\316\325\317\374\200\32\0\334\350a9\345f.\236\351\361\245\205\253\306"..., iov_len=4096}, {iov_base="\303+\\$l\253\324\353\265/\tg\275\265>#\\u\257\251\307R\353(h\213\250\213\201\347\360\350"..., iov_len=4096}], 2) = 8192
4131  read(3, "\255\256\231\2135(\259\326\360\237&^\205\303l\10\233\326\2\226\243\367\357g\233\375\352`\251\304\274"..., 8191) = 8191
4131  writev(4, [{iov_base="\0344a%=\253LK\364w\234N\305\333\177p\337\331\322\263\344\251\204\324\23\35\26.d\5*\217"..., iov_len=4096}, {iov_base="\0\7t&\240\3^\254\215\264Eu\345\2147\"(\340\212\2332o\267\306\242\205\v\374\243Fro"..., iov_len=4096}], 2) = 8192
4131  read(3, "uV\\\17j\334\235\362c:X\270\223]\27L\237\353\345\231\314\6\356\230\27$\324\324\177nW\23"..., 8191) = 8191
4131  writev(4, [{iov_base="\311!\215/\257\356\tp\272\215U\205g\331I\3643\250\303|VO\334\352\220,\r#\2122P\342"..., iov_len=4096}, {iov_base="\314\345Q\2\326\326\344\245\356!\237\235\265w\3l\254h\251m*\260f}\370\273\23\2478\317J\347"..., iov_len=4096}], 2) = 8192
4131  read(3, "\311xt\332R\243\242\24\340]\310\262\272\n7=D\2\26\346\342\364\2172Y\367\t\340\347)2\256"..., 8191) = 8191
4131  writev(4, [{iov_base="\303\34\270\262\305\330\347\370\221\377\324\200\226\260p\266\261\336\303MF\332\326+\230\346\351\31.\7u\322"..., iov_len=4096}, {iov_base="Z\227.Aq\274|\0r].\327\323\4\337V\341\352I\32\32`\213\352\362S\7\251Q\262\306["..., iov_len=4096}], 2) = 8192
4131  read(3, "\221\200|6\276\325P3\312\205\252\351\340%\377\327+4HA\216}[\231nM\356l\277\315\235\317"..., 8191) = 8191
4131  writev(4, [{iov_base="\273\337\311&\353\250\211\314\312\240\317\271E\231R\224\241\34\10\347\342&\25\370\"\236\357\27\257%r\316"..., iov_len=4096}, {iov_base="\274\326<y7z(\rO\344\367C\377_\2462K\373\250Z\257\257p\325\356}\360Z,\33\337A"..., iov_len=4096}], 2) = 8192
4131  read(3, "Kz\243\320X\363Kp\223\364\10\214\364#\30\255\323I\247\263\32\n\256U\343'5Y\227d\215\270"..., 8191) = 8191
4131  writev(4, [{iov_base="I\345'ru\5\10s\325\244\233\17\234Hf\3732\252\334E`l\4\217\326\245\303\255\315\302U\314"..., iov_len=4096}, {iov_base="n\375\233*\211\266S\30\2147{x\354\v7\375\226\302\203\360\344_\262\200\223\352\35\366Q\277\5\24"..., iov_len=4096}], 2) = 8192
4131  read(3, "\200\307\324\325\326\0007n\372\312\245_;x\205\357D\10Nz\262b8\210\233\300Ks\6\350\314\365"..., 8191) = 8191
4131  writev(4, [{iov_base="s\246\362\326\372J\211\252>!\335\270wgI\33\353\216\204x\231\211\306\265\353Ijo^\6\323\264"..., iov_len=4096}, {iov_base="<\234\"J\306}\316\225*\374\346\354\16\\\377zjFV\3\250X\\7\202\2471\211\202}\364i"..., iov_len=4096}], 2) = 8192
4131  read(3, "*\362\2752X\32L=\245\22\1\313u\303\f\33\322\231d\262\316\355\35=\nk{\221\260\r\3759"..., 8191) = 8191
4131  writev(4, [{iov_base="\251\356\224\261\270/e\311_e)h\300E3*\266\302\303\260\340~\316q\274\207Y\330\276\341T\234"..., iov_len=4096}, {iov_base="\366\0350\223\17\215\327\35/f\363\307\0\264.U\32\342\376A\274Y\275\273\237\321\275\256\203\275[\274"..., iov_len=4096}], 2) = 8192
4131  read(3, "K\326\225\214J\234\342r\260l\276\307m\f\305\260[n\0335\272\201\21#\10\20\317N\3514\272\206"..., 8191) = 8191
4131  writev(4, [{iov_base=")\240@\224\206\215 \267X=d\306J\373\277}ou\226\365\357\304\254\343\227/m\233P\352a\257"..., iov_len=4096}, {iov_base="a,>MEmK\332\322Z\2608\341\301\362\221Iv\327\264}\346Y\336\324l\212Q\f\22\226\221"..., iov_len=4096}], 2) = 8192
4131  read(3, "\7\325\302\240g#KJ&cI[\375\226\334\254\t\1\340\22`\t\236\232\270d\36\3274v\3049"..., 8191) = 8191
4131  writev(4, [{iov_base="\264q\357\371\354\225\253\20\206\200\333\34\221z\336\37<\274-f\346\311\237~t\264\262\206\373\220\225v"..., iov_len=4096}, {iov_base="G\345\r\366D|\33u\32wGQ^\274\312\206A\374\25438\325\215\203L8\7\232\235g\239"..., iov_len=4096}], 2) = 8192
4131  read(3, "]_\7\212\2447z\317tF\340\357\4\275\332\315\333t\302\253\214\24+\265R\263\324\31\246w\273\20"..., 8191) = 8191
4131  writev(4, [{iov_base="\346o\266\340\325\223Iy/\315\241-\353\25\5\357s\210\365\20\265\302-\313\202\20p\326\373\315+\23"..., iov_len=4096}, {iov_base="K\266NX[#\362\315q\247\25\202\245\21\273D\266,\276\241\216\260\260\310\f\276\207w\177\36\261v"..., iov_len=4096}], 2) = 8192
4131  read(3, "\0300\34t\312\370\247\375\241e\31\375\5\310\213R\365.\365\220Q\333\225{5\236\222\254W&n\372"..., 8191) = 8191
4131  writev(4, [{iov_base="\207\355\353=\257\341\273\210\316,\31\225\7\4\25B\373I\25*\340\305\331^\341\257j`]j\30\0"..., iov_len=4096}, {iov_base="\257\266\206\214\350\223H\360\230\278\16\374-\313\3603\215\241\266eI\326\353\375\337\254\221\230\314SC"..., iov_len=4096}], 2) = 8192
4131  read(3, "%\tuHEM\371\323\371\210\233-\370*\"\21S\266\247\257\361\263\27NL6'P\203\224<7"..., 8191) = 8191
4131  writev(4, [{iov_base="\354\201:\"\10\242\2\3172\364\306\37d\217\324\365R\344\373OV!\306-\302\354\263'\351\24D\0"..., iov_len=4096}, {iov_base="D\232U\205\310X\207\233zU\347\r6\235\234\2611\347\225\265\325f\312G~\240\233\36\16W\245\36"..., iov_len=4096}], 2) = 8192
4131  read(3, "\4\222\247\301\34\21\314\4\"\357'\327\35w\205<\214\5>\313_\251\303\347\16\344\223\273\216\263\232\362"..., 8191) = 8191
4131  writev(4, [{iov_base="\217\254\205\305\265\7\202\364\350*\373\30.\322p\233\36RK\303j\213\4\361\313\236\32\251\3618\332\215"..., iov_len=4096}, {iov_base="\234m\310\262\343\355F\337s.\355\3350-%\21\17n\312O\203\246f\217(\275\252e\336L\306@"..., iov_len=4096}], 2) = 8192
4131  read(3, "6/\365\304\361\234\266\266\370\333\231q\274\223\211G\374\234\372\237\364 \263\207\339:\337Fb\376E"..., 8191) = 8191
4131  writev(4, [{iov_base="\302\336\332\220\33Q\204\316\3322\257\356\272\323\345\3313\377\200\272\204\274\245\223]\10\242H[s\335W"..., iov_len=4096}, {iov_base="v\217H9\360\252jiah1\312\356\350>\333\227\3339\17\305\230HG`\3363IzFzp"..., iov_len=4096}], 2) = 8192
4131  read(3, "\211\215\242\316D\26m\355\270\343q\344\220\237\237_N\261\237*\217\223\327\7\325\222\277\35E\37\203\20"..., 8191) = 8191
4131  writev(4, [{iov_base="\7 \34\316\321KpR\34]\2777\232b\337!%\24\\\203\1\276\217\342^/o\304\33U\361o"..., iov_len=4096}, {iov_base="%\226\225c\34\261\356z\252\347\3\203n\236C\321{\362\33L\212\27G\336\372\r\361t\30\250\276K"..., iov_len=4096}], 2) = 8192
4131  read(3, "\361>B\37\212\22\350\223\374E\317\241\330\6\230U;\33\326;r\177*\243\33\250,\331\222\\L\321"..., 8191) = 8191
4131  writev(4, [{iov_base="!\0@ \220\354\235\270<\313_\6\336`G\t^b\216#\215\245\335\334\357\213y5w&\1;"..., iov_len=4096}, {iov_base="\271\305\362aI\3547\2>\244zf:\314 \25\356\312&\207U \257ly\1n\333\217T\337r"..., iov_len=4096}], 2) = 8192
4131  read(3, "`\357\241\241\230\242\246+p\306\223LP\372}\265[\306\37\334\227\217T\201r\322\201\361\335\30`\203"..., 8191) = 8191
4131  writev(4, [{iov_base="\301*\216#\303\200$\31'}\326r\10\326Rk\242NW \334\253\fTLd\253\372\324.\33\265"..., iov_len=4096}, {iov_base=".\1|\204\336\357\302\340}x\341\374\3001\260\246\31P1\377.)\220zV\r\304O|\32\320\37"..., iov_len=4096}], 2) = 8192
4131  read(3, "]\232\335\367\36{,\263t\10(0.0jTJY\376(I\346Lh\320j\221\26Y\264\346\0"..., 8191) = 8191
4131  writev(4, [{iov_base="\257\27\200\332\322\26g\30\355\2138J\202N\365\340\202n\253\35J\366\312'\f\321E\211\"zBu"..., iov_len=4096}, {iov_base="%w)\224\340\250\335\3501g\273\334H\205u\1t$\7\1L\305\345\264\324\320\204\330\253\203\222\316"..., iov_len=4096}], 2) = 8192
4131  read(3, "\211}\253\243\335Ht)RJs_\364\235@Gqo6 \304\315?\320\356\246\2567\316I%\234"..., 8191) = 8191
4131  writev(4, [{iov_base="\372%\204k\321N\6i\214\275\331\245+\222\177\22\23\352\365]&\203\237\273Y\2226~\20\377\253\207"..., iov_len=4096}, {iov_base="\30\240\204\26\7\274\330\0254\253\311\21\240\263\362\177\247\n R>\37fC\336EmP^\2\nD"..., iov_len=4096}], 2) = 8192
4131  read(3, "\336\243\276\274\264EZ\232\232\272\27\267y\351\341\365\24hR\353\7\254\2647,g\221\"\343\323g\307"..., 8191) = 8191
4131  writev(4, [{iov_base="z\255\314W\222x\274\30\2171\255$t/\250\177\350\301\210\250\330\247;\26\207L\217\305\317Q^h"..., iov_len=4096}, {iov_base=";\306TS\10j{\235\2665z?\347lka,\33\355\274?\277J\220\24\325O\217\235\342\343\255"..., iov_len=4096}], 2) = 8192
4131  read(3, "\35+\362\25\313\200\303\361\237\241w-\220\270\341\333\352\203\250\233\211\254\375`yE\237\23q\270J\340"..., 8191) = 8191
4131  writev(4, [{iov_base="])\216\232\271_HKm\205\215-\302\247\202/\271\247\1S\347\237\316o\333_\7^\254\23$\35"..., iov_len=4096}, {iov_base="N\221P\257p{+\332\17_{}\210\257_RPOFC\331\242\16\355\376Y\351\226Wb\217\0"..., iov_len=4096}], 2) = 8192
4131  read(3, ")\226\315%}\203}\205\35a\4\243\245C\202\373\\\341\264:\30S\\(\30\26N\352\365\251\321E"..., 8191) = 8191
4131  writev(4, [{iov_base="{\326{b\241-I\373\342kY\330\344\236v\34'\2225\270|\220\321]\303\273\341\1\1M?1"..., iov_len=4096}, {iov_base="\211'\251\366M:Y\26\237\240\2210\373csdSo\306%\317\305,}\2634\332K\210Mb:"..., iov_len=4096}], 2) = 8192
4131  read(3, "O\206\327\375\213Xj\201r&\351^3\267\35\213\271\341\332%\3157\265\300\204zp\224Sz4\7"..., 8191) = 8191
4131  writev(4, [{iov_base="_R\206\3444N18\207\212\31\333[F\325\0\256\240\240\231\235@\373\240\"\244\200\4K(\305o"..., iov_len=4096}, {iov_base="\342\366\363\206\231{*\302d $ <r/\271\262\250\356\375>\204:#%/\370c!\23\353\371"..., iov_len=4096}], 2) = 8192
4131  read(3, "fL\350\340\266h\206\\\3064\r`\246I\217\337,Bk\275\326jVR\\sm&\7\211\108"..., 8191) = 8191
4131  writev(4, [{iov_base="P\350\270\v\370\347\206jb\213\365\7!E\344W\253\276\334\344A\347*\303u\243\10F\371\311w\324"..., iov_len=4096}, {iov_base=" \236\2306`(\240x\225\30\"\225\332\21\222[&\372)\27l+cn\225\360\263*6\364\316\327"..., iov_len=4096}], 2) = 8192
4131  read(3, "\214\221\262\302\360\5\5\237\305:\0220\333j%N\360\221\273\vZ[s6\203x\201\204\0277\253\307"..., 8191) = 8191
4131  writev(4, [{iov_base="\3}Kr\230\361\0054\250\342\r\325\314\342\360\69\222\246:\214g\324\322\0p\331\17\21E\17\310"..., iov_len=4096}, {iov_base="PFY[&\302\326\333\336\262\342\327\275^\357)\335Q\32\374\377T\256\2157\225C\354\254;\334z"..., iov_len=4096}], 2) = 8192
4131  read(3, "F|\16\216\3641\264\332O\350\227\346\2372\r'\251\\n\275K#\333\215\272\275\201\331\36\272\246d"..., 8191) = 8191
4131  writev(4, [{iov_base=" \27\273N<A#\262\230>N\\\214,\337\363M\322\336Q\2069h\210\230\341\300\254:\250+H"..., iov_len=4096}, {iov_base="\322\245\231u\311\20\31\0}\206\235\204\234\3\276\22\256\312\355\276\210vqr\310\362\2\0\346\365\3514"..., iov_len=4096}], 2) = 8192
4131  read(3, "\371\336m\200\3428\252CP\214<pk\\\202h\350l\0322K\243>\276\3055.\351\213\345d\220"..., 8191) = 8191
4131  writev(4, [{iov_base="\373\253.\26\31\216\315\361:\0246\30\341}\0161\3521\334T\226q\270c\233\247\310\232\223\0\245\277"..., iov_len=4096}, {iov_base=".\325\206\27^\266\265\353\373Q\307aB\214\21\352\204n\244T\360y\236\240\2674n\32\270\324v*"..., iov_len=4096}], 2) = 8192
4131  read(3, "\34<\206L\261{#\340\31\331\373\361Y\234w\341Xh\376\10k\344M\252;\233R\10\tF\330\306"..., 8191) = 8191
4131  writev(4, [{iov_base="=\302l\230~y\276\r\355}w\370\36-W\214\374\7\334\222k\37!\340\350mD\7\373\252\35\307"..., iov_len=4096}, {iov_base="?\32\264\245\214\244`wC\0013\0025/,Z\364\"\327}?\265\251\340\314\3\16.\3201>="..., iov_len=4096}], 2) = 8192
4131  read(3, "\324F\204{\256\4\6b\271\226\371np\343$\250z\223\371\32\1\342mq&\217z\216\373\300u\370"..., 8191) = 8191
4131  writev(4, [{iov_base=" g@\351yE-*C\256\37\7{f\243\23\361\211\2I\321\250\31\33;a\365\223\346v\330\215"..., iov_len=4096}, {iov_base="\341CO\212}@{[\202ft\206\365\211\253\377\226f\27,9\3500G\246N\252kc\310\0\372"..., iov_len=4096}], 2) = 8192
4131  read(3, "s\365\22\245\2379\244\257\202\372\223W;\357\370\r\10ch\34{\372/\212\343,\10\271\t\273DW"..., 8191) = 8191
4131  writev(4, [{iov_base="C\203\360-u\363a\364\364d\342\216)a\2075\303?\370\312\213\344T\327\335\331\354\6\212\206Te"..., iov_len=4096}, {iov_base="\326cE\244Y\303\217\312=R\372vR&\267\210f\271!\367\335\270om\321q\203nA\5\5]"..., iov_len=4096}], 2) = 8192
4131  read(3, "\255\21\340\30*\36\224J\356&C\210\215\31\2114\312\\\275\207\372\326\360\201\267\206u\333\327\313r\313"..., 8191) = 8191
4131  writev(4, [{iov_base="\10\25772?\0\226\272\240\37\276\266\330\25\317\32\324]E\321[4;`\366\351\223\346\241\263\346\362"..., iov_len=4096}, {iov_base="3\257\377iD\374nS\304\335^L\352\226x\v]U\274^\263\0\254e\222T\fJ2PDx"..., iov_len=4096}], 2) = 8192
4131  read(3, "\352\304\16g\337\366\375\301\337\227\252J\352\301\245ZL'\232\241\363U\210\35\340\245\354\177V\326?\24"..., 8191) = 8191
4131  writev(4, [{iov_base="\362\265\371\333?\227-sMN\202F\221\271\306\300\367\350a3\234\374\317ud\353\350\375\236z\334\251"..., iov_len=4096}, {iov_base="\221\323Y\352_Op\257\357\34Y\5\370\266\232\305\\\3\t\177\t-\20\326\272<uX9\327\235\302"..., iov_len=4096}], 2) = 8192
4131  read(3, "<\355\2\343Li+y\354\324\177\225\251\307X\4\372\363\267\346\271\0k\304\267\250\22\2550\216\203\r"..., 8191) = 8191
4131  writev(4, [{iov_base="M\243\317A\321\363d.Q\237\241\276p\217\276\376g\177\346\360\235\354\7J\4\334\200.\2206l\337"..., iov_len=4096}, {iov_base="\2466\372\226\273\3\375\200M\241?\354\v\256;*\305\217\207.<y?\323\306\230+\2547\371\346\322"..., iov_len=4096}], 2) = 8192
4131  read(3, "\260D=\327X\341\203\321RF\206H\37\265\22\316\226\307:\216D\304\204\"\345\324\226\247\272\275\226\323"..., 8191) = 8191
4131  writev(4, [{iov_base="\301\321\355\17\316N\244\5\r\264s\361\3449\251>\235\200\3\232%\354\366\264\24\266p\327!\277\352\365"..., iov_len=4096}, {iov_base="+\377\300\203\347B\203-\16X\0035\200\364\354n\251\227W\20f\333\312\4\363\4\361\205-Q\305W"..., iov_len=4096}], 2) = 8192
4131  read(3, "'\v\303e\353\314Z\276\301\264\241\313Kb\224N\222\351\237o(\334\376\35an1\1\260\1O1"..., 8191) = 8191
4131  writev(4, [{iov_base="\265\355)[\33\6\363\251\347\224\23\262\250\274\265\26f\17\347\f\224\336\231\33g\250W\337\3019@\366"..., iov_len=4096}, {iov_base="L\314G\320$\337\r\337\346\215o~^.\321\342T\337\30\204*Zmhg\361\30t\341G\27\n"..., iov_len=4096}], 2) = 8192
4131  read(3, "l\302\372J\35\307R\n\327\355\214f\330%\17CN\n\314\32t\373\256\337\306\310\200I\301\224\266)"..., 8191) = 8191
4131  writev(4, [{iov_base="\307\310\221\267w\266o\226\210\247\311\226\376+\246+\364[6H\2572\312TF\31\236\371\314*.\200"..., iov_len=4096}, {iov_base="\246Xu\rGn+\246\311-\226\245=\243\223g\356\25H\336\263\267\250V\\\26\370\203\205\364\271j"..., iov_len=4096}], 2) = 8192
4131  read(3, ":k%\236\372\214gQ\352\353`\205\371\241Z\22\361\251\312\223\225\360\304\f@\n\t^\325\370\310\311"..., 8191) = 8191
4131  writev(4, [{iov_base="\345\303\336\262\237\375\224E\247\33\233\352T\262\377\234\242m\313\317\301\316\16\2410\"\350\227\345]\235@"..., iov_len=4096}, {iov_base="\27\370\231\f\226\323\224Q1C\16\303\326y\253\f\363\273\327\1\275\356\370\305\264$\354zZ\306\236o"..., iov_len=4096}], 2) = 8192
4131  read(3, "\342\213c\264\n\314\313\303\272\347H\330\373\35\310\25\0s\347\235E;\215-\215\2038x1\364C\20"..., 8191) = 8191
4131  writev(4, [{iov_base="\32\t,\27Hsy\323\233\244\352\251v\373\242b\240Pe\256\241=s\255\201)\334\341\322\\\367G"..., iov_len=4096}, {iov_base="\177\253\3112\377&\v\\0\10\223\356\236\201\306\245t\251\204w\300[\301R\240\217d\247:R</"..., iov_len=4096}], 2) = 8192
4131  read(3, "\20\354cb(\26</\307\260f+\214:S\221\306\244&P:n\241'\217V\227\232\264eN\325"..., 8191) = 8191
4131  writev(4, [{iov_base="'v\3049\26\327\234\246\210\316\23!\310\22\371\334\322m\263*\177\250X\7\1\211\367^\255\201\22\204"..., iov_len=4096}, {iov_base="\324\216\25\301\3\310\365\177\n<\3644N\10\27vD\343\271\310\315\nX\356\321\16w\350u\253\233\225"..., iov_len=4096}], 2) = 8192
4131  read(3, "=x\276*a\2\"\365\352B<\327i\224\272\205\312u\313\35 3\374\6)\303\200\272\241\370^y"..., 8191) = 8191
4131  writev(4, [{iov_base="e^\325\302%\3338\251\3352z\327\35\234\24\245S*\35\34\270\0075\257+\376-\372%,\2130"..., iov_len=4096}, {iov_base="\232L\351\354m\234\316\253>u\247\345\327\243\262{R\23Jj\357p\207\"=\237\301(n\270\177\""..., iov_len=4096}], 2) = 8192
4131  read(3, ")N\276yR\335\371\302\6bc\361\310\2744*\306?\373\205\324\366F\332\301\304\245h\303\25$\322"..., 8191) = 8191
4131  writev(4, [{iov_base="J{\352\3\31h>\351\323\252j\326\231\17\336\226\355l\274\262\246\253\266\37\213S^\224L1{\373"..., iov_len=4096}, {iov_base="\313\315e\333Z\30YD\7\201\255`k\232\204\212\n?^\236\221@\313'\24\356UP 1w_"..., iov_len=4096}], 2) = 8192
4131  read(3, "0\266H\213d|\242w\333\r \5_\210H\350\305Am\203\177\322\22\35\271\277yi|V\273W"..., 8191) = 8191
4131  writev(4, [{iov_base="\304\203>\"\32\370\377\240;\254\303x\250\234\362/\311\337\227\256M]U\320\320\264L\227z%\36U"..., iov_len=4096}, {iov_base="D\264Nr\265&\314\200\"\220\203M\322\303\316\310qe\364\274\352\4e\242)\267\1\240\210\317:\201"..., iov_len=4096}], 2) = 8192
4131  read(3, "x\276B\305f*[\214\260\2108J\26\36R\205\37\33\37\311{\276\200\273\254\205\217n[\207\7\340"..., 8191) = 8191
4131  writev(4, [{iov_base="\342\300\222`<\31zKO\5\31\223\r\354\215\224\327R\331\361%\323\332fj\355\364\16<\231(p"..., iov_len=4096}, {iov_base="\f\230\235\341\300}*\177\316\24q\273\244G\216\246L\360\22\250\313%\17\36\327\267}ZV\376\274\371"..., iov_len=4096}], 2) = 8192
4131  read(3, "i\370\342\331i\7\361\360\313Lb\261\324\255J\262<W\326Q1=v\16i\277\26#\2674sw"..., 8191) = 8191
4131  writev(4, [{iov_base="\267\344>^|\253\214E\3164m\313\266\335\334\5di\16\212\231\311\t\223\307\230\377\307K\375\376\315"..., iov_len=4096}, {iov_base="\315\24>\347+53\36m-=\4\305(T\305\242\241\202\213k\373`@\365s\364\26\340\275\354s"..., iov_len=4096}], 2) = 8192
4131  read(3, "\177\6\3211\375\211\315'\353\306~A,\203\n\4\315~\241\352\3243:\223=\v\254\331,_Xc"..., 8191) = 8191
4131  writev(4, [{iov_base="\2\206\201\221bOz\371\272\300\310\307\325\321\324{\362\366\300\341N3X7I\35\304Q\330n\213q"..., iov_len=4096}, {iov_base="\244q\205\373>\361\205\320<\310\266\345\302\221\300?G\320l\230n3\202\322\324\271\372\316\345\321\33o"..., iov_len=4096}], 2) = 8192
4131  read(3, "ZoA=I\327\48@G\2\367A+Jd\5\277\16\200\321\200\224\27\320\346\177\7\375K\315\v"..., 8191) = 8191
4131  writev(4, [{iov_base="5#\246 l\323e\263\"T\253\24\371\324m\345)R\27m/X\265\350\274\304\5\273\30\f\263\257"..., iov_len=4096}, {iov_base="\356G\2577C\214e\303\304\336ev3]\224\312\211<{\267\327\\\326\335\200D\26\331\206\6\2367"..., iov_len=4096}], 2) = 8192
4131  read(3, "^\10\363C\246\302\240\335Ym(J\\v\344qjJ\263\25s\nn\24\201u9>\241Nl\350"..., 8191) = 8191
4131  writev(4, [{iov_base="\367$\271\240\256\246A</\321\274\302\357A\313u\3149\r\225\355D\23\33\7\343Vg\265Q\247\7"..., iov_len=4096}, {iov_base="\275`x\24\215`\261(?\316,6\332\16\252S\10h72\236\\\340\\\321S\230\255\357Xr,"..., iov_len=4096}], 2) = 8192
4131  read(3, "\230\343\361n\236\337\"\334\217\271\331\3\351.\222\270\345uq\32\\\32\267=;;Z\370\306\270\374["..., 8191) = 8191
4131  writev(4, [{iov_base="\236\320T\301\263\325(\230\233\361\24_]3\370Z\327;p\21\310\354\177\267\325X\214\333Y\1Tz"..., iov_len=4096}, {iov_base="^\332\310,,o\312Y\333\37j\301{\303Z\363\240B\351\310S\231\214\226\213\237\207C\371>#C"..., iov_len=4096}], 2) = 8192
4131  read(3, "\321\341\245\323SR\364\250\223DN$\303X\273\277 !$P]\265\347B\\|\223\276\365A\377#"..., 8191) = 8191
4131  writev(4, [{iov_base="/$=\207\346\33\316\336\364i\365\324:\\\32\372\35\336\6t\22Ol)q\214\234lV\334\314\207"..., iov_len=4096}, {iov_base="\336\256\374\232E\244\235\245\207>\177M\24\332\251\337T\\\7\3428\36\f:\30m4 s\245)D"..., iov_len=4096}], 2) = 8192
4131  read(3, "_\31}\265\355\367\361\250\211 \276\255\245&\301\"\244y\314=\17\355\20Q\343_\200\1\334\376\343j"..., 8191) = 8191
4131  writev(4, [{iov_base="\362@n\3339\237q\36\345\237+\224\256\22M\7\231h+\305(!x\251o\350\23\17Q\357?e"..., iov_len=4096}, {iov_base="\334\267\30\325\312\350\221<q|l\277_\342\241\312 ^(&l\3075\347\376R\31I\30J\323\33"..., iov_len=4096}], 2) = 8192
4131  read(3, "\tk=+\347\25F\242\261t\337\\\t\211\375\367v\26\351\336YmSX;\344\230T\372J\361\35"..., 8191) = 8191
4131  writev(4, [{iov_base="`\343\22\rZ\327\244<p\25m\271\364B\5\371\n\344@.N\262\260\tLFt}\203_,Q"..., iov_len=4096}, {iov_base="4\233\265r'-w\376\252\3>\211Y\215\223\r\216s\363u\363\16?~;\320\4O\"\33pq"..., iov_len=4096}], 2) = 8192
4131  read(3, "\361Y\4\342\10~fg\3320\355\0`5\360Py\335\316\320\370\257\320n\3117e\220\321\226z\330"..., 8191) = 8191
4131  writev(4, [{iov_base="\207E\325\310\r\254H\1.`^\323\331$T\205\222\366\262\326G\342\361\303\316] mc\246\266p"..., iov_len=4096}, {iov_base="\212j/\334K\7C\17b=|u\31\260\243\361X\6T\267R/\230Z\274\323!\252\235 \363\217"..., iov_len=4096}], 2) = 8192
4131  read(3, "A\272\10\2\271\362\346\206\0254\265-\3\277\202\373\374\205\222#OYJ\23\257\251\272F\nD\353\205"..., 8191) = 8191
4131  writev(4, [{iov_base="\272\24\234\242\333J[M\340\317g0J\4\20(a\337\343\352tG\357z\220D\344\374y\264\346\353"..., iov_len=4096}, {iov_base="\371\351\177\7\225\306\312\261\344/3\241\3022\316\\ \342\247\205\343C\353\205\2678\25Y\247\333'\221"..., iov_len=4096}], 2) = 8192
4131  read(3, "\344\370R\177Xee\310V\324\7g\205\320l\372/\201\31D\335\256Yx#|qC\5\353\21\351"..., 8191) = 8191
4131  writev(4, [{iov_base="\21\2430\312\243X\317J\1'rZ5\2\375\243O{O4\334U\244R\5\246\324{\263cY\t"..., iov_len=4096}, {iov_base="\33\271\315B\30\344GlY.\0224V\234\265N\206}|\266r\226F\203[(\354\21\240\310\342:"..., iov_len=4096}], 2) = 8192
4131  read(3, "z\371\224\250J\375\223\321:I\227\274\220\270\233\253\350\347\372\331\363\337\214\221\215\207\334\377Gg\0164"..., 8191) = 8191
4131  writev(4, [{iov_base="\316\206%1p\207\370\276:\262\370\23\321<e\211\265\375\371-^\367^\317\217\307\265\253\367\343\321="..., iov_len=4096}, {iov_base="\350\5\1\306\327\223\371\334\311\313\205;\3357\373\305\3 >\324\344\217\2712\224\203\334\243\311N\n\302"..., iov_len=4096}], 2) = 8192
4131  read(3, "\346OF\305?\360\271\2568x{J\371\207\303\264A \207\37\336\334H~\322\324\363\332\360\20k\26"..., 8191) = 8191
4131  writev(4, [{iov_base="eV)\257\320\353\32\303\351Q\247$\37\275|\0224B\235\262m-\302D\r\244\220\201\347\0333R"..., iov_len=4096}, {iov_base="]\323\352]\305\21\240\204\364[-\307\221\374\270\377\10}\341~\236R=\272\20bq7ypJ&"..., iov_len=4096}], 2) = 8192
4131  read(3, "\22 \267\272\242(\372\25\23\08\245;C\266\33\33\337\336J/\226\213\200\277\377\6cn\23\33\3"..., 8191) = 8191
4131  writev(4, [{iov_base="9\21\36A\223\206I1@YV\304\376\336\10O\\d\310u0l\212L\205\342\335(\341\231\360\336"..., iov_len=4096}, {iov_base="\263]\372\342\341\327FX\232\16P9B:\274\354\304`\317\23\307\305\333A!\207\336:6\n)\336"..., iov_len=4096}], 2) = 8192
4131  read(3, "\330\346Vqs\203\352\345\347\r\31Y\211\262\\E\16\345*q\0'\33S\316\336[>\301eD`"..., 8191) = 8191
4131  writev(4, [{iov_base="\265$\177l\247\fl\20\322\370\201\360\227a\327\204\206\203I!\27\260R\201\361\26\fV\320'Y~"..., iov_len=4096}, {iov_base="\227^\335\276\16\260\326l\320\276&\271X\363\203W\342\263\232\0100`\351\306\267\0336=\31\257\211p"..., iov_len=4096}], 2) = 8192
4131  read(3, "_X\256\263!\2\315\343rF\30\223U`b\211\276?\364\336!\315\252\315\257\213>`\274\34D\257"..., 8191) = 8191
4131  writev(4, [{iov_base="\213\277\374\360n\304\3\344S\20\332\374\370\20\356\r\277Ce\2306\312\314\231!\225\3768e\\\243\232"..., iov_len=4096}, {iov_base="\317{\234\30\6\250\276o\361\265\245\305\2271L\333\v\26ba\364\257\212\226` 5?\225v\325\346"..., iov_len=4096}], 2) = 8192
4131  read(3, "[\f\360\265\nq-\17\31\251[\268~8\351\366\30'\273/\23\324=\36jo\262\352\275z\301"..., 8191) = 8191
4131  writev(4, [{iov_base="\354\206\317\277a\330\370\205\2431k\337\324\264Sn\20\10\365K@qr\355\36V\330U\204\367\255k"..., iov_len=4096}, {iov_base="G\32.{(\267\374\243\3\253\261\236]\314\263\374e\202z&\206S\251\304g\227\372?VJVe"..., iov_len=4096}], 2) = 8192
4131  read(3, "\2\361\245\350\216#\3\25!r\37\301\316\220\n\207\305\264\240\306=\234\16q\201<\323=\v\23NG"..., 8191) = 8191
4131  writev(4, [{iov_base="\277\347*G\356\320\257\216\364M\351\347i\206\213\t(\265\2429b#\357\35:\267\325\367\371I\322\266"..., iov_len=4096}, {iov_base="\360\0262)\250\366\5\222\364\336\326\225\332\356&\233\v7\225H\263\265\241\37\201\276\264\202\251\6\341\340"..., iov_len=4096}], 2) = 8192
4131  read(3, "p\226\251W\201\233\255P\271\305y\261\26\30\256\26?\1\300\337\243(E\236E\272\247\315U\241\222\204"..., 8191) = 8191
4131  writev(4, [{iov_base="I\327\344\244\27jh\5\377)!\367i\1\257\2p\1n\265\5f:\213\341\f\235-\356`\3021"..., iov_len=4096}, {iov_base="\316\\\254\rzW\312\342;1\v\242\372\205\252\23\5\301\232Xj\333\305\315tsZ\225D-$Y"..., iov_len=4096}], 2) = 8192
4131  read(3, "$\1\3338\377,\302\210\6\366\201\361r\306\323\243\30  \254E\6D\7$w\246\252\307\256D\263"..., 8191) = 8191
4131  writev(4, [{iov_base="\240\321\322\237\327\321y\269\226\30C\261\357\216\252\2741\25'\365@\261q,\361b\265\270 \214\351"..., iov_len=4096}, {iov_base="\374\242\337Y\n\336d\340PY.\3727\211\341\337v\256\36\225\31\225\337\367\240\0045;\243\313Nc"..., iov_len=4096}], 2) = 8192
4131  read(3, "\300\10\320\312<\357+\3100\363j\5\237\312~\336\36\205\34:6\35\34\257O\26\347*\26\256)\313"..., 8191) = 8191
4131  writev(4, [{iov_base="\250\263T\324e\245d\355\375g\327$\\o\253F/W\205e\246@o=\250x\231\360\266\225\207\354"..., iov_len=4096}, {iov_base="\3056M\350f\224\27\20F\3613\250\357\210T\1\346(,#\217\267\357\360h\\\345.\323\234#\305"..., iov_len=4096}], 2) = 8192
4131  read(3, "?\20490\16\356\332n\331\320\247\341\377\201\223{\221\235\334\212\22\336\336G\25f\vD$H\3633"..., 8191) = 8191
4131  writev(4, [{iov_base="\205\354|\357\3659\346\253\374\332\345\305!R\356\203\374\222\310\321\356\214\223BL38L\226J\361M"..., iov_len=4096}, {iov_base="\263\32\372\223\264\316\251\304\323\211!\371{r\214C\315[\n\3F\365\303\333\200ye\311r\253Dp"..., iov_len=4096}], 2) = 8192
4131  read(3, "6;\20\257}Y\331I\0\372\36\340\311\261\267\231\201\21\177\202\254m\316\324\tHa\201%\21}9"..., 8191) = 8191
4131  writev(4, [{iov_base="\266{j\246\272\v\242\362\273H*\3035\35\231I+\334\211>A\331\365\211$\221\202`\32\360\341w"..., iov_len=4096}, {iov_base="\361C8\312\342\253\37\351\2376\332\314\226W\236\246o*\22\200=\16\337\vY\6\\(\2\263\26\236"..., iov_len=4096}], 2) = 8192
4131  read(3, "\304:Np\2\276u\232Y\203P.&\3\255\235\346\323\256\377\340\261\253o!\37\366\331B\362\26-"..., 8191) = 8191
4131  writev(4, [{iov_base="\365\302\331\3421f\256\341\30/\212\222N\257\1@Z}\336\5\250\220,k\370\260\354\267\03365\206"..., iov_len=4096}, {iov_base="\237\376\327?\201u\313\205\244n\204\3\356\3v\266\302\270\202\214\267\232\223\311\371\21\371\341\325\244\324\7"..., iov_len=4096}], 2) = 8192
4131  read(3, "\274S\264 \350P/\35\231\302\206\334'\250\33&\313\265t\270:\272d\371\273\31\200]\375\311 %"..., 8191) = 8191
4131  writev(4, [{iov_base="\311_u\346\374\361\261\341>\373\203E\203*\272\241\2429\331%\3619/Ke\244+l\316\373\266\252"..., iov_len=4096}, {iov_base="\241x\4\10\1\375\3106[w\337\353\f%#\207\"$\"?\355x\264*\7*\236\304\222\247\331\216"..., iov_len=4096}], 2) = 8192
4131  read(3, "k8X(x\21d\227\370bbP\350\222c\253z\323\275gD\0015&Q<E\240\342#jI"..., 8191) = 8191
4131  writev(4, [{iov_base="\234:t]\37\177\224\267\232l\0\356a\\\275v\17\337+\335d\326\343NH*v0f\367Su"..., iov_len=4096}, {iov_base="U\217a\206s\244\256\3\207\217\205\1772o\210\266\300\216\201\262\334\30i'j_\274\227\3306\303\227"..., iov_len=4096}], 2) = 8192
4131  read(3, "iv\2219\3\357x\3648\231\277\345\261\312\211\374\r_\242\370\351\331\264\363\260\267\315g\177\3\20\355"..., 8191) = 8191
4131  writev(4, [{iov_base="=\361\342}\333pF\36m\202\25\320\246\254\231\33\r \222P\377=Dn:m\305\213\313qj\345"..., iov_len=4096}, {iov_base="\26\306\261\222I\3075\226\323e\222\213T\37I?\316\7\31$S\203\253\235\272>\315\341Y\301.k"..., iov_len=4096}], 2) = 8192
4131  read(3, "i \350xq@4\354\250\367\330l\252G\332\215\2025B/\2624t\366\357\264DM\"\7\371r"..., 8191) = 8191
4131  writev(4, [{iov_base=":\352\316\344A\217v\376\t\333\300ns\22v2+Y^#\260J_u,\232\34N!\254H\213"..., iov_len=4096}, {iov_base="@[!\252M4/\246\232\261p\265\3045;A}\234X\226\6\353\266\203T\371\267\20N)#e"..., iov_len=4096}], 2) = 8192
4131  read(3, "=~\36`k\214l;\5\277\3\0\220\236\347\324\34\263\352\27$\376\242\361:f\f\366:\317MD"..., 8191) = 8191
4131  writev(4, [{iov_base="\342\304(]\223\206\265\253\"\302\31\216\6\376V^\304I\10=\3\335\26\r\254\327D\263:'\211\377"..., iov_len=4096}, {iov_base="\2\0D\323\356e\361\301\313\3\335Dm\234\3\220\367\342\245wxS\337\207\336\315\304|\350\232\266z"..., iov_len=4096}], 2) = 8192
4131  read(3, "\274\267\35/\375\205\364i\252\354\"\245\364\343$\34\212i\10\373\20\242\316\366\17<z\325\324h,\276"..., 8191) = 8191
4131  writev(4, [{iov_base="\0\263\323\377)8\n\311\vr)\265\352ez\373H\323\177&f\355f%\306t\320\264\f#Y\206"..., iov_len=4096}, {iov_base="\354\312\334\10\227Y\321&\230)\313\326\372\322\377\300<\307\16x\206\3500\307\242\300\323\323n\33\221\216"..., iov_len=4096}], 2) = 8192
4131  read(3, "\363\350R\335Z,e5H\266\231$\341E*ms\21\272C\257\302HF\261\24oa\23\237yw"..., 8191) = 8191
4131  writev(4, [{iov_base="\364%@\10\334\257VX\350<\32\337\n\375<X\310\34\1\246\366m\212\314\262\21752\255\221\325\277"..., iov_len=4096}, {iov_base="\36e\335u\232\21\\r\315t\t\351t\233\35^\377\211\260\1Ue\315\346I\vB\357L\316!z"..., iov_len=4096}], 2) = 8192
4131  read(3, "\215\335S\7\333S\214\25\f:\34\308\205\35W{)\215\200 _w\340\330?#q\367\356\272S"..., 8191) = 8191
4131  writev(4, [{iov_base="\324S/.\320:dG(\10\16bD\356\367\6B k\302\377\243\352\253`\327\316\3765{g\331"..., iov_len=4096}, {iov_base="\352\274R\177\223\n\33`\302\237\272\20\350\231\24=\307\231)T$2T\20c\310\262/\n\340\3601"..., iov_len=4096}], 2) = 8192
4131  read(3, "\275\340\326[wq\25\331\336Rv\20,\344\0174\376\223\312\30\203\346S\204!t\376\205\362\241FD"..., 8191) = 8191
4131  writev(4, [{iov_base="!\233\26t\234\261;g\217\370\17\346\377\252Tl\177\217H\225\226o\327\10\213Z\2aHA\206\204"..., iov_len=4096}, {iov_base="\5\234\222@\260P\4:O\313\342 \300\337\307\24v\221\22\334qlO\377V\252\5\233\316\340\342\254"..., iov_len=4096}], 2) = 8192
4131  read(3, "\2735\5B\304\363\331\22\37\367\4Z\243-\340[r}\365'Y`{\256-\351J:\260P\333o"..., 8191) = 8191
4131  writev(4, [{iov_base="|\26\345fI\303B6\0061\212?\25\1A\26\303\2240\323\312&r\313,\356\276\323\230P;\374"..., iov_len=4096}, {iov_base="+\"\262\237\250\271d\215\231\345Gc\n\362\370*\244\37\300\212\316f\323\305\247E\206\246\331c{5"..., iov_len=4096}], 2) = 8192
4131  read(3, "}\312\260\310\214\21\350\327\330@\366\242?\220H\365\36\232\203>\334\224\262\3060\375\251p\256\334\364\340"..., 8191) = 8191
4131  writev(4, [{iov_base="0p\315\263\363\360\250K\30q\\J\23ez\267\f@\f\302!\24}\227N\365\v\227\256\353\376."..., iov_len=4096}, {iov_base="\301l%2?Z-\264\373?q\324\323\343\356\260+\244\r\227&\33\375\317\247\\\230\311\355\2734\236"..., iov_len=4096}], 2) = 8192
4131  read(3, "\245\346\2474\226p\247\241\315\331\200_\5O\17M\n\341\302\35.\277@v\3309\317q\371P\364."..., 8191) = 8191
4131  writev(4, [{iov_base="^\204m\361qS\327d+{\16bu\t\33h\321\275\321P\276\23\34\3444\236\260\235\200)\264\250"..., iov_len=4096}, {iov_base="\324\273sA\214\253\"e\23\367\252\t\233\264\243/d^\322\37\230\\\361\361\347\251\273\326\363\256\310\31"..., iov_len=4096}], 2) = 8192
4131  read(3, "\335\267\250p\316\334\223,a\312\7`\340d\313a\241\303\352\v\245\265\250\363\177$h\37\337n\5B"..., 8191) = 8191
4131  writev(4, [{iov_base="\v|\21\27\250\265\320\236\245\20s\215\245\315/V\340\250\377\375\360\fFIj}\272\336\36\".\n"..., iov_len=4096}, {iov_base="pi\232JK\313Xf\262s3Aj\257\204S\260\333\212\312U\354Y\\\333\342\337\217'\226\374\264"..., iov_len=4096}], 2) = 8192
4131  read(3, "\371\n\23\272\323\367(\366\16\203\341\351m\321R2Y!{m\344\245\252%\223\0tG,M\366\272"..., 8191) = 8191
4131  writev(4, [{iov_base="\356n\242b\300\315>\207\224\324\356p\375\27\204O&\257\10\236\16\27\"l\313\222q\325D\314\201;"..., iov_len=4096}, {iov_base="\320c\2227\21\347\217\315\351\300\264^sm\5\357 `\342\226\33%\36\356\305\6\216\34f\375\"\362"..., iov_len=4096}], 2) = 8192
4131  read(3, "\337}\3761.x1\22LS\0\310R\261q%\350\376\270#\234\373\n\222W\364ZxL|\10\203"..., 8191) = 8191
4131  writev(4, [{iov_base="\313BWa%(\1\216\254V\275\240\306Q\343\342\302\316\374\310\267\237\337\256=\277\275Vg\330\203\352"..., iov_len=4096}, {iov_base="\270\274\360\f\363\214\250\216\340\273M\267\255\320\342\314\tF>W\264Q`\234\34en\361\376\374bp"..., iov_len=4096}], 2) = 8192
4131  read(3, "\5\376$\230\212\200'S:\4\3426q\231\22\370\207AJ\0041\222\\\377\340\310\224\0375\20&\217"..., 8191) = 8191
4131  writev(4, [{iov_base="\377\367\"\332\7\313\23{\36\177\273\311.\6\220}8\344Ft\335Nz\277I\227\26\217\t\245'G"..., iov_len=4096}, {iov_base="\235b\213\305\213&\177m\255\205j\201\255)\256y\334\212En\314Z\30\360\351\217\227Zp\270\6X"..., iov_len=4096}], 2) = 8192
4131  read(3, "\1\17\26\322D~\234m\305\233&m\355>&\32\344>\262=\6\324\2252\357\213D\3021\253\372\356"..., 8191) = 8191
4131  writev(4, [{iov_base="\200\334\261J\230S@\214\303)\310\237\\\33\16\236\252O\36BB\364\10\200\344\272\330\"=/Dj"..., iov_len=4096}, {iov_base=" \332\335\314\372\n\21\317+\36`}A\240\32|z\3723\345\374S\321\204:\311? \31\335! "..., iov_len=4096}], 2) = 8192
4131  read(3, "_%U\323\231Xt\347\302\220\272\4,\254\316\256\rdez/\274\4\25\335\362\345\224[\3407\236"..., 8191) = 8191
4131  writev(4, [{iov_base=">\246\372\300\221z\225o\\\325\\e\26\233\273\215\27\326{\10\247\"e{X\344{\365\235\35\177U"..., iov_len=4096}, {iov_base="V5T\367xA\33\31\36\267/\361\364Q\304kn\315\24\357\263\243m\t\261\31\352&\306\214\306o"..., iov_len=4096}], 2) = 8192
4131  read(3, "\201\330\344\323+\24\332Kn\342p\366\304{\325\351\2\375^\27\261\350\370\342$\376\352S\265M\nK"..., 8191) = 8191
4131  writev(4, [{iov_base="\305b\322\33l\271\245\211O{\3623\311N\205\252'y\246(~W\301J\234\320\331':\363\265n"..., iov_len=4096}, {iov_base="$\\^DZ\35\306\314L\371\22\355\231\2x\"\354\355\2621\20\6\352$\3H\236\2569\v\210\207"..., iov_len=4096}], 2) = 8192
4131  read(3, "X\221\354\30)x\333\360l[\227/X/S\"]\363:\5na\35\2309w2\374\3\276\372\357"..., 8191) = 8191
4131  writev(4, [{iov_base="\322-\347W\324\241\303*\31\330\fr:\234\v\314\r\212g+\10\372o\3333<KR\241\34\4\261"..., iov_len=4096}, {iov_base="\16\310\27\251Q\214\4\323\301\16^\321\0304^C\26|R\360\201G\370|<'\0\v\234\"\35\257"..., iov_len=4096}], 2) = 8192
4131  read(3, "\300\304\236\324S?\371\3637k\2750\364Ne\0314X\215\263%\5z\"\263\242I\326~9\237\350"..., 8191) = 8191
4131  writev(4, [{iov_base="\372j\367I{\33\365\201\306\246\341N\317\325\235\331\274g\364I\310\347\341O\242]cI\23\364\217\257"..., iov_len=4096}, {iov_base="\355\17o\274\n\235\205\373\251\304\310H\1*C?r\177\321X\341\353\244\5\177\265\241\377Y\336s<"..., iov_len=4096}], 2) = 8192
4131  read(3, "\32n\206\355\227<\273\30\6:\36C\211\216F\241]\200.\351oN\334\341\236u\315\31154\313\16"..., 8191) = 8191
4131  writev(4, [{iov_base="Rp\233Py\201\314\3703\21\36\17\201T\345\0243x\345\314\2504\202\366\332n\373\313\206\330\1\311"..., iov_len=4096}, {iov_base="\341\311\265d\32\2\322\373\220^\233\223\377\6L8\3\303\16/\374`\213\270\320\322c2\221|\310\344"..., iov_len=4096}], 2) = 8192
4131  read(3, "U\353?^\3428[\302\314\230\262z\2548\v:\34\206\224\373\262\313%\323\366;W\353_\233\315\33"..., 8191) = 8191
4131  writev(4, [{iov_base="\250>\3128&F\227\257\365r\363?h\213?\345\1\333\350G\322\351\270\27\0\20\260\34\203v\245\1"..., iov_len=4096}, {iov_base="C\212x\t\274\3211h\26<1\4\25\271l\16\5\340\20N$\271_\245\6/1\f(0\26\325"..., iov_len=4096}], 2) = 8192
4131  read(3, "C\16\244\263\37\371P?8\215\356\214\260{\323\25 \231\4\2514\252\203\263\263\21\314\21\321\241\24\256"..., 8191) = 8191
4131  writev(4, [{iov_base=">6\336\311\373\37\220\365=\376+J\324\273\221\3360\314\22\342H\202\20,T8\n\243\327\200*D"..., iov_len=4096}, {iov_base="\220i]k\321\277\tGX\331\vt\2352\351\373\f\177\300f\250\311\302D5\350/\367\272|\33\345"..., iov_len=4096}], 2) = 8192
4131  read(3, "{\323;\323Q\10\2727]\324\10X0\215lqp4\327\f\22sRj\"\10`\21\234\232z\325"..., 8191) = 8191
4131  writev(4, [{iov_base="|'7{<\201*\311\317\251\306\177\277\204f\3579J\313z\306\230==\207\\\364\376\302\31\5|"..., iov_len=4096}, {iov_base="\365\356\7\10h4\352ht&\3523)\37\2Q*\315\317g]\350i\345]\206\373:\331\241\261P"..., iov_len=4096}], 2) = 8192
4131  read(3, "\20\5\270\235\33\210(\203pq\360\353\242+E\177\\\272\350J<\245\266\342XI\312'}J\335\265"..., 8191) = 8191
4131  writev(4, [{iov_base="m\276\275\21\345\256]\350\351\322VeW\0171\317u\30\216\352^\221A'\232\222\307\305i\277\346#"..., iov_len=4096}, {iov_base="\323\3722f\3`[\373k\243\365x\3316G\fb\21aB\231S'\3164\314F\364\312\35\214F"..., iov_len=4096}], 2) = 8192
4131  read(3, "\323\342\305g\205iNV\225\376i\nrC$\303\37?\224\341\273\204\266o\f\355\26\276\16=QB"..., 8191) = 8191
4131  writev(4, [{iov_base="\267\n\371\322\7\215\27 FjW\254\353\370L=\7\3564t\1ej\5\313-H\6z\v\371\314"..., iov_len=4096}, {iov_base="U\336jK^\21\351\267\20OnM\207]e\33\34\336/\344\272\356u\271\34\236,\350\273\202\217\35"..., iov_len=4096}], 2) = 8192
4131  read(3, "{\235\326\254\363\340\313\323\3777\300\207\2022\320\355\315\351\322\222\214\323\252]?\370\240\263\317\263\304\327"..., 8191) = 8191
4131  writev(4, [{iov_base="\344\257)\316\306\35\223\312l\231J\273\2379\335\260\343)\264q\26\302|\201\262\2513S\211\17\306\245"..., iov_len=4096}, {iov_base="\263\215\344\262\271)7\214\320\334\231\261\17z\362\300\354K\316\327\305\200\354AF\274Z\211\360\323\31\31"..., iov_len=4096}], 2) = 8192
4131  read(3, "\330\364\302\24\302\0\227\301h\251\177\204L\202\255\206\35\235\26z\355\2416O-\33g\322\242\360Q\245"..., 8191) = 8191
4131  writev(4, [{iov_base="\367\316\3344\26\177\361_x\360\342=\361\344k\211\351/\304\200z\207\23\376\250\17J\302]\203d\\"..., iov_len=4096}, {iov_base="C\206\0P#\311\327\0]Q\237{r'%\244\245\\76\253\223\350W\332\357\337t\216\346\254\361"..., iov_len=4096}], 2) = 8192
4131  read(3, "Fu\272\262\324\264xj\312 \300\233#\246\320u\337\271Xx0\7\367\225\364\274\363\36\334\0164\21"..., 8191) = 8191
4131  writev(4, [{iov_base="gY\376\326\33\246\277\354({\230\327^:\251\234I\322\314\203\22(\314U\265\30F0\336\5|\217"..., iov_len=4096}, {iov_base="\225\26V\206b[\35\353\365\254\362(\301\210i4f:\364a\36\236\327~g\25\304EFo`\232"..., iov_len=4096}], 2) = 8192
4131  read(3, "\322\342\250\241\323\4\331\332\245\247\350\rn\213\201\350\210g\357\3079w\331;B\"1{H\f[f"..., 8191) = 8191
4131  writev(4, [{iov_base="\16\\c\254[3\336\240\336\315:z\262\331\377\362\r\343\1\366\356\367\352\307,3\335\222`\1\351n"..., iov_len=4096}, {iov_base="p(\2672\2\215\324Z\207,\221>\331\r>\22\233&]\363\31\211\33!2%\24\2523E\367\237"..., iov_len=4096}], 2) = 8192
4131  read(3, "\2621\27SGM\363OE\17E-/=\227\211a\264\222\315'\254\357g\3320e\237\216L\35\260"..., 8191) = 8191
4131  writev(4, [{iov_base="\372Dd4\337}\367\232S\33\312g\354M\0\204j\363\245\304O:\374=\375\221p\220:M\3064"..., iov_len=4096}, {iov_base="d,{\376vX\346\0\330\372\0256\245\332\364p\33\234=\277\374:\364\232W\223\264\274\36\31\211U"..., iov_len=4096}], 2) = 8192
4131  read(3, "\254\336G\236l\243\272K\361\3236\274+\374h\23\3721\223\242\212\350\r\6Kw\227n\2246\6\233"..., 8191) = 8191
4131  writev(4, [{iov_base="uE\322\204\10\251\347\307!\327\240Sg\26\211\300\320\211\211\30\16\201\245\240\305b\243\364\316N\200."..., iov_len=4096}, {iov_base="\331\201\212\210\347\2\377\240w7\34\315\23\f\t\304\230\212\314\6s\334\3730\346\352M\0306\320\n\252"..., iov_len=4096}], 2) = 8192
4131  read(3, "H\370\3\233\350\2550\223\220\272=G\340zV\26\215W\3214\25\310\307\331n\241\247\304T\261\10l"..., 8191) = 8191
4131  writev(4, [{iov_base="zOl\221\331&\347\r\230\212d\252\271'b)U7\235\213U\26p\227\235\346\321\342\304\7\313\252"..., iov_len=4096}, {iov_base="\336e\336_y\247[\3117\332\233\3409\201\353\274\260\20+<\331\6\235\27 )|n@)\361%"..., iov_len=4096}], 2) = 8192
4131  read(3, "\334(\20\230\347N\311\325\261\206]vZ)\337\243\362l\321-\34\233\371\370)\2478\265\257\32\25p"..., 8191) = 8191
4131  writev(4, [{iov_base="\273\1q\222Q\22<\303\331b\347\\\213\\\307\277hL#:\211c\355\345&b\375\370@\17\36\352"..., iov_len=4096}, {iov_base="\t\",\21\305<s\254K\25\232h7\224O\220\244\342\322\324\2475\206;3\340\220m\224G\345\211"..., iov_len=4096}], 2) = 8192
4131  read(3, "{m\32\201\6S\216\242\336\261e\270<\302\213p\221\234\220\232<aU\223\214\264\37m*5\2176"..., 8191) = 8191
4131  writev(4, [{iov_base="\254I\1\"\2773\252\201Se\6\32\323\222\301:u\250EA\371d\26\256\212\355`\352=07Z"..., iov_len=4096}, {iov_base="\352\v\204\272-a\347\341\23\215L\376\212\353J\1!u;\221\317\17\342l\277CJ\250\256\f\232X"..., iov_len=4096}], 2) = 8192
4131  read(3, "\7\312\347\202\275\206|Db\375\30o\311\26\2\0\356\241\217\245\266\363\277\311oA+Q\266\236\347\215"..., 8191) = 8191
4131  writev(4, [{iov_base="\234\367s\221\246\346\24\340\332X\272U#\222\24o\323\236\365h\364AuAs1\234HCI\244\254"..., iov_len=4096}, {iov_base="\261\340\360\370\232\f\215\2755\350\345\325c\255\366\33l\f\1779\252\353\333<$B\264\344\221\232\260f"..., iov_len=4096}], 2) = 8192
4131  read(3, "W\366D\2733\250\365\271\350v'O\316\361\372\177v\239\327rU\306\364\212\270\342\304KD/0"..., 8191) = 8191
4131  writev(4, [{iov_base="k\27S\343\366\274\324\335\263\223\224DJ\2124\373\n #\224/1C\24Xf\372\375_\344\346 "..., iov_len=4096}, {iov_base="\245\367BV\260*e\214L\355\307\344\366^Eu\26<f\232I\324yo\20\361Q\305\352\200Nm"..., iov_len=4096}], 2) = 8192
4131  read(3, "Z\23K:>\31\275\332\2001B\v\222\203\253t*+\350\227\246\314l\270\244\276\323\276\340\221\337\f"..., 8191) = 8191
4131  writev(4, [{iov_base="\226j\325\303\305\32\v\367\202\216\ra\220xm}_\252>\35\364\306\314r\201\271\261n\312\246\177X"..., iov_len=4096}, {iov_base="<\346\303\273\311\35y\305\374\367\nN\317\22-<\261\365\222\26\365=\25\336\223\272\3\274\317,\1\351"..., iov_len=4096}], 2) = 8192
4131  read(3, "\312\360\226eG\354r\26\250\210\376-\373\226\0\215\222<\265M\240\222Y\207\336\356\375MJ<\31\224"..., 8191) = 8191
4131  writev(4, [{iov_base="\336y\4?\1\272\307\177\27\336\304X\340\237\335\240\256\244y\246\252d\303\352\234\33\270\v\222\340S\327"..., iov_len=4096}, {iov_base="\257\233\236W\335AG_\233/@!\2107\36\247\6\227\220\6\"\321dV\334*\257\2\306\200c\202"..., iov_len=4096}], 2) = 8192
4131  read(3, "=\223\241\273\335\375\20\263\366%\320\313\234b\277\357@m\333e^\374\24\225yUG\5B\251\330\221"..., 8191) = 8191
4131  writev(4, [{iov_base="9\360\370\325}\244\314\336\310QR!\261\321\322\253:\362)\220!t\2T\251\23\203\262\353X@\326"..., iov_len=4096}, {iov_base="ds\350:\340\342\222<w\260\264\342\23lr)\247Qzi\320\331!\20?B\2744~\276\334\27"..., iov_len=4096}], 2) = 8192
4131  read(3, "\321L\4\nZ\271G\214\307\277\255\237P\307\321g\331M\305\220Q\2X\210\177I\262\25\7u\1\242"..., 8191) = 8191
4131  writev(4, [{iov_base="9\237}:}\367\362\223\238\347\277\304\2675>\274\330U*\261M\331\n\277|\226\23\347\205\5|"..., iov_len=4096}, {iov_base="@\354U\220UG$\347d%,\23\324?j\350\240v_\225p\17\32\r\201\341\316|\346*\323\305"..., iov_len=4096}], 2) = 8192
4131  read(3, "\243\300Wr\223.H\203\210\210\340\233\27N\217\34\226w\225\210}\325h#(\336K3\265\352\354\222"..., 8191) = 8191
4131  writev(4, [{iov_base="P\243\307\222(%\r*\332\227\270\355\245-\377/\333\25\223\373\231\305|=K1\275\320\203\327\267$"..., iov_len=4096}, {iov_base="vv\337\202\242\232\22\353\306HT\316\22\16!\2034\224!\201\300r\361RI\362\327m\253\254\25\36"..., iov_len=4096}], 2) = 8192
4131  read(3, "1D\307\356D<\27\334\253\233S0J$\344d\21D\336p\214bJ\330\312^\206h^j\367\351"..., 8191) = 8191
4131  writev(4, [{iov_base="F\fX\3759\301\343\243\333T\376\210\37>k\266\232M\311*\305\345\v\344=\275e\216\32(\304\307"..., iov_len=4096}, {iov_base="\"E\233\0050\224\324\241\23/J\375\370\267wB~a!P\314R\350\202\23T\207\33\275S\237d"..., iov_len=4096}], 2) = 8192
4131  read(3, "\34\0103\371\33\301\223\206y\v\367\217\347yu^\374#V\352\261\22\336\303/\347\372\225\336\21%!"..., 8191) = 8191
4131  writev(4, [{iov_base="\212\365\351^\220\277\343s\342X`\225\276@\214\314'U\2242\250\"R\2207\f\177GJ\23\316\267"..., iov_len=4096}, {iov_base="d\367\213J\23\370\214U\20h\3742$l\222\226\222\f\371|\177\216c\245\2\3143\3061#\302a"..., iov_len=4096}], 2) = 8192
4131  read(3, "~\226Q\3436\203\373gr\20\261\223\250\323P\\\374\37\373\302\370_\305\226\23{\266bn\23\26\6"..., 8191) = 8191
4131  writev(4, [{iov_base="V(\216\267W\360\313gM3?\256\243kO\347\302\r\201\223K\360\n\220\304\267\345\362\251\24\273g"..., iov_len=4096}, {iov_base="\33x\347M\235{\225\303\202En\347:o\260\257+>\33~x\240\207}\235E\332\335\335c\37}"..., iov_len=4096}], 2) = 8192
4131  read(3, "\24\314\3726K\277v\3331\375{\n\37\352\216w\2377\33\tW\247\272\00339j\345W{\321F"..., 8191) = 8191
4131  writev(4, [{iov_base="wo\247f\n\273\v\373x\254D\255\271\236+vW\24\0211W&\274V\347\261_\233C\16\32\f"..., iov_len=4096}, {iov_base="7t7Nw\231rg\213\316\200\256\376\264\266\370\326N\326MK\326\326M\351\177 &\n,\330\233"..., iov_len=4096}], 2) = 8192
4131  read(3, "\253\330\271Q\346\347\2641 [F\16\360:\305\200 }bW\16@\344\324\364\3w\25g\230\357y"..., 8191) = 8191
4131  writev(4, [{iov_base="1;-\\\301q\212i\314\370\0\16\261\207RY|\252vV\342\274\205\322\260\327G\317\327\266>x"..., iov_len=4096}, {iov_base="\5\35\260\374625\265\244\20\217\202W\10_APU\377$+\1\203\2265\335\326^\255\36\215Z"..., iov_len=4096}], 2) = 8192
4131  read(3, "tBJj\31\5\326\302iM\363\361'\251\241/L\16\326iW\241\333\204n\320\341T7?\336y"..., 8191) = 8191
4131  writev(4, [{iov_base="\314\262*\27\35\315\335\313P\350$~\251\2476\344\363#\341\305\273>\22\26\345\317N\353\206`\235>"..., iov_len=4096}, {iov_base="\243WC\10Ps\236\231\230\16qw\315Hu\24\221\205\265\30X\353\337\357\316\10\1SX\205\365\""..., iov_len=4096}], 2) = 8192
4131  read(3, "\347\230\333\264q>\267V=z\231\\O\35\0\17\200w\205| \241R*\325l\205\260Q\t\320\215"..., 8191) = 8191
4131  writev(4, [{iov_base="Ly.\n^\340\270\33\253,\330\4\355\350\333\361\247\345\32\304k\243\301\27 ha\316\234-\317i"..., iov_len=4096}, {iov_base="\22K{\364\30\311\26\2\276\37i\206\366S\305Q\245l\324a<#8\24yd\2007vx6\26"..., iov_len=4096}], 2) = 8192
4131  read(3, "x\275\212Q\373P\"\3\375\256g\245\21\276o=\214V\334\257>\275K\277%\244\33\34\"\t;w"..., 8191) = 8191
4131  writev(4, [{iov_base="\320Q\327\16\265_]'\331H\371\225\2428\36\364\373\266\364`lF\227\210\307\353\31y\300K\207\200"..., iov_len=4096}, {iov_base="\263r\356\306\308CS\177\2m_\312\263$\233\273\6\263H\20Y^\211\16\247&u\242d\305\364"..., iov_len=4096}], 2) = 8192
4131  read(3, "\251\24\224QP\250\352b\243L\277u<,L\234\217j\275t\266\305\326\254\205R \305t\336\247\377"..., 8191) = 8191
4131  writev(4, [{iov_base="\306\377k$1\250\325\227\304\371\237\300#\314q]\362\361k[\213S\277ef\321\244\323\321\24L\345"..., iov_len=4096}, {iov_base="\243\fN\370\374Lp\363\232(\341\202\365U\307R!\24(\212\367+dw\252\227v\332\233)\36\264"..., iov_len=4096}], 2) = 8192
4131  read(3, "69\311*\231H\255\276\"\217\301G8\372m\330\353\251M\362\357\16\35\33\324\200n4\0\353\16\356"..., 8191) = 8191
4131  writev(4, [{iov_base="\373\261\367\353\34\236\337\210\253]\312\271\10\307\307\216_a\0Co\255\333Zb\265\f\247\337\247nS"..., iov_len=4096}, {iov_base="o\342\361^;\1BT\310\20\1777\225\233\5g\r@\276$\22<\214>\2559\242\303\317i\332\321"..., iov_len=4096}], 2) = 8192
4131  read(3, "\261\361\220Q\271\336\7\23\243\t\326\346\276g\250\364N\266y\204\233h\353H1OUA\216\314F\213"..., 8191) = 8191
4131  writev(4, [{iov_base="\360\260\354\345er)\f\374>\336F\354\26x+\271~\366C\364\246\301\314i\16\2531\321v\330\365"..., iov_len=4096}, {iov_base=" \254\326C[K\357\336\335:\263\225S\254\221\21\270\355I\30\nb\246\353kZ\32i\202XX\312"..., iov_len=4096}], 2) = 8192
4131  read(3, "\317\352s\246\377\324\346\304\261\251\301\3578\361@\306G+\230z?|\212o\271u\26\214\225*V;"..., 8191) = 8191
4131  writev(4, [{iov_base="6:c\360\205\330X\322\34\225\316A\33\251\355\272\301x\367\370\363\316o\322\204\226\331o\201-3\266"..., iov_len=4096}, {iov_base="\34U.?\304\236\4\360c\3464[\306F\3\301r\206R|\334v\304\342\25\221t\227bH\320\304"..., iov_len=4096}], 2) = 8192
4131  read(3, "\223\325b\237F\300\237\240\3075\245\3\376&\372\320\16i[\205B\3\313B;\352a\221\211Z\354\202"..., 8191) = 8191
4131  writev(4, [{iov_base="\223\275\335\314\273\233XiN\311\20v\337\345\375\336\323\330\337\317\206\233V\204\324>\3528|\341N\333"..., iov_len=4096}, {iov_base="i\333lg\264p\336\324\2433h.\344'>\1\321!\223\1\4hyI\261\271\307.\310y\315\35"..., iov_len=4096}], 2) = 8192
4131  read(3, "\375|\306\215\313+\234v\266?\232r\25\307\243\321\315r\tq\360\343\345\211\215\313\341;\357/\251["..., 8191) = 8191
4131  writev(4, [{iov_base="\324\340\337\231CU\377S0\177;\256|\303\26a\207\364\303c1\25\22P\n\36\"\223\340\227\277t"..., iov_len=4096}, {iov_base="\361\220\224\240\0\r\243xf!a\271\343'K\261)mq\340\222\262\250\354\261\310x\336M\317\17`"..., iov_len=4096}], 2) = 8192
4131  read(3, "}\26%\222~4\226\36\6\25175\277H^\372\275 \252\"\373\275Q\37:\33#\324\255\203\340\246"..., 8191) = 8191
4131  writev(4, [{iov_base="\236\370?\320w\30\237\217\364;\3417X?\327[8\367^P\203{\356e\241\tQ!e\236\237B"..., iov_len=4096}, {iov_base="\220\242d\334M\10\362\237\206\f\222\354\210k0\242\377\r@-\v\371\324k\31\314\17\350$]\373\223"..., iov_len=4096}], 2) = 8192
4131  read(3, "\7k\304\212\21175.\343F\r\356O\204\235\263\310\2Gkg\207\353zn\256\377u\17\23o\261"..., 8191) = 8191
4131  writev(4, [{iov_base="1\363\362j\177`*k\207V\321f}\315C\205\275@\247\\\357c\354\357\336\345\264\376\253\326\320\204"..., iov_len=4096}, {iov_base="\16s\254^\30\271Y\vd\320\363\273\271\205L.\337_W\274\30\321\327\\6s\276\317F\3012\5"..., iov_len=4096}], 2) = 8192
4131  read(3, "\20\330\354\263R\223\310\325\254W\331\207 \212\\^\0220\352\372\24\356\364\260\335*\346\37[2\250R"..., 8191) = 8191
4131  writev(4, [{iov_base="\220[\0\24\304\27\2h\352\21\352`\321\347\372\367F\17\1d%\231\310\375\334\233\341\352\343K\3369"..., iov_len=4096}, {iov_base="\n\3468@\337\3704\t\233'\5\355\313\207_\270\226\213kl\n\25\237,\10Ja\364\236\271n\242"..., iov_len=4096}], 2) = 8192
4131  read(3, "\"6Z \214C\22\307\301\367\231\313\377\3056z\316K\360\276\"\277\323\202u^%XTq\fD"..., 8191) = 8191
4131  writev(4, [{iov_base="e\267\30\354\265\236}\35A\233\240vl\301\270(i\321J3\355}\354\271\363\21\306y\34#\34Y"..., iov_len=4096}, {iov_base="ldm,\331\3053[\211\324\234#\206h\37\4\226\224\6zn\215.\2\20\376[x2\246\262\377"..., iov_len=4096}], 2) = 8192
4131  read(3, "\24\2237\326zU\241f\371B\335\367x\217\321\361\352\260\363\231\0\342\353\254j^p#\301\10H\253"..., 8191) = 8191
4131  writev(4, [{iov_base="\366\204\374\244\321\273M\261qX\272\33\311Vu\211\330\21\257\313\5\321\17\275\304\227\265\206O/\246\213"..., iov_len=4096}, {iov_base="\256\321\1\20LG\353\23\4\312\243\263\355\331D\27)\340\201\225\212.\3\355*\2620F\255\313\313h"..., iov_len=4096}], 2) = 8192
4131  read(3, "\266\376\323\200\25J\r!\334i\332\204\324\265=\324\263`(\177\217\317\367\16\27\355\344\340\304\341D\203"..., 8191) = 8191
4131  writev(4, [{iov_base="%*\243\202O\26\276\35\210\333\264\27\335\36&W\365\254\304\5\266\251\352\f\353\367rT\375U\263z"..., iov_len=4096}, {iov_base="h\205\354\202\347\263\240\201\361C]V\26\350\342\216\357RgPz\177;f\323\234\360L\25C\320\23"..., iov_len=4096}], 2) = 8192
4131  read(3, "\3345\t\310\0N\357\352\2\217\332\17E\7\276\1i\364\304\rY\261\357W\373\276\24c\17\247\37\313"..., 8191) = 8191
4131  writev(4, [{iov_base="\267\24x\256\211q&?\204\t`\340\2649a\257\256U\373N\310\224\312cZEF\201\n\317f\25"..., iov_len=4096}, {iov_base="\331\300b\336C\365-6\377\351\2\247\246|rhD\2\314v\277H\3565;>\3510hdY|"..., iov_len=4096}], 2) = 8192
4131  read(3, "\335\200\364)\204J\22\27\331\202n\202D9\202\373\337J\24\242VY\213\303;\330\220\367\334\270\273]"..., 8191) = 8191
4131  writev(4, [{iov_base="\337\3225\331\f@\364\301\310\1Q\354\27\226a\31}Y\17\230\333uFf\260\206KP\f\245\6\30"..., iov_len=4096}, {iov_base="\234\26M\2275\242\276\36\371\4\301E}$\255`\252\371\30\257\330\332\26q]D\17?\222\311\\O"..., iov_len=4096}], 2) = 8192
4131  read(3, "Y\247\273M4M\333\264\241T\344\2768\261\"\367\36|\302\375v\321*&rh\227\352\236\304O9"..., 8191) = 8191
4131  writev(4, [{iov_base="g\377\7\275\254\323\271-tq#DE\26\23\r\231Z\304\233\334\337\237\3068\353)o\244\23\316\255"..., iov_len=4096}, {iov_base="\2479I\5o\36f\2350pL\25\274J\271rm\312\\R\277\0Z\220p\34tI\373F\31\31"..., iov_len=4096}], 2) = 8192
4131  read(3, "\306\300\214\3&\24\237\307M\362\312\337\2217\207\316\357\256{4\212\26*\225E\32`\32(\253)S"..., 8191) = 8191
4131  writev(4, [{iov_base="\224\232\327\245.\2\343\267R\226\211+X\364Ax\r\20Xd\232\233\367\334\235\331\255\363\360\323\330\35"..., iov_len=4096}, {iov_base="\302\3KH6\265T\257v\214N\372;\242\344\36\233\313\357<\370wc,\332\31v\343\320\250 \320"..., iov_len=4096}], 2) = 8192
4131  read(3, "\305\214$\254[\362\5$\324\356Z\304\7\222L\25\224J\221\34\177'\337\237\23\255\16a\6AX\313"..., 8191) = 8191
4131  writev(4, [{iov_base="\200C\276\270\303l\220\374\37\226f\347*\226k\256\35|\247\nbZ+\253j\356,\351E\360\1 "..., iov_len=4096}, {iov_base="\231\36_\26O\375\244(P\261\230\374\332\310\335\330\357\317\334\331S,\233z*1yD\303\200i\n"..., iov_len=4096}], 2) = 8192
4131  read(3, "\\\256\262_h\217\256;0\264\357:5\374\331K\214:a\274\201r\376Q8(\265\210\215\21u\247"..., 8191) = 8191
4131  writev(4, [{iov_base="\2_s\241\10m0,-#~@&k\364\373\330I\6\223\325\345\305\310B\361\332\275t\354G\274"..., iov_len=4096}, {iov_base="33\3010\0A\221\313\30\200g\241|)\321\365\256\270\273$\236\330\354>\344\352\253\275\212t\37\311"..., iov_len=4096}], 2) = 8192
4131  read(3, "\337\370\3077\0\273\201\32\223}\326\224\350\316\226\34\0\264\305\200\30\179\330\375\306\2\377\370nX\314"..., 8191) = 8191
4131  writev(4, [{iov_base="\6\336\21\204\v\7\5\273eZ,\240$Bg\337O_]\366\31\234\242NaG\365h\237\317\262/"..., iov_len=4096}, {iov_base=",\345\270D\\\206ec\246,z9\2\304A\222\317P\26\266dT2\277\32\17S\346W1\334'"..., iov_len=4096}], 2) = 8192
4131  read(3, ">\260\20\24x\376\3317f\24\317\242\342A4\177tK\\\226\31\227SI#gt+\252\340#v"..., 8191) = 8191
4131  writev(4, [{iov_base="\376{M\220\336+\206\37kP1Pv\377\360Z\347\244\312\340\23\225\316\276_\237J\247\221\343\311\250"..., iov_len=4096}, {iov_base="\33\250\265[\262\" \340\326\305\24\352J\336\375Tz%\377N|\2vU\354\377\326\340\362t\357\r"..., iov_len=4096}], 2) = 8192
4131  read(3, "\306\205\vQ\316e\26X\303\7\365jD{\r\362R\312R!\345\377\337\37\307\10\234\206\3142`\320"..., 8191) = 8191
4131  writev(4, [{iov_base="\32 \274\306aT1~\245\v\256c\256\365NB\211-\t\245\37\326\251,x\177\247\274\321\236\213\351"..., iov_len=4096}, {iov_base="\217\6\230p\367\16B\214\273\17q\364\335VC(}\347\376\312\271\273\30\237\366 F\343\232\347\305\376"..., iov_len=4096}], 2) = 8192
4131  read(3, "\361\0\37Z\17`\2\314\315\35297;gLt\206\230\255\303\365\2333a\202\257b7\221\266tT"..., 8191) = 8191
4131  writev(4, [{iov_base="p\6T/\v\\\33\2\244\265\200\246\332 \370\33Y4\332\33eLP\243\213W\241\f\242\3\341|"..., iov_len=4096}, {iov_base="3\3122\6zB\332\257\262\226R\360\363~r\322\240\341\362*\321\214\216\342eK\374\23\337$8\253"..., iov_len=4096}], 2) = 8192
4131  read(3, "e\277\211\357\272\262\32\236J\334\37\256\332W\232\10#S\322\v\335\"\326\364\266\343\345G\303\213\324\t"..., 8191) = 8191
4131  writev(4, [{iov_base="\304\240R\204}\227\223\330\277*\202\4\10\261Y\230'f}\177{\275{\305t\210\266\276z\257@!"..., iov_len=4096}, {iov_base="u\\\306\242\372\363\210\325\221]\\\367\f\273\30\275C\344&\363=\341\343S\214\304\24\277\212\263\v\336"..., iov_len=4096}], 2) = 8192
4131  read(3, "#u\236\375\221\3633F&\0\337\334U..\245\v\v\321!|-\251\215:\303\37\206ZF\4\366"..., 8191) = 8191
4131  writev(4, [{iov_base="\302`\350\254:\205<\210\n\210\24L\264|\6\231q\201W\370\2731\256\276}(\256NH\n\250\345"..., iov_len=4096}, {iov_base="G\237K\275\250>\347i\2\16\27t\300B.\273)'\367c#Q\345h\370<Y\361\263M+\307"..., iov_len=4096}], 2) = 8192
4131  read(3, "\322\307J\352\317\256e\315~\260\353\277\227\243\351\247\317\251\252\210\225\370n=L\263F\254\1\272\3714"..., 8191) = 8191
4131  writev(4, [{iov_base="\314\247D\34\370\0026\7N\217c\353nrb(f\277y[-\242X\273\275\31-J\313!G\220"..., iov_len=4096}, {iov_base="5\241\\\0}_,\263\356y\212\5\177\250}\0026\264/*\319T\2651TU\335\225\365=\272"..., iov_len=4096}], 2) = 8192
4131  read(3, ";\30^\221Bh\300x\260\251B\230z\222PQE\352\17z3\300w\v<i\v\271\336\324\263S"..., 8191) = 8191
4131  writev(4, [{iov_base="\335a\275U\213\257\200\206YY/\376\300\2707\262;pl_\245\301H\276\356\330\353^\\a\362\261"..., iov_len=4096}, {iov_base="\336/e\217\324\362\t\222\263\4\262MG\377\255\230\221\\+{\35\356-\344\322G\346\363\361\264\365\327"..., iov_len=4096}], 2) = 8192
4131  read(3, "\250\vr\271c\24\327H\v\225\2626\266\270\356@\16%\346\25pT\343\216]\365B\353\365!\265K"..., 8191) = 8191
4131  writev(4, [{iov_base="\324\373x\262\225\354\264\341\206\327L\375\260\203\372\211\245\256Y/\n\3644\337\354\330a\332\32=\22\344"..., iov_len=4096}, {iov_base="\1\263\355\363\271\2167\ti\354\261\256\215\232q\303\320=\350\372\211\33\345w\210\216\313\314S\276\304C"..., iov_len=4096}], 2) = 8192
4131  read(3, "\34|[sM/[O\204v%\314nL#o\5\304\34\332\n\204`z%\34\213\246\304\345\244H"..., 8191) = 8191
4131  writev(4, [{iov_base="\252~\211\353\311K\273d\370\377o^\f\332H\202\320n~\236\312\23d\324\np\220\16\335\207\375c"..., iov_len=4096}, {iov_base="G\24g?`b\334f\350p!\351\0v\353\262n\327&pA\261\30V\342\267m\206\29\302*"..., iov_len=4096}], 2) = 8192
4131  read(3, "\365\256$\300\26\355U\375\231*I\244yw7\203Z\315Z\206\333\302\235o:\177%\223\17W&\362"..., 8191) = 8191
4131  writev(4, [{iov_base="zQ\352P\6\2\212*R\23\17vY*\304\312K\24\7R\246J\215\270\0\262\232\254{\226\32\275"..., iov_len=4096}, {iov_base=")\207 H\313\325\177v\307\341.\246!^Y\214\344\343#)\253\376$w\352\350\"\203\343z2\333"..., iov_len=4096}], 2) = 8192
4131  read(3, "\26\241&jz.\37W\220\364\365\22215\266\360Rj52\246\20Uw\370$\356\307H\363\373\345"..., 8191) = 8191
4131  writev(4, [{iov_base="{\234\375\254B\210\363\363\"\265\2357\25\214p\276\32\223]\234\377]y\366b?]a\177/\364y"..., iov_len=4096}, {iov_base="\230=\6y\361\233\304\232\327\36\257\301\267X\253\214\366]\227]\262\223\344{2\\D+\243\326\267^"..., iov_len=4096}], 2) = 8192
4131  read(3, "o\331\335\364,)\r\313\377hW\337mx\2746\235v\360]\371q-Q\342\265\270\22\30\210\261\264"..., 8191) = 8191
4131  writev(4, [{iov_base="\256hK\361)$\34\255\257\261\367\317\255\30 u\235t>T\214\262\214N\267\203i\33sI\210\266"..., iov_len=4096}, {iov_base="*\372$\212EV\24|<@\207\324\330\376\306\35\302\32\314\317\346\271H?{\256i \226\27T|"..., iov_len=4096}], 2) = 8192
4131  read(3, "8\360[\v2\351\373\312\212\23\n\332\346\177\20\363\327\230\23\367PP\213\317\373/f\2540\344GC"..., 8191) = 8191
4131  writev(4, [{iov_base="\7\235]\t<\306'\361\335>:\330\310)/\332\221Q6\261n;\301\212O\23\7\357o\367:v"..., iov_len=4096}, {iov_base="\21&b\204\241B\242@\27\205\212\375C\245YC\234\3349\247\374\332\216<\254\343\206]\0223\255\241"..., iov_len=4096}], 2) = 8192
4131  read(3, "\256J\203\216\322M\237\177:\261\344T\250|YK\255\221\302\3509\321\334\10\244\314\311\313\361\262c\221"..., 8191) = 8191
4131  writev(4, [{iov_base="C\262OL\16@\215g\327d6N^T/X!+n\210\377/O\204\303z\322$\2\4w\30"..., iov_len=4096}, {iov_base="P^\201\315+\330\362;\272\225eu\203\2255>\256\257\244\227l\207BE\2079A\260x\262t\337"..., iov_len=4096}], 2) = 8192
4131  read(3, "\\R1\262\222H\326\333\221\366\24\225~K\257WFtUU|[\200\220b\260\1\237\371{\311<"..., 8191) = 8191
4131  writev(4, [{iov_base="\256\226Is\220\32\260\302O*h\302\341\365\343\210\300\203\r|\332'{r\253Hx\24\256\372\2059"..., iov_len=4096}, {iov_base="\372\3059a?{\302\261\214\336\313A\305\rh1\33\36:\232;\t\376\v\2\315\343\300\305B\242\370"..., iov_len=4096}], 2) = 8192
4131  read(3, "S'\242]T\n\363\5E\215\2\230\246!n\334\263%G1\270\n\262\247|\215t+\227\30\204f"..., 8191) = 8191
4131  writev(4, [{iov_base="(I=\245Ss#m\270W\r\235\301\332\373\317\235\3150\263\335\331\353\31J\27\23C?}\2541"..., iov_len=4096}, {iov_base="\27600|\277\226\2553\335\207\375c\367I{\336a\20\311\"\224d\230~\361\315\302-\250t\202F"..., iov_len=4096}], 2) = 8192
4131  read(3, "\246Wk34\v\341\"\346\30\266\347\336\6\0101{\2548\f\220I{~(\257v\206P\252\254\240"..., 8191) = 8191
4131  writev(4, [{iov_base="\313RQ\207\253\313;\217T{\300aj\275\322\325W\343\26\3544\17\321\235j\23q\334\270\233\363\355"..., iov_len=4096}, {iov_base="s,JD\\\330\203`-/\222\273\314,\276`N(\253\241\244\355\0\311\3271^\251\206m\267\317"..., iov_len=4096}], 2) = 8192
4131  read(3, "\336\25\207\232n\275\231\226\251i*\311\275\2035\342\314\317\273%\35O\2226[\204*8\342!\200)"..., 8191) = 8191
4131  writev(4, [{iov_base="\201'*z\355\341\264\365^\376H\222\254\306 =]\244_\344\26\234;*\341_\367k\265\267au"..., iov_len=4096}, {iov_base="U\335\316\231\337\0\3v\232\252\233\25\334c\204\275\371qd\n<\225\37J\272\323\n^j0\254\300"..., iov_len=4096}], 2) = 8192
4131  read(3, "\257%\2436\331*\205\367 \7\355\363\337\272Sb\27|_\337\373L.$\200\204Sv\272\f\333\333"..., 8191) = 8191
4131  writev(4, [{iov_base="+\214\235\\\310R\27\306EE\303\21\"`\25a\346,&|7\211\332[\226\314\315\227P \36\313"..., iov_len=4096}, {iov_base="+\33$\3 \361\362]i\352.\372\361W>.\206G\2704\3\2\35;\\\323\326Elyp\307"..., iov_len=4096}], 2) = 8192
4131  read(3, "\357b\342\333\352b\201Q\214\31\357v]\260\364+?F\4\232h\20>\231\235n\267\245t9I\337"..., 8191) = 8191
4131  writev(4, [{iov_base="\250\205m\24%\355T9P\330\264\275\17\352\254\377N\2675\245\10<\364\263\234\340\24S\3026\337$"..., iov_len=4096}, {iov_base="\251\231J>\320\200\305\356\324\327\\\305\0172\366\265\326\33\201-\245\375\365\335g\323\253,U\355\242\326"..., iov_len=4096}], 2) = 8192
4131  read(3, "\334\276\230\36\7\236x\21\0165\2251\3707\371Z\307\343\255\r\0\325n\30\21Y\301\204:X\36v"..., 8191) = 8191
4131  writev(4, [{iov_base="W~[\343\277\337\262U\257Q\246o\252>\257hq3\211\323\324S9\340\362\3208Ka&Zv"..., iov_len=4096}, {iov_base="\245\333\v\25x}\3508\7\357q\230~\244\r\334[mK\312\177\356\362\300\3438\242\308\213\262\310"..., iov_len=4096}], 2) = 8192
4131  read(3, ">\362\3\365\236\n\204\306U\262\252f\22\346\fs\351\357\236y\241\37Y~\v\327\367\266t\247~!"..., 8191) = 8191
4131  writev(4, [{iov_base="\352$\332%l\373\234\353\202G\244\207\3050U{eV\25\26\321\214T\231\27\r\234'\271\355)\274"..., iov_len=4096}, {iov_base="@\266+\240J\370\211d\242\10dXNN&\227_\261\231\210\355\"~\342\324\224RZ\1\200\234\242"..., iov_len=4096}], 2) = 8192
4131  read(3, "\210K\rY\230\357\2052\313\311RA\16\222t'\377EA5\246\332\356\220\3370-<s\220<{"..., 8191) = 8191
4131  writev(4, [{iov_base="c \260bI\1\251\227o\231E\200\334\244\244!ZKW\317\214\223\4\177o\265\334\354\372&v\23"..., iov_len=4096}, {iov_base="\213\276W]\17\306\4\3054 \250\240\266n\275@#|\322P\t\327\335\345\217@8\36{\240\362\214"..., iov_len=4096}], 2) = 8192
4131  read(3, "\304G\211x\262 \210\247-\303\252?W!\345\315[]\20\343\302\320\306gBd\265\255\312\270'\352"..., 8191) = 8191
4131  writev(4, [{iov_base="\"eq\341\261H\246\321\227\221jPyE\256\265\305\344\255\311\344%[\337\230\33\271 \242\205g\207"..., iov_len=4096}, {iov_base="q\35\325#\2667\356\217\267\265f\\\262\213\245\277{\344\225\317\376\211\256LX\265j-\357\334?c"..., iov_len=4096}], 2) = 8192
4131  read(3, "C\326\346*\206c\216\27\275H\225\225)p.\0\227\233\221\262O\243\253\23\226N\232\336\vp\7\231"..., 8191) = 8191
4131  writev(4, [{iov_base="\n\257\306\264\t\0044\306\31\276\216c\2U\264\6S\353O\371\344\242\33\362\200h\f>\345[?\231"..., iov_len=4096}, {iov_base="\270\217\322i:\376\307\2432h\212\315\354\343\274\5\3329\373G\321\231D\373\340\346\3076c#\6x"..., iov_len=4096}], 2) = 8192
4131  read(3, "i\251_\2355\263\321 B\311\245~6\223\227\327\242\206\302\374\255el\32504>9f\nW\226"..., 8191) = 8191
4131  writev(4, [{iov_base="\254\261-\232+-\214\203s\372\336\244\363\310@\260\316h\31\241\236g\315QB\364\257\271\27\206w\207"..., iov_len=4096}, {iov_base=";\\\"&4\6\0\24U\324\r\tQ \350\rFZ~\266]\206\302\336%\177\273\264o\203\300x"..., iov_len=4096}], 2) = 8192
4131  read(3, "\330Y\3021\221\353+\33\360\327!f@\360\10\37\267\215q\320?O\276\24\3158T\267\254]\252\26"..., 8191) = 8191
4131  writev(4, [{iov_base=",P\20M\337\17\371\273\367(\251\246[hSM\346\354Vx\3\322\242\r\321\357T\334\20\"\260\203"..., iov_len=4096}, {iov_base="\244\313\7\2150w.\236\272\320\213CF\1\t;\327M\205*\231\244\374\6<\367\347e\17X\317\337"..., iov_len=4096}], 2) = 8192
4131  read(3, "\270X\17\10\253&\275g\242t\324\345Q\21\224\315f\326\310\351\1mAy4e\234\37y33\316"..., 8191) = 8191
4131  writev(4, [{iov_base="8\314\26 \312\341(\262\275\22\20t2W\347W\n\354\224\2625\234\4\264(\372\370\332Fh\231\265"..., iov_len=4096}, {iov_base="\7\373\32i|s\261g\332\205\305Y\20600&~B`]\227\272\306\22\215\5~\322\351\25-#"..., iov_len=4096}], 2) = 8192
4131  read(3, "C\356\301H\361\375\307\245\233<*\276\272s\306J\242:\335N\37\225\17\213\277\4\223\325\236;6\10"..., 8191) = 8191
4131  writev(4, [{iov_base="X\306-X\216\32\220>\247\355\375\16\353\6'\377l\241\367\26\311\223B\10^\v\360\242\304\302\22\277"..., iov_len=4096}, {iov_base="\331\232*}\257\371SCe\264?\372\214_(\205Ut\332L\327Mc\337\10r\373\244\323!\17t"..., iov_len=4096}], 2) = 8192
4131  read(3, "\205d\233&\270\346\317\22\7\20\243\1\240Y\366\273W{\305I\221\31\354\327P\330\365\22\266F\5\356"..., 8191) = 8191
4131  writev(4, [{iov_base="\346\222\267.\22;\317\303C\362\312i\340\262\251\267czm\216\270\331:2\263\333\37\235\246%\263\241"..., iov_len=4096}, {iov_base="\271\245u\\\311\203\234\370Z\f\4\207\250\337\223\nO\316\211\31Y\276\216\210\323\312\365\357\307\246d\340"..., iov_len=4096}], 2) = 8192
4131  read(3, "\204\351\343*u\210z\363\300\304i\0255\354`\0263>\356\22i\251\26]\202}\2320h\254\2410"..., 8191) = 8191
4131  writev(4, [{iov_base="\350/P\222\304\272\275E\375f\326\202\364\237+4x\33\212+\203\326\234\304=\251N\3\361\202\364H"..., iov_len=4096}, {iov_base="&\230p\24\10\27\360NW\4B&\265g\200\277\314\305\27\334\266\310\16\317s\213C\323\360\303\343\214"..., iov_len=4096}], 2) = 8192
4131  read(3, "q\265\24-\216\252\330\25\331\313\271\310b\267(+\342\r\211G'\324\376\22k\216\326Z\333A\360\352"..., 8191) = 8191
4131  writev(4, [{iov_base="\305ws!\255\343JA\0\326\211d\17{\255\256j\215\242\222K\365Y7\177\rd\330\32\234\177m"..., iov_len=4096}, {iov_base="E\22\361oV\303\354\347]\334\330\253\205'L\32C\26\217\3\27\237\221\3332j~:\17\203\307\17"..., iov_len=4096}], 2) = 8192
4131  read(3, "\244\33\3C\10\34oT)A*\35)X8\273\243ygy\370~;O\333^\255v@\340\360^"..., 8191) = 8191
4131  writev(4, [{iov_base="\273\237k\357\261\263{\222i\242\305\360N\361\203\272\347\364\255\312m\272\247\210\272]\253\364\200\336\4\315"..., iov_len=4096}, {iov_base="H\263(\\\7\255HD^\20a\327\364 \354Ls\230\325\205|\343\320\234\321m\220\225\251\251!\352"..., iov_len=4096}], 2) = 8192
4131  read(3, "%nIxVE\200v\22A\".qQ\32\263\247'\240zLR\331#>\254\206oa\332`\221"..., 8191) = 8191
4131  writev(4, [{iov_base="/\210\355C~\344\222:\235\306\230\272\225\23zc\207\0\215\23\335\6q\211{\243\235\343\350\315:\\"..., iov_len=4096}, {iov_base="c~\224\0013\376\4\203\314\267B\276\25[;K\244^\252j\227\343\205\4N\n\271L\342\207D4"..., iov_len=4096}], 2) = 8192
4131  read(3, "\220\24X\224}z\fQ=\10s\245\344\3]\"'\24[\362\236\300\255\261X\274[\200\242\306\222j"..., 8191) = 8191
4131  writev(4, [{iov_base="\202T\6O\223\244\236|\27\245\210\326tY\232\272:\306\204\343\224ifn\244\310\354\366\271\351D\376"..., iov_len=4096}, {iov_base="\306\37\324\347\266S|\233D\377\253{\340\215p\17#D\f\247XtS\203`HR\6~\37\n\224"..., iov_len=4096}], 2) = 8192
4131  read(3, "\357\5\334\322\345e\215\227\347pb\220\210\303\37\275\218D8\2377\265\361\255O\206\357\244\327F\f"..., 8191) = 8191
4131  writev(4, [{iov_base="\232y_;:OD\247\252\303\223V\257r\217\22\f\235\251\35\37\341\24\235h\177f\376\221\33*\323"..., iov_len=4096}, {iov_base="\267\32\344L\252\342\7T\273B\333\256 M\36\356S\360\277=\10m,r\4<X\210\325\205R8"..., iov_len=4096}], 2) = 8192
4131  read(3, "y\26\\\216\327\363\211,\317\252\362<\200\344aY\254}\265\260\242\re\26\220\332)!u\324\33\367"..., 8191) = 8191
4131  writev(4, [{iov_base="\216\301c\2242\210gD\3277\233\216A\30\346\326aX\303\363\376>\257d@<\224\371I\36\272\35"..., iov_len=4096}, {iov_base="\236\362\207\17\306\215\243\355\22\v\342\217\23\234\315\215[j2^\373^\371*\237E\364\364\303\260\n\250"..., iov_len=4096}], 2) = 8192
4131  read(3, "U\265c\376\210\360;B\202\245\352\251y\266t`l9\372\230\265\210f\335\323u\343\241H+\274Q"..., 8191) = 8191
4131  writev(4, [{iov_base="\23\320\4\255\310\316\314:x\16/|\364?\242\177\251\340T\360\237\3447\r\310\256\3075\204\2458\275"..., iov_len=4096}, {iov_base="n\2t\317~l\312D*q\253\357[)b=\2141m\333\335QU\274(Xrf\360\3516\354"..., iov_len=4096}], 2) = 8192
4131  read(3, "X/\302\24\0330y$]\237w\311S-\212\307K\241\305\231\"\261\376\0215\16\344\f\36~\4\351"..., 8191) = 8191
4131  writev(4, [{iov_base="\227\324\337.V#m\314\235w\347\213\260\6\\ZR\203\234\226\331\260\232p3\323\352-n\231\205\267"..., iov_len=4096}, {iov_base="\247\313\317\35N\30\5(\234\330\2\362b\32\203\2038mC\336\208F\371\331\236S7\235\326\366]"..., iov_len=4096}], 2) = 8192
4131  read(3, "\322\240h\2^\271\36!<\360\313\364\27\354\35\355\274'\357.\330*\321o\323p\265\\k\364\372C"..., 8191) = 8191
4131  writev(4, [{iov_base="\334{;\24j\270\23}\213\270\347\321\361\371$\377\242\272\343\311\2369\36zf\25\218o\2\325Y"..., iov_len=4096}, {iov_base="\240\370\5\360`\334\300\232\31Y\0\203\261\203\311ouE\253%\305\274\27\334\320\204\6\f\26\367\373E"..., iov_len=4096}], 2) = 8192
4131  read(3, "U\222?*\322\2h\220L\340@\212\255\351\222 y\200+\232u\336\355w\317AH\355\320\v\262\245"..., 8191) = 8191
4131  writev(4, [{iov_base="\177\t\236\304\26\370D@\223\275\204\272\363U\271B\220\347Z\214;\334D\rZ\36~n\253A80"..., iov_len=4096}, {iov_base="\333S\364\204\2568w\343\370J2\357 \200C\327\3412m\23\255Z\334\303\275\236\204y\364v+%"..., iov_len=4096}], 2) = 8192
4131  read(3, "\365\352%\17\210\334\244\312rt\266\3745\350[\3\205\263\276-\220&+\335\242ow0O\21\356\366"..., 8191) = 8191
4131  writev(4, [{iov_base="\270\262\220\245\212\353\27w\241\227\250L\221\344p\300\376\224\337\215\331\2601\354M5\20#[V&-"..., iov_len=4096}, {iov_base="\364\"i<|~\205if2\25\f\220\372\310\354\0347\325\237\242-\226\377J\215\260jf\266Q2"..., iov_len=4096}], 2) = 8192
4131  read(3, "\261QI4\333\31\v?\373\207\230R\301\241Go`\207\250'\330m7\375\261F\36\340\271\6\215m"..., 8191) = 8191
4131  writev(4, [{iov_base="%T*\370=\276\202\202\243\220I(\227PY\225=\346\252G#\20\344`O\220\371\6O\371\334\4"..., iov_len=4096}, {iov_base="@8H\2122\25c;X\375\332\216\16|\332O\346\245\266\23K3\222\362\322\365,dbQ@p"..., iov_len=4096}], 2) = 8192
4131  read(3, "\303_b\270%\310\277\10(l\260\305\226D\327b\25\251\221f\fl_ADe:\303\311Md\212"..., 8191) = 8191
4131  writev(4, [{iov_base="\275\226\233\251T\254%>\201\257R(\325a\3268/y\262\257^_\310\22\235B\351y\266\325\266\232"..., iov_len=4096}, {iov_base="\0\207\336\3:\333\22\372\342\26\245\17\0070Z\207\240$\307\331\316\306\276\t\24\250\2223\207\201'\267"..., iov_len=4096}], 2) = 8192
4131  read(3, "\206\310\275\22?\344i\376\201\372j\245\200\37\353Wtz\321\320aMJ\3178\243\37+T\271\354\335"..., 8191) = 8191
4131  writev(4, [{iov_base="\372\323f\344\251\371rPA\23\5Y\t\1\3314\341AF3u\20\205X\233y\344\245p\245\257\20"..., iov_len=4096}, {iov_base="\350\255\263\250&\224%\264A\317_\373\23\345\340\266\235\311\2250E@i\247\353Q.\2268B\311\2"..., iov_len=4096}], 2) = 8192
4131  read(3, "\1\364\330C\313W&Z\241UX0\217gS\374\353\25\27v\235\2\374\345\3414n*:~\205 "..., 8191) = 8191
4131  writev(4, [{iov_base="`\323\306-\314\367\245\21z\244\254\34/\303I\36\27\233\0301\35\311\24\365\262u\v\235\30\234\326\234"..., iov_len=4096}, {iov_base="!\320l\25YW\320UU~\300\220s}\212\26\24~\250\314p\312`Z\234\vyS\"\301\254\314"..., iov_len=4096}], 2) = 8192
4131  read(3, "\275\267@\366\314\301\36\352\206\361\201$|PN\26ps\224W\304\366P\353Od\377\204\255\304b\34"..., 8191) = 8191
4131  writev(4, [{iov_base="\354~\313\3_\364\345\v\262E\370\237\21\334r\243\303\352\232.[\307\213G\301\216\251\333\270\37\212\277"..., iov_len=4096}, {iov_base="\230\320\221g)\310\30\215X\276\217\36\237q\343W\257\303\246\r\312\371\r\235.Nv\221u\177s\245"..., iov_len=4096}], 2) = 8192
4131  read(3, "]XJqz\3631\0\243\310\330n\247\325\255\\\364^\330\243\375\352\\\32\30\331\227\356{\367\26y"..., 8191) = 8191
4131  writev(4, [{iov_base="\305F\330Z-\234\237\37w\4\17w|\211E\305\206\254\310\317\314\375\32\232\363)\215m\364AE?"..., iov_len=4096}, {iov_base="D\363\rG\2607z\275\325\360\346\262e\201\234\307,\206lT\307\361 \315\342+\211e\302\255\322%"..., iov_len=4096}], 2) = 8192
4131  read(3, "}r\220\313[\274+\37\302\230WAV\315\347\275\302\210\364-\377\237\340\205\376\252\3\372+\303\1G"..., 8191) = 8191
4131  writev(4, [{iov_base="\341e\rU\361\263\313\302\20E\337#\236_\201\3206\246\344\320\325p\362\370\213\37R\200I\357\315\367"..., iov_len=4096}, {iov_base="\362\304A\326\6x\322\335\"\366\330\0050\31\215o\252\214s\262\307\t\261\\?\233\5\365\264h\222f"..., iov_len=4096}], 2) = 8192
4131  read(3, "\225\324\203@\257\177#\353\vja\353\361GC\373c\233&\346\276H\273)c\245\20\372A\201N\241"..., 8191) = 8191
4131  writev(4, [{iov_base="\\\307b\217\330\316\243\1H\4\25\263\311\242\331g\225\325\270\317\264\315s=f\241\316\366\221\207f\362"..., iov_len=4096}, {iov_base="\236\224\366\t1\257\364\337'w\355p\10#\0\27\376\\\314e\305vw^\234\314\301\271YJ\374\301"..., iov_len=4096}], 2) = 8192
4131  read(3, "<\263'\v\270G\220{\36\303+\30BY\323\27\2\4\23\274Y\341\364\220q\31\200[y\334W\356"..., 8191) = 8191
4131  writev(4, [{iov_base="WnS&7\313\221\216.\217QA!\240\347\3618!L\354\210d\215X\f\5jf>\317/\263"..., iov_len=4096}, {iov_base="\376\271 %R\376\223\206,\210\363N\242\344D\300\254\301S\264\224\256\323%\303\2153\240<Y\0J"..., iov_len=4096}], 2) = 8192
4131  read(3, "\17\247\223\227\204\360\337\376\25E\217q\346\343\367\5\225\342u\230\343=y\275_o\205\254^B8\341"..., 8191) = 8191
4131  writev(4, [{iov_base="\310\374\324\370\357\261kJw \v\276\256\332\333\254)\366\0\257\255\224\3421\10\231P0\1\326\36\341"..., iov_len=4096}, {iov_base="r.\227\312\345\322\240'\204\317\226\201\375\20H\f\201T\273\223\201\264\31\261\27\343KqR^\7#"..., iov_len=4096}], 2) = 8192
4131  read(3, "\214\332\300s\373\336\373u\257\3159p\270*+\"\350\205\222Ql\322\30\212\351\311\225d\267\201\304I"..., 8191) = 8191
4131  writev(4, [{iov_base="\357\2154\1\242\325X\277\267riX_\311\351:[\254\277\254O@;*\1\206\275\355_\261\323\362"..., iov_len=4096}, {iov_base="\301H\372\252\353\247\301\312\210V\30\354Dp\307\273\26\272\310\234\255\327'nv\265\373\247\244\312L\314"..., iov_len=4096}], 2) = 8192
4131  read(3, "P\f\235\274?\235\206g\25,n\f\242\370\211;\306x\250\"\250\267J\313\271\337,\330\367v\326\216"..., 8191) = 8191
4131  writev(4, [{iov_base="\337\216\313S\374\253\262\3\275\372\31O\270\335\207\222\333\243O\215\243\335\215\203\232\27\234\246\231\206G\255"..., iov_len=4096}, {iov_base="\356s)\324\261\0062{\251\222\327\356My\251G\247#T\364\351=\225I\340\213py\2\346\310\225"..., iov_len=4096}], 2) = 8192
4131  read(3, "\2\316zS\230j\336|<\n\3302\316yf\333\361\207W\266(\233\264\256\345\210\371\350e\273G]"..., 8191) = 8191
4131  writev(4, [{iov_base="\344\257\233\24X\31D+\315\212@M\177\255\332\270ddZ{\334\35\343\216\327H&\376\t`WA"..., iov_len=4096}, {iov_base="\216\222_\231\324S\31UI'(\234\n\311\305\302L&\323\310\373\21\365>\201\17\217\310[\236\7\273"..., iov_len=4096}], 2) = 8192
4131  read(3, "k\272\32\n\377\36v\331\200-b\307;E\253R\6>\30\355\t\220\241\0340\245f\207AA\365\247"..., 8191) = 8191
4131  writev(4, [{iov_base="V\350\16\316a\f\213\362hw\3465x\361'C\310\35\350\17a\311\3\367\23uA\3662%\24\314"..., iov_len=4096}, {iov_base="v\277\243]|\274=\24\320\2120\331Pz/s\370\nh\203\261\331%\30\31\0306f\2148\20E"..., iov_len=4096}], 2) = 8192
4131  read(3, "\322U\270\244\2045\214\221!\16\2166sqU\311&t\243k\231s\2\215W\251+`5\244\302\4"..., 8191) = 8191
4131  writev(4, [{iov_base="\303\262\r\7RZ\336<\262\20\306\277\24w\32\0\23W\247\230\356\334N\20\362\274d\273\0\35\235\245"..., iov_len=4096}, {iov_base="\260\365\375\247\357$\v\207\210\214\320\322+\370\207\34\261F[\374\276\317\20\336[\\[\245| \235\20"..., iov_len=4096}], 2) = 8192
4131  read(3, "\252\35\342_K//=\356>Z\231m,\210_\36\275?\202n\2339\351\337\323\234\344]\321=\17"..., 8191) = 8191
4131  writev(4, [{iov_base="\220\23\363sQ\356\356sm\16\355\7\226}R\225\36lV\333\212\26u\250\333\222\313\231/O~\355"..., iov_len=4096}, {iov_base="\263mG\365\317\311\314Oq\362\273_\301p\21Yi\202\240\351\210h\313J@\22044J\256p4"..., iov_len=4096}], 2) = 8192
4131  read(3, "N\0t-h\227\350\315B\257@R1\265\2306\25&\177\270\332)\273_\247Up\323\345\3671\\"..., 8191) = 8191
4131  writev(4, [{iov_base="\226\332\353\355<o\30\7[\222Sg7\230*\367++\370z\347\23\5\254\334\6i\236O\224\315\246"..., iov_len=4096}, {iov_base="\30\22y\4\23[\334/\246\312\337cwG\354?\326\20Hf\344I\373q\250\34\236(\254R\255z"..., iov_len=4096}], 2) = 8192
4131  read(3, "r\27\3\251\257\354\6o\23q]\364n\203\32\371\nK\3216\205\201\252:r\356\264\350\202A~\210"..., 8191) = 8191
4131  writev(4, [{iov_base="\270\305{\335r\341$\251\rQ\307J6\312\236\323\324Iv\6\215\337D\32\301PHJ\263\221\300\21"..., iov_len=4096}, {iov_base="/\312:\231*\325h<\307\270\32\225\222\374d\260\337\33(4\232\204\241\377\352\277\335\350*\376F\321"..., iov_len=4096}], 2) = 8192
4131  read(3, "\rC\266\v,\303N\22\307\326E\237\240\361\205\256\267s\373\204\22gQ\25:\\\36\374\373w\3729"..., 8191) = 8191
4131  writev(4, [{iov_base="n\343%_\221\275\3277b.`a\264\364\327\22\217\231\315\264\321\376R\367.s\275\207\223\300\"\206"..., iov_len=4096}, {iov_base="R\214\271\3253`\274\21\f\214\363\277i\215u\6\271\232\231\324\363\33\5\22-8\tbr~\275\351"..., iov_len=4096}], 2) = 8192
4131  read(3, "\21\336\3i\201\215m\177{D\18\342\233\351_\244n\226/\26\0072)\33\205\272(p\230\227:"..., 8191) = 8191
4131  writev(4, [{iov_base=")\326w\3\216\225(.;\256\361.\33\35e\177\373\252\256j\257\205\312\26:\225\255'x\322\263\35"..., iov_len=4096}, {iov_base="\251\n@\314\0105l\204\357\36\317 \7LZC\347\302\264\232\343n\300\233\246n\r+5\305+\300"..., iov_len=4096}], 2) = 8192
4131  read(3, "\203kK\243$\313\375\271\317\207\266\3554$\352\336;\304WI\376c\205d\355F\275\230\20\".\211"..., 8191) = 8191
4131  writev(4, [{iov_base="\354\7\326:3~W\2734tOb?[\230\326\235\301e\17,hXG\373!v\251\365\235$\213"..., iov_len=4096}, {iov_base="'P/\26\252#\372\374\257u8pr\364\253A 1\322\254\217\tXF\313\37!\301e\333\6\305"..., iov_len=4096}], 2) = 8192
4131  read(3, "\277\372\307\376\227\237\200z\234\306`1\22\6\244\202\203m\232\n\201\363\264\21\214G\t\363\2454\0212"..., 8191) = 8191
4131  writev(4, [{iov_base="*o\217\350:6\375\335\253i\215!\214\223@\327\f\364\350;mb}/\227\22\20$o\266\0\301"..., iov_len=4096}, {iov_base="\363\241\202i\356\260\350\354\340\7]\371YwD\310\5\326\356\345\364\t\220\204\203\25\347\337\5v\236\244"..., iov_len=4096}], 2) = 8192
4131  read(3, "[\321\265`\374\316V\344\347\10\211J\33#\"@\222\301}\232\233?/[|\23~\202`\264)u"..., 8191) = 8191
4131  writev(4, [{iov_base="\205\22\346\370\210\317\231\273-\356#\377\355\211\37\26\221\tSB0.i\256\264\354OG\202\31LD"..., iov_len=4096}, {iov_base="\352\362s\352\222L\223\276G\30)\365\t\344fC\207\326K\32\333\363\20\317=\313k\273\331\366\37\260"..., iov_len=4096}], 2) = 8192
4131  read(3, "\342\256c\277+v\245\3006W\220\35\371\253\324\6NX\21\233s1\347\354\30B\315\253p\274\317\266"..., 8191) = 8191
4131  writev(4, [{iov_base="\212\316Jv\25167tb\223$`D\27\347\5\224\262\253O\20\237\245\253zU\3601\25\215\336\17"..., iov_len=4096}, {iov_base="\343f:\16\26\320;V\354\205\202\1\t'+\353\260\370\276\374O\"\236\267b\4\370\232\3773a\345"..., iov_len=4096}], 2) = 8192
4131  read(3, "\324\332\270C!\231\347L\3011\336H\233d\225\377\324a\244/\200\270b^}\217\267\260\340m\33\271"..., 8191) = 8191
4131  writev(4, [{iov_base="\35\221\362\20[\354\226o\277\257\257\315s\250\301\0N\221\264\230\177(y\216$\37\211\223\305\225\23B"..., iov_len=4096}, {iov_base="n\320\v>\345\26J\323\227\354\n\253\343+v\273nA\214\252\261\310AN\370B\256 \275H:p"..., iov_len=4096}], 2) = 8192
4131  read(3, "i4{;7z\242y\0l\316\203\2\t)\363\243\235l\241\354U\207\302\10\271\351A\353s\342\252"..., 8191) = 8191
4131  writev(4, [{iov_base="O\371\211r\376\303|\237\247\363\16\263\223\\\317\254\232\335G\10\215\34512[\35\240\2055\251\251\f"..., iov_len=4096}, {iov_base=" \222\322\263Q\200\363\211\236\261=<V\340n\250\275\201Y\345\275i\n!\302o1\367kA*\316"..., iov_len=4096}], 2) = 8192
4131  read(3, "\311\34\24\247\250\357\r,&]\344\33312\224\276\314G\263C\25\372\322\362\256\35I\242\341~u5"..., 8191) = 8191
4131  writev(4, [{iov_base="\222$\277\334]\17\\-\272N7\271\253zb\361kK\244`\330\234U\252\302%\252Xk\226\321\364"..., iov_len=4096}, {iov_base="\2060\23/\352=\321\206\252i_\243\276gS\242\346l*\0311\302l\334\346\326\374\372l\321\227\306"..., iov_len=4096}], 2) = 8192
4131  read(3, "N\316g\266\367\354T9\266\v\2167\377\32i\307\223\312\223\350\343\374\235\222\177\360r6cc\17a"..., 8191) = 8191
4131  writev(4, [{iov_base="Bets\265\313\n\3'\306\243\364wU\302\224\245~\210\26k\4\33c\260\331\206H\223{\315\243"..., iov_len=4096}, {iov_base="D\262\364)\241\366\313\350\315$i\200YS\266\341F\311\321_Z\2\324,\353wJ\267\320\305\206\234"..., iov_len=4096}], 2) = 8192
4131  read(3, "\204'\363\32\201\205\224\202\316\274F\2\264\24\231\204 $q{\220\2238\316\313B\262\337+$\337\252"..., 8191) = 8191
4131  writev(4, [{iov_base="\227\305?\202\212-\4\201\"'\24\204\307\321\274\31j[\1$\230\315\210\271\271\327\334\372WCO\177"..., iov_len=4096}, {iov_base="\224\202\21\256\312.\345,\213\303\275\f\4\210\35\354\22.9\306\221\376f&]w\227\22\\\350\n>"..., iov_len=4096}], 2) = 8192
4131  read(3, "@\250\340/I\4\374\245W\32F\341\333\365g;\227\264!v\34\25x\371}]P\273\nF\321'"..., 8191) = 8191
4131  writev(4, [{iov_base="7\7\4\22C\302\324\17\375\326'\4`\226\335x\237\3478\307\334\261\3\31\4|0\312\272\271C "..., iov_len=4096}, {iov_base="0:}\263\201\240\315\f\352\371\353\232\213\305j7\301\366\267&I\322\20\240E\240\313\251JJ\211\266"..., iov_len=4096}], 2) = 8192
4131  read(3, "\316\340\330\277*,\fv\371\260\207\20)P\v\274.\261\6\247\242\324\10\36e\254v\352\357\342\226\30"..., 8191) = 8191
4131  writev(4, [{iov_base="\3Sq\323\365-\237\232\366X\202\2457L\342kh\3A\311\275\273;-\21E\252n\32\257^m"..., iov_len=4096}, {iov_base="\0-d\330y&\6\236\26\345#\310\312\352\320\26\341f\242\35\327w\327\274\372\207@\376,\265\370\23"..., iov_len=4096}], 2) = 8192
4131  read(3, "9\327\v\236\330\f\211\351\265\346Cu{5\351\266\366\225\320\226\212P\266^Xz\201\3\343\346l\347"..., 8191) = 8191
4131  writev(4, [{iov_base="v\213\251\274\246B\276mr\243\362\316i\262\244\36K\343\341\213\266\340\353\7\256N\212\310;\264Wu"..., iov_len=4096}, {iov_base="\276\226\202\254\324\33\257=\37\240\250\3749\270\303\253\211<\201\263 Y[\r\26\370\212\326\336\2320\261"..., iov_len=4096}], 2) = 8192
4131  read(3, "\216\252\370\377\225Qt!\363\16\366\215[\347 \203\247 %\315\1\3534\20~\241)(\335\345K/"..., 8191) = 8191
4131  writev(4, [{iov_base="EJ\252\205s\31\326Gi\351\r\307\271\340aV&\247X\244\226\320\324d\203\277\35\341\256\242\307\371"..., iov_len=4096}, {iov_base="\331V\v\271=bc\177\310&\331h\264\314\330\23\250\0257\251[\223\223\33\376q\346g\344m\20\361"..., iov_len=4096}], 2) = 8192
4131  read(3, "\333\267FR\236U\234\37\371\232\2538\234\241\346\332\32\346\357\201\343\16\304\3061\214\305B'\211U\10"..., 8191) = 8191
4131  writev(4, [{iov_base="\340\2443\n\302\364G\264\264\233J\327\202\373\221\305\221\354\260\203f\200k\232\372l\352\f\353\313'K"..., iov_len=4096}, {iov_base="`\201\305\232\352\301\342\243W\237\322\373\330\310\212\234<\302\333t0,\326I\31\264\f\340%\352\26\311"..., iov_len=4096}], 2) = 8192
4131  read(3, "\3357F\330i\365~\317\357\314X!\215\211\301\3658\30\275n\31\315E!\16\252kb\304\323\5s"..., 8191) = 8191
4131  writev(4, [{iov_base="5\330\330\231\16\302\0372.W\343\230\341\301\362BC\242\24\354\373z\322[\2262\275\252ML\363y"..., iov_len=4096}, {iov_base="\30$\36de\251\20I\5q\354\376\3511\265j\26,\361\261\261\373\10rs\231\272z5\220\224\343"..., iov_len=4096}], 2) = 8192
4131  read(3, "\256\rHEo\242\20807\235u\254\227\177\261\375\310\6js\342\230s\204\3108\267\201\321\324Y"..., 8191) = 8191
4131  writev(4, [{iov_base="\260\270\222\341\334jk\221\2\22\366\252r\316~\353\271(\262\317PkpK\263\7\344\230x\5\370R"..., iov_len=4096}, {iov_base="\337\277\7\273e\201\22\275H\335Mw`\344Y\361\35\317\355\335h\6\26a\305|\26n\250\320]&"..., iov_len=4096}], 2) = 8192
4131  read(3, "\326L\253]Lz\345\207-#\333;\365@\250\32\252\321^*4.\233\252\367f\245\35\260\265n\32"..., 8191) = 8191
4131  writev(4, [{iov_base="\355\242#\336\253\323J*z\273L)m\275%c\205\0Y\351\361\234FS7\206P\214ZI\204\337"..., iov_len=4096}, {iov_base="\6\20\226\30\245\314?\"PC+\212V\305\345e\266A9\7\211\233\206\231\207b\365\n\326)df"..., iov_len=4096}], 2) = 8192
4131  read(3, "\30!\365k\207pBs,\267\231\344\246\240\1\224\316+c\377\300\377y\25IP\221\242\311\200\240\340"..., 8191) = 8191
4131  writev(4, [{iov_base="z\243\236E\226 8\313\206\272\325\266\202\30\2750w\225\246\356\232\240\345\23\237\205 k^\204\v\277"..., iov_len=4096}, {iov_base="\26\356\26`\206\333\10@\235\34'\220\345_\361\276\365\340M@\t\7\327Q\332\35\365\311\224\23\177\265"..., iov_len=4096}], 2) = 8192
4131  read(3, "\t\310\3134\227K?a#(\245\\\301}(\302\2609+\326^\270I!\30P\r\273\213U0I"..., 8191) = 8191
4131  writev(4, [{iov_base="\207\220_\216\n\230\0T;V\17\2250'\21\371\355\312l,\37\10}\346nK'A\363\263\360\351"..., iov_len=4096}, {iov_base="I\337-`~\250Vp\3513|5\273B\27\252\321[\f\222n\210\22\365\275t58\362\370\347\205"..., iov_len=4096}], 2) = 8192
4131  read(3, "-W\216\202_\341\243\376\"qrj\324\230\274=9]\4\321\275\261\373\250\327@\2033\371\244m|"..., 8191) = 8191
4131  writev(4, [{iov_base="}r^f\362\337#\250\367\355\316\207\212[X\226\234l\26\271g\2464\355\371\357\16>\216\247\ru"..., iov_len=4096}, {iov_base="\265r\265\204j~%\4\206\253K\n\302FUn\227&\351\254\203K\n6'0T\231\t7\306\317"..., iov_len=4096}], 2) = 8192
4131  read(3, "\314[\255\241\372\314\201\201)6\230\3\277?\230)e\245\7F9\353\241\325sA\263\230|4wH"..., 8191) = 8191
4131  writev(4, [{iov_base="\204\24%pU\345\324Yl\235\362\307\327\350(BK\2458\313\225\274$\237~\341sH\255\353\353E"..., iov_len=4096}, {iov_base="\33\306\r\217\n\352\325\37'E(\207\4\241\263\2065\205&\317\350\367R9\332\270\322\21\5\363\0203"..., iov_len=4096}], 2) = 8192
4131  read(3, "\335\345\31\332\273E\377\336\221S\346~\250\333\33h\37\215\223\371\231-\34.\206\302\250\350[(E\r"..., 8191) = 8191
4131  writev(4, [{iov_base="40\206\265;3\200\260\234\0\332\37\7\237\210q\3\235\244wO\232\233\21\261\334\250\27.@\241a"..., iov_len=4096}, {iov_base="\306\356E2\7\4/\214\35A\374\361M\213^w~\272\377\302o\243C\25\237*\261\216\241|r\220"..., iov_len=4096}], 2) = 8192
4131  read(3, "L\202\367\244\331za\240\246\24\335@\217Y~\303/\355\\\257\7\264\221\364\237v\344\342\231QCM"..., 8191) = 8191
4131  writev(4, [{iov_base="ND\221\205\210n\21\271Z\327:H\371\332\335\7\246\361R\322\263\223\242\315\376\217\304\235\350r\341\342"..., iov_len=4096}, {iov_base="\334~E\220\321\207\237\213+3\323\2;5\275\300<\356\315\03572M\324\3\362^\205\200\"KZ"..., iov_len=4096}], 2) = 8192
4131  read(3, "\353\7\325\31\326\234\3206@Y[\352+i\212\236=B\252\333\262%A\2\214NPB0\267na"..., 8191) = 8191
4131  writev(4, [{iov_base="\371\247\314L\300\251\256\300\177@*\r^\252\5D\253\204\264\34\0050\3416dXf'\222<\247\265"..., iov_len=4096}, {iov_base="^\207\346w\7\301\207\211\335:\6\371\345J\332}\207\336\373\232\331\5\315[\0247\306\272\276G\rl"..., iov_len=4096}], 2) = 8192
4131  read(3, "\313y\336\300\17\275&\260\24\313\307\372\371#\311~&Gp2K\250\35\270\221\r\4/s$\215\200"..., 8191) = 8191
4131  writev(4, [{iov_base="\34\306H\267\331%8dra\36\252\357\212^\227\323\224M\31\217\343\26\365\335\6\212[\272\206\25\177"..., iov_len=4096}, {iov_base="R\334\341;\330\305\372!\326\241\203\321Z\336\323^;\210}Z\356\354kF \212\266\2634\1k?"..., iov_len=4096}], 2) = 8192
4131  read(3, "\353`dJ\355\326\303\322ziHl\276E\254\351\7\31~\21\242\"\260\231\313\231\200\211\234),\330"..., 8191) = 8191
4131  writev(4, [{iov_base="z\37\236u\2014\352Q\37[\335\274L\367\367#\333\376?W\205vp=3z\n&\"\16\377l"..., iov_len=4096}, {iov_base="\211\4\315-^^\331\333\303\24{]\327\177\240\337\303\262\t\233\306[\237gf\240\224\374+\256\305\306"..., iov_len=4096}], 2) = 8192
4131  read(3, "t\223\235\332\250\234y6\302\360\203\36\327\364)\23\7\177IGB\3\245;\7\220c+-\237\35S"..., 8191) = 8191
4131  writev(4, [{iov_base="\fGQh\210\366\301\201\323\27\\FQpa\221\356\265jo\360I\313\0+Y\364\201\217\371\310<"..., iov_len=4096}, {iov_base="\0\357\17\367\316\322\216)E1\35qWz\264\232\265V\263f\32Q\177\3008\326\233\34\20\320l*"..., iov_len=4096}], 2) = 8192
4131  read(3, "\360z\331-2\341\6\251a\36\312`\340\n\356\202F\353*Ow\277\220\313\220\224\271\23\30\246\356\224"..., 8191) = 8191
4131  writev(4, [{iov_base="u\206\r.\373\177\216\365~\374A\263\r\274\235K\34\325\341\222o\376Lg\16\207\241n[\212/k"..., iov_len=4096}, {iov_base="\230\347\33\3102k\3610u\t\5)\220\355\270\236y[\227\241\357d$6\376\4z\2T\24\366\274"..., iov_len=4096}], 2) = 8192
4131  read(3, "]\265\353\331\337\305\272\5v\363\233\tG\265\36w\3\337\7\245\210\23\23\362\225\3056/c\323\36\35"..., 8191) = 8191
4131  writev(4, [{iov_base="\371\31\337\206\245\363\310X\227\303\335\17u\343\367U\353\364\10-\220?\304\240\252\22013\255\252B<"..., iov_len=4096}, {iov_base="\241\317\244e\17\325|\263\223\2253n\206\200\347\216+IL_(\252\23\306Ny\203\267a\240\5\301"..., iov_len=4096}], 2) = 8192
4131  read(3, "\262\236\260\335\247\6\360$\354\332\247\355_\311\244E\347\347\311>\246\25\213\343\263\232\3I.\220m\260"..., 8191) = 8191
4131  writev(4, [{iov_base="\362\344\365\232;\2619P\204j\312\351\334R\346>\365\351l\322\313\332\370\360\352\22\330+\214\374>,"..., iov_len=4096}, {iov_base="\322\314\306\275S|\350\314\34&=\216\343\td\343\305wH\247=\10r\3\203\6\20h\233\231)\275"..., iov_len=4096}], 2) = 8192
4131  read(3, "\352\373\373\177\243A\225\366Y\251\v5\251t\35\331\226\351{\25391\303w\2750\r'\257\330\31\214"..., 8191) = 8191
4131  writev(4, [{iov_base="\v\275\315-\37=e\20K$\243\36\26)\r\313\214\332q\v^E\330\177\35\17Y0mZ\243\317"..., iov_len=4096}, {iov_base="\211\226(v\354TF\20\246\341\335^&\250o\374\340\377tl*\250\241?\372\364\247I\306\240\310\213"..., iov_len=4096}], 2) = 8192
4131  read(3, "a\205C(\257\224P\210\247H)\"`\223\0252L(\6A\343\363\317\22F^!L9M\330\324"..., 8191) = 8191
4131  writev(4, [{iov_base="\24$\317`\224\6Y\tD\366GY*\317q}\211S\23\252\323\244\236)\243z\30 \30A\220f"..., iov_len=4096}, {iov_base="\32\303\260Q\322\257\7\216(\374\204\246\216\222\208\242\303\7\257\331<\315\215J\202h\230\t\20j\305"..., iov_len=4096}], 2) = 8192
4131  read(3, "*!\240\357\250\376{i\246\256pgt\264x\302L\276\0\307\2224\364:\244\373\224\333\355\272x\4"..., 8191) = 8191
4131  writev(4, [{iov_base="5\261q\\C\271\322i\21\362>z@\26\3404\202q(0\346\210\10^_\177\2340\342Zt\300"..., iov_len=4096}, {iov_base="\211\263\n^\231\237#[\226DV<\356\235-f2\240\340\377:\344{[\307\366\3265W\1\"$"..., iov_len=4096}], 2) = 8192
4131  read(3, "`\237\226\306\34\2166rpt\312\31\200\364\n8|\271\243@\373 \26\24\4\264\236\353q\241f\22"..., 8191) = 8191
4131  writev(4, [{iov_base="\0341\311\370K\10$-sb#\310\333\363\23\350e\260\321\1\331\2)\372vr(G\"\f\374\227"..., iov_len=4096}, {iov_base="r1\372\350\201\37s\350 ]\200\332\313F\235\37&\261\226\300\326x\30\240\307v\320!\313z>\303"..., iov_len=4096}], 2) = 8192
4131  read(3, "\355\27'\20\270P#\301\252\236\37d\177b\354\306W\266\214\247\343P-\3267:\237\305\203\306$\375"..., 8191) = 8191
4131  writev(4, [{iov_base="\206\310\316\366\211]\372 O\261\222\246\360Yf\v\242\347\257\214E\222\304\3732\f\316F\345\351\4\321"..., iov_len=4096}, {iov_base="f:\332\320n\310\247\315z0\267y\340\317\341t\363\340\270h\311\322\344\377\\\221\336\252\360\261{\320"..., iov_len=4096}], 2) = 8192
4131  read(3, "\317\316\333\200Zv\263\37<\330\5\255.\311\326\21\241@\"\4\347Q\375\222\261#\261N\216\246\267\343"..., 8191) = 8191
4131  writev(4, [{iov_base="\1\224mL\225\2118\321k\370P(\220\331\352\21\377;\277\350\220_K\370M\3734\306\nB\321\37"..., iov_len=4096}, {iov_base="_\222\245\372\274\301S\223i_\372\360$\341c\315\214_\331\241e\2278\233\254\f\212t\363z\33E"..., iov_len=4096}], 2) = 8192
4131  read(3, "K\371\202\342\354\255X\267\337\3511\361g\251N\204\235ny\23\263\10\23\236m\30u;\356\345\202\236"..., 8191) = 8191
4131  writev(4, [{iov_base="5\350\267f\203\234>\10\3313\254]\355\4\357V\\\336/\260\311Z]\221\211uyIS\356jx"..., iov_len=4096}, {iov_base="\204\245\274(\345[\34\246W\203j)\223\350\17\262\225\v\330@\201\212:\2067\221\33\0333\"\266Z"..., iov_len=4096}], 2) = 8192
4131  read(3, "BX7\f=\30:\327\377\244\313`\30\321\321\244\344\330K\247)\16\230\202\20\263\1\216n+\4b"..., 8191) = 8191
4131  writev(4, [{iov_base="=\367U\334\254\371BL\305_\242\36\332\225z\267\311\247\236\0266\3210\366\v\304\f'.\347\370\22"..., iov_len=4096}, {iov_base="\0w2<!r J7\207\355\276\10\264\34\312\nw\211\235dXK\fB\364\243x\301\0\243\31"..., iov_len=4096}], 2) = 8192
4131  read(3, "\241\6\267\0337\361`\243(\225\2203\264\322\346\320\26\333}g\252'\211Q\370\344\fa\241:\333\231"..., 8191) = 8191
4131  writev(4, [{iov_base="vjw{*\201\r\213x\2061o`a\213\n\1\215d\251u{\275\240\320s\322y\265\211\31\304"..., iov_len=4096}, {iov_base="\326\312\202\7m\215\275x\205~\301(\351I\30\316\276 V\242\322\213s\363\2311W\361\306\241\fl"..., iov_len=4096}], 2) = 8192
4131  read(3, "\24\256\332M(\303\"\201\260\17Il\226\352\f\211\272\33e\3337)\274\247?\36\336\371 \305\3Q"..., 8191) = 8191
4131  writev(4, [{iov_base="\331)\373\334]\235&!\230\4\27698_\256\245\330\231\27\251\33r\301\303\3148;E\256\367rk"..., iov_len=4096}, {iov_base="\327\27\312\27\303\332>\330\"s\341\246n?\376\353\213ax/\2506X*\300\341\370o\371B\177\17"..., iov_len=4096}], 2) = 8192
4131  read(3, "\326\4Q\21099\216e\31JPe\266\257z\304)'@0\243\313\25\306\244\273\324\370q\10\230B"..., 8191) = 8191
4131  writev(4, [{iov_base="\250+\22\35Jau\335:\320u\23\340\246\3706\245\346J~\250\310\210L\210\353\272Pa\37\373]"..., iov_len=4096}, {iov_base="\310\3172\23\332_\267\337fAK\323\353,\3542\37\255\300H\267\22\316\323\301}\347\342\373h\301\334"..., iov_len=4096}], 2) = 8192
4131  read(3, "fO\262@\200\201(\366\4\3739\210\262\26@\10\331]u\201\31\10\257\2\237\342O\22\327\177\216\330"..., 8191) = 8191
4131  writev(4, [{iov_base="\rP\20t\224q\215\236yB_\271\303\68\276\302E\332M\362l[5\305\203\2[\271\211\201\276"..., iov_len=4096}, {iov_base="\23E\1|Bp\335\372\33pU\370\267Si\352\236\336[\241\261;\377\260\304p=\260L\7\23\223"..., iov_len=4096}], 2) = 8192
4131  read(3, "e\2545\262q-\17/\311\30TIx\21&1\346\f\330\34\314\23\220N:\357\304\27\177\203F\223"..., 8191) = 8191
4131  writev(4, [{iov_base="/\3417\226\366\273P\24\352\300\231\255\365`O\266>\252\346X\0044\242\303_+\200M\240\6&m"..., iov_len=4096}, {iov_base="nNUk\200c9t\345\306\227(Vc+\322[\336\205A\240\370\212<\214\205\311i\356\304go"..., iov_len=4096}], 2) = 8192
4131  read(3, "`\320AU?\360V\203^\227\236\232\260Ri[\362\333\344m\275\324*\222\325*\241\314\350-\211\r"..., 8191) = 8191
4131  writev(4, [{iov_base="\346>\f(\7\30G`N\330'\32\237\217\331\5>\214\314iU\376a\304\204\354\26\216\336\16[\370"..., iov_len=4096}, {iov_base="\253\375c\323\33L\375B\10\322o/\227\371Tu\357P\204\4\3674\33'xn\321\330\3360v\341"..., iov_len=4096}], 2) = 8192
4131  read(3, "\253\350U\0040\375'\323&\t\306\237\303\203\373S\344\3103\231\336\243\276\207\342}\312\320\5\213+\314"..., 8191) = 8191
4131  writev(4, [{iov_base="\35\251ge?{\32A\2742e'\236v\356DA,\2418t>\203\235p\335\233\355.\274\257\240"..., iov_len=4096}, {iov_base="t*9o\355E\221\261(\343\226\20Nj\214H\177\310}pZ\347\355\236\254uzU\2241\236\371"..., iov_len=4096}], 2) = 8192
4131  read(3, "\304\2114\277_\22\223\1\354\271\v7Hd5\372zT\27F\267;\10\262\3025E\211\270\7J,"..., 8191) = 8191
4131  writev(4, [{iov_base="Ya\16j\374\353\226Bm\375rG\v\377o\26\314\262\30\255\206\364\325\25\375\362>\213I*~G"..., iov_len=4096}, {iov_base="(?&2@\342\301\245\257\205\271\305+\346b\0260\276\314\213\235\216\363\215\245\220d\326\5n\265d"..., iov_len=4096}], 2) = 8192
4131  read(3, "\235;\"P\232X\234\252\201\01642\253\241\355\6\365<\10\270\223\204\336Hjf#\333\34\260\256t"..., 8191) = 8191
4131  writev(4, [{iov_base="*]\245\245*\10\350m\275\201lQ\306\0\32202\22\267\365\203\2678k\35`\20\234\334F\200\361"..., iov_len=4096}, {iov_base="lqXv\213\360\257%\347\7K>\10\202V\337\300E\345\fCE?\367\205\t\25\263\331G\252m"..., iov_len=4096}], 2) = 8192
4131  read(3, "\323@$L\270\250\330\240\257\305n`\2\5\246wQ \267N\177\341\27\6\274Af\265\21n\316\233"..., 8191) = 8191
4131  writev(4, [{iov_base="\245\367\353\275\256wd\255\1m\237_\233\7\r\37\361\24\31\32\254 \223y\347e6/Wej\261"..., iov_len=4096}, {iov_base="\377g\254\202\254\314\331[\353qra\317\207p\321\347\261\335\234\322\325l\344\266\241\323|\37\300H\231"..., iov_len=4096}], 2) = 8192
4131  read(3, "@\276\264\2766\226\252\352\31\362p\316\2446b\267\7}\273\r\227\245\351\260i]$\"\23\240X7"..., 8191) = 8191
4131  writev(4, [{iov_base="\304\267`\244\217\356Q\225\24f\32\0\317\n0]\211<]\341\3446\270\203D\\\266L`H\273\6"..., iov_len=4096}, {iov_base="\200v-\211\360\363\26\321K.\361\24\362G}ZwQ\243\205\241\212^\"\"#E\234S=|\232"..., iov_len=4096}], 2) = 8192
4131  read(3, "\341\365{g\356\340\22\27l\324=\323\353\5R\332E\17\320(A)\326|\201\260\32K\4\375\223\201"..., 8191) = 8191
4131  writev(4, [{iov_base="\10\311\255\v\327\365\347\215\2431\23\6\341\203\257\330\236oGwy0\367.\nf\306\263]\244X\357"..., iov_len=4096}, {iov_base="f\v\347\224\222y/\300#\372\274\20\3\353\356\202N\241?\261\321\2\10\4\220\21h1\231\212uc"..., iov_len=4096}], 2) = 8192
4131  read(3, "!.i\35\342\310\4\216Zx\242a\323_\334N]\6I\237\\\23\220Xk\20\321B\34]|("..., 8191) = 8191
4131  writev(4, [{iov_base="\315\30\26\260\5\363}\321\200d\23<\354\216_p`\250 \362\233\0207\256\332\2\2243:\346t9"..., iov_len=4096}, {iov_base="\241.+\230K\3317\220\374,\\\357a\217\367\370\335\367\253\232\35\6\210$S\364\3272\273)W\272"..., iov_len=4096}], 2) = 8192
4131  read(3, "\215=\317\246\231\34\204\365,\330\17\264A\303\240i\26\6\303he\0325e\3158\242p}X\v\250"..., 8191) = 8191
4131  writev(4, [{iov_base="*/\334\261l\344*~\271jy\246\377k\\\370\241\27\fZ\305\302J-\177\231W\253\252\6\227\210"..., iov_len=4096}, {iov_base="\377\v\227\325\364\335`\336&!\324\233\376a\356\211\205:\376\344\"5V\264\356S\210\212?\241)\330"..., iov_len=4096}], 2) = 8192
4131  read(3, "\366\23\246\223,\26\344\355\365\3U\356r'X\35\230\2\270\211/\315@\236\205\0\21`NI5\313"..., 8191) = 8191
4131  writev(4, [{iov_base="\344e\212\273\266\216\0\241q\303\33\256\3633\0300\200\201\361\v}k\10\332{\"\355\211\237\241\313\26"..., iov_len=4096}, {iov_base="f\\d`yy\202c\207'\3526y7\25\371\17\225W\303\276\276\301Jw\215H\340{Z\206L"..., iov_len=4096}], 2) = 8192
4131  read(3, "\366\314n\306\37\260\2605\207\371\306m\247\356\234\325\30|\377%\355\306S\221\305\246\203$li\21!"..., 8191) = 8191
4131  writev(4, [{iov_base="\202\266Ux\r\tb2\33r\27O\231\205\340\302\367\325\273|k\24w\37\247\307\266\230\250_\372|"..., iov_len=4096}, {iov_base="\234\304\331\214\3165 \17\304i\2435\226r\350\r\303\301\252\262.#\334\200\375.r\"\372%|\276"..., iov_len=4096}], 2) = 8192
4131  read(3, "\233\367\272\326\261\350\253g\23\251\216\340\33\226\335\fZ\224\362d0_\255\270\256\374[\n'\200\25P"..., 8191) = 8191
4131  writev(4, [{iov_base="\300\7:\353\21^\3139\354q\262\214\252\1n\375\267\233UE%G\3702\254\301,\7\351a\266\302"..., iov_len=4096}, {iov_base="\255\374pqe\324\332m]4\250\201\201{\257\10$KP\272]\364\203=LX\370\276\336lj\227"..., iov_len=4096}], 2) = 8192
4131  read(3, "\237\232\212\276\33C\244\363\333D\nX\371'\216)\374\2532\354\330\304\233\223\235\321|Y\226#\221\320"..., 8191) = 8191
4131  writev(4, [{iov_base="\345m> \251\322_\312-\353\313\321nr\334_\323\16]\375|\310\221e\237\25\233vy9\346\305"..., iov_len=4096}, {iov_base="\315\227\217\r\30:Yu96\263X\341\200\230w6\354m+\257\6\260\226\277\303\224\25\16W\24\323"..., iov_len=4096}], 2) = 8192
4131  read(3, "!\307\22\354a\353\7\25H\333\330\237\325\235\337\200\222\213d\216\v\n\211\202.\264J\r\342\255\207A"..., 8191) = 8191
4131  writev(4, [{iov_base="\261@\371\24\365&\342\222\311m\324\2755\374\"\220\242\253z\237\10\366\315@\307\304\333M;xe\34"..., iov_len=4096}, {iov_base="7'P\254E\221\30\276\345\25\373\0212\331\370\243t\"\203\370\233\301\344\202\325\213\264\246n1\310o"..., iov_len=4096}], 2) = 8192
4131  read(3, "\220\225\230N\4\3.\16'D\362&7\240^\256\260K[\22\332\212HQeV\335R\310;\3443"..., 8191) = 8191
4131  writev(4, [{iov_base="iltg\317\2310\311=\333b\264\v!\361V\3330\242\331n\300\0015!^Q\211\177\205\1\17"..., iov_len=4096}, {iov_base="\235*o\3169\222\23\265 \340\262\253\231-\312 \222\35\233\265\246V\330y\357\26`\230e\372i!"..., iov_len=4096}], 2) = 8192
4131  read(3, "&\250\17\323\352&\254\t\274GU\375A\31\272l`\202\370\243\0\33Ip\3]f\326\316L\\\4"..., 8191) = 8191
4131  writev(4, [{iov_base="\221\232\322\377u\337u\247[*\200\350o\313\215\3600\314?\335\252\204&\235\350\211\360\223\325wh{"..., iov_len=4096}, {iov_base="s}\276\252E\254MR\7^\1\213a\343b\241\346=\4\214BF\4\305MFe\204\36\343R\276"..., iov_len=4096}], 2) = 8192
4131  read(3, "\375Y4\335\371\v\265y\25\207a\vI\26J\271\210;\264\244^\205\276\245@\274\33\300\263\255\357\331"..., 8191) = 8191
4131  writev(4, [{iov_base="\361\247Hq\23\33\324``]\311N\226\334o\2\6\344\353f\361XX\333\327\262\342e\325n\225U"..., iov_len=4096}, {iov_base="\301\203v\35t\301\255\360\320\213\306\261E\5 \310\242\375E\5\314\n\346\255O\246S\375q\362^["..., iov_len=4096}], 2) = 8192
4131  read(3, "\240%\32V}xG\24b\f\214\tt\367\\\370\2662\371E\310\200I\257\264\326\17u\316\350\303\370"..., 8191) = 8191
4131  writev(4, [{iov_base="\226Z\364\21497aY8\240\252\31\273\223\37}jv\363\346\322<\361\201\7`\255\213\231\250\241\321"..., iov_len=4096}, {iov_base="\244N2\36:S\351\7\276\v\305\351\0\204\235\350\337V\353\235\r\36q\256\252\30\312^\0R\270\324"..., iov_len=4096}], 2) = 8192
4131  read(3, "\354\362$r\n\216*\27\261F\230/\31\230)\316\223|\214/\263\310\254\312\232\215\4H\241\203\25N"..., 8191) = 8191
4131  writev(4, [{iov_base="Z\212\265\3738\0\215\17Vp\341\351\7\3\342t\354\356\342+\272\346\221K83\264\21/|\334\5"..., iov_len=4096}, {iov_base="\315\260\6]J\354_t\337\3~\217\346\215\314\240\203\343\30\27V*\247\370M\34\240\1=\7\f\26"..., iov_len=4096}], 2) = 8192
4131  read(3, "\321\344\340G,\177S2\0\246\221\335\225\301}\215?r\232\323\fU[\363\237\217Q\266\333\253F\17"..., 8191) = 8191
4131  writev(4, [{iov_base="\315\2E\351k\376Q\327<\206u0l\\a\306u\206;Q\227\227\343\350\7,\236\2KW\252\206"..., iov_len=4096}, {iov_base="n\246\245\216\245\32\206\316o\362\362\\\347\"e$\230i\247,\314\302\334,F\301\37\225\225\376\\\275"..., iov_len=4096}], 2) = 8192
4131  read(3, "h{'\232\20\236B\277\204\216\37)=\2440M\300@_6\31\314\346M\335VT0lV\300\17"..., 8191) = 8191
4131  writev(4, [{iov_base="Jaj\301w\335NP\312X\230\264\0Y\372\265\25\315\343p\250\265\t\323\217U\200^\371\261\307\362"..., iov_len=4096}, {iov_base="F\274\376\320\225\315\362!uNzAl\317\271\326\227\213d\177\226\345\364t\355\334?RWEM\264"..., iov_len=4096}], 2) = 8192
4131  read(3, "}\252\31I\31\31%\213\223J\342\222\324.\215\314\347\"\3771\232\204\216n\354n\346W\310\16\253\254"..., 8191) = 8191
4131  writev(4, [{iov_base="L\342\2477\5\314\24\232\320[l\306q\22\210\272\213\206\26\322\326$\337\21\376\247\310J\273?\2\177"..., iov_len=4096}, {iov_base="\203\3420\253C=w\327M\346\0c\"|\362mb\277s\213\272\337\274&\325nfD\371{3I"..., iov_len=4096}], 2) = 8192
4131  read(3, "@6d\373\355;\332\232O\234AlD\340\316\5\37\301b{<\357\222\17\315S\36\334_\345\361\323"..., 8191) = 8191
4131  writev(4, [{iov_base="\225q\351X>\270\23K\\\340H\312\233Q\212\215Y\10\334\331r\263\26@\371:\33\324^e\250\226"..., iov_len=4096}, {iov_base="\323\202e\356\6\262\7\7\330\271u\340\23L\233\337\371\f\347\30560\n\356j\nk|\231\331Jt"..., iov_len=4096}], 2) = 8192
4131  read(3, "\344@\333\224\302\343Z1\352\340\247\244\250\350v\4\326\261\317\320\4\266&\367\6\371#Y\351\335\352\264"..., 8191) = 8191
4131  writev(4, [{iov_base="\207Q\256(\242^\219\377\341SH\5\2\236\311y\306f\374\373Q\340f\277\376\204\237\335|-("..., iov_len=4096}, {iov_base="9\321\207\222N%\325\266\16\377\3524\324]\f]\314\316||{\262\205\fa\340H\310\2354\333\23"..., iov_len=4096}], 2) = 8192
4131  read(3, "\220\214\225\33\6\227sb]\333\236\t\fc\1\275\254\227\221\277\214CeX\265\216,\276\262\241\362\373"..., 8191) = 8191
4131  writev(4, [{iov_base="\223\346\v\236\226\0\252\235]\247_1>S\230\372\203\330\345\330\355+\316W\357\30}%\26\274\5C"..., iov_len=4096}, {iov_base="\30{\223\255\277:\307\264n@\33)\375~S\321H\332\32\277\341[\206\274\3565\313\302\247*:\6"..., iov_len=4096}], 2) = 8192
4131  read(3, "\r\321=0\307\270\265Z\366\177\266\n\253\306\36\214\201\325\354\336a\277R\311\2630\236\266\312\2310\352"..., 8191) = 8191
4131  writev(4, [{iov_base="\353\202O\277\227E\n\10e$\301\240\265\337w\326\314\2076\346\345[\244\272*E\3103\374F=\262"..., iov_len=4096}, {iov_base="\3\7\245\177\202\342\270?^j\373@@\273.\2474\245\33\241P:\272\30\325TzY\240qO\204"..., iov_len=4096}], 2) = 8192
4131  read(3, "\312\201?vw\t>\34\2\247\216\225\30\22J\2pPf%\"+\300\0327\246\22\10\347\270\251\234"..., 8191) = 8191
4131  writev(4, [{iov_base="\367\207\22y]\16\28\2517\300\357\23F\373\fD\352%\20K\323Z\20\221\376\316y\251CT\203"..., iov_len=4096}, {iov_base="9{br\346\223\212\350\256\2112 \227\235\204`\216\347\261\302>\r\220\251\361\34#e\210}\373\36"..., iov_len=4096}], 2) = 8192
4131  read(3, "\30\336\226\236\212z\"U\247kJ\24\230\266\270\275\226B\213T\221\204D\2470\325\235\361\240\3M\331"..., 8191) = 8191
4131  writev(4, [{iov_base="\251\355\347I\266\177e\266*3\216,\261R\363\254\314#\25l_\314@\357G\334\240\272\372f\216#"..., iov_len=4096}, {iov_base="\274d\22\256\35^\230\31\2401\342\370\271\221S^#\253\234\261\24L\274\254\4F\254\37Ips{"..., iov_len=4096}], 2) = 8192
4131  read(3, "H\237\345jt\"\306*\271\347c:3eS\234\324\323\r\2059\231\357=w\234\205\333\202\374V7"..., 8191) = 8191
4131  writev(4, [{iov_base="\264\"\vB\366\331\372\233@\323\332s\352#\t{\261\311\372\n\222\256=\207\361&\260\265\244\273\335\177"..., iov_len=4096}, {iov_base="j\352\33,6\250\22?\315oqZ\213kF$\366y\275f\323B\234\214\230mI\211\305Z>T"..., iov_len=4096}], 2) = 8192
4131  read(3, "@\"\372\325\204(x\325\342\nq\241:\367\3139\340>\373\353\224\364C\230\203\320\303\305>\253\215\177"..., 8191) = 8191
4131  writev(4, [{iov_base="V>\203\1777\260\201a#\364\300\217\360\204\377\323(z\212\214\252O\247\7E\265\334\325\243\4\212\24"..., iov_len=4096}, {iov_base="\361\201]}1>>\347\333\7h\32\236\36\226\250!\340\226\255D\212\32\231@\244\306g\326zX,"..., iov_len=4096}], 2) = 8192
4131  read(3, "\2575\346\251\361\273n\257\254]\206x\365\204Oi\234\256I\322z\257\3\200\312\7]\202V\36i\204"..., 8191) = 8191
4131  writev(4, [{iov_base="\3*3N$\367(\f70p\204\201\315)\0\357H-\340\221]M\322\212k\205\243\24\31\253\233"..., iov_len=4096}, {iov_base="4\353\271\315)19\31\357\360\207\220\262}\273\310_\223\231)\363\320\312`k\257\r\26\177\16\204\324"..., iov_len=4096}], 2) = 8192
4131  read(3, "Yk\206\355\36jY\352\247I\f?\275\21\312\4\201\315\226`\32\202\363I.#GW3\t\277z"..., 8191) = 8191
4131  writev(4, [{iov_base="\7\332s\250\233\314\2462HB\206lUe\\F\370\22U\6&c\374\221\25GU]R\n?\251"..., iov_len=4096}, {iov_base="\230\276\266\230\2441\5\355\0\36V\230\4\356\202\324\6Z\241=\1\310\303\332\"8\255\26\377\372\271Q"..., iov_len=4096}], 2) = 8192
4131  read(3, "\362\204M\3414\232\363k\322T\231\342\337\7$c\220w\7c\251=\216I\365\340\376\301d\226\35\20"..., 8191) = 8191
4131  writev(4, [{iov_base="7\301\344\t\224`\17\232\235\252\31\4\362\247Ea\177\200RA\301\0&\316x\234F\263_Gt\31"..., iov_len=4096}, {iov_base="v\315\307\347\363\241\200\326hq$\275\376-\346H\10\375\300\2443-I\377\216ch\306\26\220\2349"..., iov_len=4096}], 2) = 8192
4131  read(3, "\215\20\23\225\0\17\277*\31\323\247\25\10\243\17o$\325\304\341\322*\352\260\216\240\360\33\337\361\355\265"..., 8191) = 8191
4131  writev(4, [{iov_base="\203\256\255H\27\304 qo-+\212\316\336\267\217\177\6\26\361\220=&92\353{V\3667\325\17"..., iov_len=4096}, {iov_base="\313E\356\362\236\377\251\310\3243\210!\246\334\330\23\235R\t\37x\215Q\377C\32d\266P'\374R"..., iov_len=4096}], 2) = 8192
4131  read(3, "\255;}{\207\262\216\354\177\310\245\263w\37d\31hN_\372\315\377;\36\246'5\345v\270\371L"..., 8191) = 8191
4131  writev(4, [{iov_base="\355\f-{\260\231T\320\375\245\255Y/\350\372\371xJ\22\226\245R\332=\242\23\362\244\24\24%V"..., iov_len=4096}, {iov_base="\371\304\n\"\314<\270l\335\177z\310\323/x\367\312D\366\207\17\230\255eP\31;\1\330\225{\366"..., iov_len=4096}], 2) = 8192
4131  read(3, "\276\371\354R\20\260\346\266\311C\351g\231;m\2030\207Q+\20\23G\177lO\272R,\225mV"..., 8191) = 8191
4131  writev(4, [{iov_base="G\256w\202\266\r\343\335h\320\1\373\275`\205\242\f\336\3'\266\253Z\t\231\237\t\231\303AT\17"..., iov_len=4096}, {iov_base="\6sX\304\371M\300\344oot\310\356\16zC\221\325\355,\347\r\234[\364\5\322\262+\351\304$"..., iov_len=4096}], 2) = 8192
4131  read(3, ")T&\221d\321\312\317f\3334<\310n\217\36\t\306\252\35\217\361\312b#a\33c\363\216\20\367"..., 8191) = 8191
4131  writev(4, [{iov_base="\20\7\2341\307\3}\37X\241\245\310\253PyGgF\263\251\32*\2519)P\251\20o>}\360"..., iov_len=4096}, {iov_base="\253h^ \342\314\230L]!\314\275(\317mdx\3624\362\275o\303)\237\320W\334\236\316u\333"..., iov_len=4096}], 2) = 8192
4131  read(3, "\216\376\211W\3\17\216\322\270\262u\306\312\361\266!\272\373\220&@\275\222\245\257e\275\265V\316\222\272"..., 8191) = 8191
4131  writev(4, [{iov_base="\357\365\302\373\2645R\261RR\3142\270\33\3148Z\26\374;\304\1\3\21\361\25#n5\250\203'"..., iov_len=4096}, {iov_base="JK\26\321\3077S\355G\t\324sH\377\321\246\t\310rj\350c\177Lk)\223C6fW\335"..., iov_len=4096}], 2) = 8192
4131  read(3, "L\33O\36\20\257P\356\232\204\352>^\364\230\5\22\211\25?\10Fg9\310\307\6\222\3\206\327\374"..., 8191) = 8191
4131  writev(4, [{iov_base="T\276\5\222\301\305R\212\343\"\10\202\251U\224\t\346\26\f\366\362*\6\3001a|kR\264\340'"..., iov_len=4096}, {iov_base="s?\243\342\336\345\357&\1\347\320+\262\355\22\346<P\202V\2110\331\302Q\202k\342'\254nJ"..., iov_len=4096}], 2) = 8192
4131  read(3, "\330\236\7\235\25F\253\373\3641\\\250\270\314p^H}.d\260<#\6TCv\357\371V\370\347"..., 8191) = 8191
4131  writev(4, [{iov_base=";\373\333.sti\356\327\237\0\340\251\357\275\3,\267\326\246gEx\374\352\341\10\347&\360\334\300"..., iov_len=4096}, {iov_base="\256|\235\370\35\273\351L\2654\327Z\342\233~u{\23\331\257 \312L\275\274K>9\362N\303\204"..., iov_len=4096}], 2) = 8192
4131  read(3, "\305[E\336\357{'m\375\271U\32p\4\6\6g\336\t\211\355VG7\241#v\311\16\0s+"..., 8191) = 8191
4131  writev(4, [{iov_base="\247U=ra_\22\355\336c\26\376\1\327\311C\350\346\356R\350\27\264\222\321\224\2101\223\244\270\336"..., iov_len=4096}, {iov_base="\f\264\315\337\234WO\23\301\227\31\376\333\333\204\235\35\340+\341\5\214\366R\271\353\311t\304\276\343\300"..., iov_len=4096}], 2) = 8192
4131  read(3, "\225\232\260\2762\204\314\372;\344y2uc%\366\16\332aU\362\0355\314\24\207\261\35\266Hxa"..., 8191) = 8191
4131  writev(4, [{iov_base="\342/N\211\331\210\20\273\24\241\3\266\23p\237\3638\221!\23\201\345\177\23>\251\312\202<)\357\346"..., iov_len=4096}, {iov_base="\364R\216\31\304\373=\\\1Zn\1\232\221\23\310W\353\303}\32\324\353k\t\265\0342\17\326\352`"..., iov_len=4096}], 2) = 8192
4131  read(3, "(\7\266$h\f\326\360\315\3O\235b\371D\260\321\230\252M\24\203\2\223n\371\353\273\314$@\362"..., 8191) = 8191
4131  writev(4, [{iov_base="Za#4q\232\224\0\353\"\346\354\252\31\261U\7\361\370Ym\21v\6\5\361y\36\275\274$\347"..., iov_len=4096}, {iov_base="\325\330\301\232\vZ\21\267\202a\214T\204\27F\203\356\212%\r\245\35\6=\207\304\205\306\243`&\313"..., iov_len=4096}], 2) = 8192
4131  read(3, "B \265\3\271F\32\34\273zZ{\3mX\223\345;\26\333b\211\317\245\301K\306\262l\275\7\311"..., 8191) = 8191
4131  writev(4, [{iov_base="\37E\304\347\224\211lG\323%\27\30,\222\311E4\207\0\5\326H\236Z\258\341\270?\226Ml"..., iov_len=4096}, {iov_base="\241\345\342{5\221\252\373\10e\311\37wr\316\312DXBo\237\341\7\3535\264\377<\361\350w>"..., iov_len=4096}], 2) = 8192
4131  read(3, "\377x%'\326\276,4\307\r\360ZpV\260\217\220q\317l\326\345vu1\304'\212\16\336'\303"..., 8191) = 8191
4131  writev(4, [{iov_base="^\263\242\242\260\334\177\252\312\225\f?\307W\\\33\222k\306\303\250AS\373\212\364\212\25j\347A\3"..., iov_len=4096}, {iov_base="\254\257kRR\3526\207\266\210\335\234@\232\301\215\300\321\307>\202\371v\347U\352\263u}\251\210*"..., iov_len=4096}], 2) = 8192
4131  read(3, "\2677\210\364\10\tG\33!]\244\362UW\3649\0\347\310\202\311\10\255\274K\266j\204\343w\217a"..., 8191) = 8191
4131  writev(4, [{iov_base="\n\215\316\370\267-\2\254/7\"\345\365\221\367\211\321\0213\16\364\255\312\217\323f|\213P\224\261X"..., iov_len=4096}, {iov_base="]:\353\241\0001\30y.\363eZ\306\363\365)Y\322\34\243(,G\352wHHy\315\20\377\332"..., iov_len=4096}], 2) = 8192
4131  read(3, "\375 \215\30\331\373\3246|\363\363'\220\271`\272O\267\0Q\246\200J\220\237<\365\362\207\345I\204"..., 8191) = 8191
4131  writev(4, [{iov_base="\373\36\\\2572\240\235\373\5\255>'\306Z\242\25Pr\\S\246n\243i$6\350\351t\1\225\353"..., iov_len=4096}, {iov_base="\315\373nP\222\1\267\313\340\36\3363F \273\4\237\17\354\364\253\362I\233\307o\31\27'fC\217"..., iov_len=4096}], 2) = 8192
4131  read(3, "\366\t\330^\341S\16Z\315\305Fo~>C\363\250w\260\202\363\t\327O\7\37\247E\343\252{&"..., 8191) = 8191
4131  writev(4, [{iov_base="\22\257\330pM\263\372\227)\342~\"F\274\222\341\355(J\326\36\362\304!Z\201\3[5?B\330"..., iov_len=4096}, {iov_base="H\34\3742\363O\30\312\206\265y!\2307\24\370\302\227\337\20\233\333\307vG45R\277\276\"\232"..., iov_len=4096}], 2) = 8192
4131  read(3, "\0214\220\232\356\r@\274\244\342\204\237\341\255\317\305\221\330M0SE\350\3631\233v\3340XCT"..., 8191) = 8191
4131  writev(4, [{iov_base="\4\310\222\321\rF\214}\327i\247\220\6\355H[X\37//\253\310\255%J_\307\25\23\300\336\207"..., iov_len=4096}, {iov_base="\266\341\2\262\34\251\304\313\307'u]\324\342\235\327\213e\300\250Nv\316\fk\204+|\247\315\374o"..., iov_len=4096}], 2) = 8192
4131  read(3, "\3058+\\\25v\351\245\tBS\211\3512\247\202/i\241kw\220\273-7=\337\21D\364\336b"..., 8191) = 8191
4131  writev(4, [{iov_base="\300\304U\251\326\323\377\304\21\3\"\254\241\202\317\302\266\34<s\22\227\242\21\32'\252\vE\341\\\362"..., iov_len=4096}, {iov_base="=Eod\353\304\237\232df\240\240$\243\302Z\324\220W#m[\304\4\350c\307\324>0i\361"..., iov_len=4096}], 2) = 8192
4131  read(3, "\5`\253\37t\306\325UU\231\220E\266\322\345:\324g#\371Z\25[\217[O\350^\350\305\34\363"..., 8191) = 8191
4131  writev(4, [{iov_base="\326\214E\22\240\276\30\276!r\255\331\352U\31\233\362#@\313\357\247&\246\335E\352\33\303<\340\25"..., iov_len=4096}, {iov_base="\331_a\35AC\325\33560j\240DQZ\275F\336\234\270\267\227\310\372CZ\255\361\371\357\337\221"..., iov_len=4096}], 2) = 8192
4131  read(3, "\306\215\3\376\370\7\241FD\220\"J`\17$\372\226\251*wQ\357\3@\360\6(\273\\\2\371\336"..., 8191) = 8191
4131  writev(4, [{iov_base="\216\267\227\24)\362N\211}t\343\263=\302\222\v\355\223 \344\0223\24@\227Kq @J\361\346"..., iov_len=4096}, {iov_base="@\322\302Y\334\17m\350\235B3\200\327\255\360\256;\343V7}Y:\244\fnE\334\266\202\253\260"..., iov_len=4096}], 2) = 8192
4131  read(3, "\350\"\262oa\357\206j\201\340\250\2023\214a\3753\231mE)\216\342r\260=\241Y\201_\6\21"..., 8191) = 8191
4131  writev(4, [{iov_base="+r\tM\317\335\313OF#h\342v\205?\\\347\36\222\26c5x\35\340\327\264%\34]\2000"..., iov_len=4096}, {iov_base="\267\244\229\2\37=\304\202\216\251g\361\227\224\265A3\374z\354!\6`\236wk\0053r\3\30"..., iov_len=4096}], 2) = 8192
4131  read(3, "\0\\\247\206\355\226\334\"\326\6d\344\2.b\230\346J\n\375(6t\201+\261 <,\3736\260"..., 8191) = 8191
4131  writev(4, [{iov_base="(n\2317\347S\2550\316\252\211N\264\322\222\354\341\335\301b\252%_\352\200\235\327]\34\10z."..., iov_len=4096}, {iov_base="\7D\364\3573j \307(bP\376i.\r\253\321c\304A \311\216\4N\334\203\374j\rH\23"..., iov_len=4096}], 2) = 8192
4131  read(3, "\"\341\350\300\202@\3562\227\371\26\321_\t\356F\360\375*\333\316\"I\252\n\251^\264{\274z\313"..., 8191) = 8191
4131  writev(4, [{iov_base="l;U\2312\352\215\342\321\233\260(\236\356i\257\350s\3141\246T\25\3265\212\347\10k+\203\215"..., iov_len=4096}, {iov_base="(\347PF\267\22$W\r\262\17+4q81\334\363\374\263Z\316\320\3\27o\360\341*~,\215"..., iov_len=4096}], 2) = 8192
4131  read(3, "\212\261^0-\255\25!H\356A\350\365M\227\214\306>\205A/?{\317\220W\24\343\263+\240("..., 8191) = 8191
4131  writev(4, [{iov_base="\211\211=s\26\344\3769\372\24\213\302/\364\317<\254\350=\261q\347$S.\314\360\21\332\274\264?"..., iov_len=4096}, {iov_base="\230\261\323\365\360\372\310\243\202\22NA\317Xz>\305H\250\331\301/\223l\245P\235\243\272nC{"..., iov_len=4096}], 2) = 8192
4131  read(3, "7\240\352\331\32\3322x\315\271\255P[\330W?\270\216\257z\16\247\227g+\t)\33\22\20\345\f"..., 8191) = 8191
4131  writev(4, [{iov_base="#\250\234\4\363\331\274e(\344\33$rV\300S\337\357\376\23\271\300\343\217E\261\243u\22\354O\245"..., iov_len=4096}, {iov_base="\21uK\32\216\276\273\252\2152\275\23b]\207\274\373\22\260,\275\206\215\2\240K\246\27\303\36\273Z"..., iov_len=4096}], 2) = 8192
4131  read(3, "\362]\217r\262\201\246\241\213\233\v\377g-\371\261\214A\337\206\321@\177\351\10RI\273\330.\240\274"..., 8191) = 8191
4131  writev(4, [{iov_base="V\nz~\3373 \177\237\23\\@Z\220\30\353\211\227\v{;\257EV,\3316i}\n\243\256"..., iov_len=4096}, {iov_base="\245\302\2404K\304\300:\236\331LM\263),\n@u\242\7\277\327;S\24\224*\24\355{\366|"..., iov_len=4096}], 2) = 8192
4131  read(3, "\227\263\306h\252x\306.9uhBk\233\27\314\250f\276\335\343\363\372\3eH\2648!\355T\245"..., 8191) = 8191
4131  writev(4, [{iov_base="\220\22\231\35\236\273\276\312\23AO\2742q\344&\21\357\224W\316=j,\236\333%ia\r\21\204"..., iov_len=4096}, {iov_base="y\234\317L\327,\371\353\311YDPD\377e\226\313\261\244\342m\7%\253\221{U\272\344\363D\201"..., iov_len=4096}], 2) = 8192
4131  read(3, "\217Ra\314Ib\317\203\347\331\302\5\365\16Z!tH\241\23\10\10\213\377\342\366\6\0\326\261\312\372"..., 8191) = 8191
4131  writev(4, [{iov_base="\2050\373\212\263\371\321\326\300ILB\310\r\307\26d\220~?$Q\21D\337\311\374\374\201oOj"..., iov_len=4096}, {iov_base="@\352!i?\"\227W\207#\275\33\344\24\330\265\314\265\245\224\356\260\244\312D\7y0\241\375\350G"..., iov_len=4096}], 2) = 8192
4131  read(3, "\333\0030\342e\356\340\265_\246_\306\3\n\264\254v?\347\357\271\226\230!\21\22)\310Hn\376\34"..., 8191) = 8191
4131  writev(4, [{iov_base="7\247_cf\302\267\332yd\4\27\214O\246\311\231\266\205jU\351k\03500\330=\257K\264\235"..., iov_len=4096}, {iov_base="\35(\204\323!\220h\31\265\267\27}\30u\2006\353\353;+&C\347\301{(@Od\n\242\2"..., iov_len=4096}], 2) = 8192
4131  read(3, "\371ki\346\0\34\277\326\366)\225\26y\253\242\315\36\26\255\224LB\f\344\344<=\201\327(\336\361"..., 8191) = 8191
4131  writev(4, [{iov_base="\232}\255\302)\256F\343\233\232\363\1bU\221h\226~w$\221\261\220\373\350\n\177\371\323aw\n"..., iov_len=4096}, {iov_base="\306\371>\350\260\f\304a\263(\352\34_\2\210\1\343\362B\247\f\336@\225\5Q\327\302!\300j1"..., iov_len=4096}], 2) = 8192
4131  read(3, "O.\260\364\225\214\274HG\255\376\204\256W0\241 qU\230\"\245\242\375\3200s\34D\316\223d"..., 8191) = 8191
4131  writev(4, [{iov_base="\203\"U\f\250\220Z\372\351U\307X\201O\205(\2\231\23\312\341\211CQ}\t\244\307n\251i\260"..., iov_len=4096}, {iov_base="j+\31\0\3444\377S\2018\201\251\345\323F\r\330\2765\201@ %\322\264B<`L\331v\270"..., iov_len=4096}], 2) = 8192
4131  read(3, "y\263$\230.A\244\3\365\270\335\17J\261\245\364/M\245\25\372\v\205s\313s?:\321\3663\273"..., 8191) = 8191
4131  writev(4, [{iov_base="\337f\25b\321oE\376\rD\26\307f@\10u\266\30V\222\31`\320k97\326\336\243\327\27\266"..., iov_len=4096}, {iov_base="\341\203\306\205:\371\3\327\322@\227\270\t\246\322V\16\24\213\271\231\375\372?\311\211*\26\"\332\204\301"..., iov_len=4096}], 2) = 8192
4131  read(3, "\4g3e\356\241\321\352,\tl\225!\210.\27w\273W\344\17\22\274\347\201\363\307)\377\177\220;"..., 8191) = 8191
4131  writev(4, [{iov_base="\304\365\351\354$\320\313=&\305D\2Qt\240U\2624\254\213^\313\25\5-\3679\305\345\35@b"..., iov_len=4096}, {iov_base="\364+\276\313\336\\A/R\217L\231\252r\t\366(\263\310u\351\356\301f\331\265\311U\360&\224\22"..., iov_len=4096}], 2) = 8192
4131  read(3, "\rS\255\351\30\216\335\315wlZ\25:\352GT\256\350cI\264gZM40X\340I\322#<"..., 8191) = 8191
4131  writev(4, [{iov_base="\371\300\36\203\31\3322]\247M-)\342\206\260\260J\344ut\0264\3010V2\n\7\31\326<h"..., iov_len=4096}, {iov_base="\236\37t\373\32\236vD\203y[}\241\212\30\232\274\256\21\264\227\362\307\364\230\353\225\30\333#\336\234"..., iov_len=4096}], 2) = 8192
4131  read(3, "\261\313\344%cL\311\356Ql\34\273\233\1t\362\vm&\220,\\\374\327f1~j\24N\261>"..., 8191) = 8191
4131  writev(4, [{iov_base="\344\363\211\363\27\265\367\21$\346\6(\335\321\246;\363\6\25\211\vl\10\316B04%B\374\376\213"..., iov_len=4096}, {iov_base="!};]\31\223\257\276\212\37P5X\306\346l\204a\4~\214\0?\237\231iB\n\266\255\354r"..., iov_len=4096}], 2) = 8192
4131  read(3, "~\214\214\323\315\317\366\375g 4G\2\325\225*\377W\373\245\202^\t\317\242g\tG\304\377\0c"..., 8191) = 8191
4131  writev(4, [{iov_base="}\5\24`\356\5\331Q3\222\366*\r\262I\2\327\0\211\255C\323\25vuf\345\304\211\217\31O"..., iov_len=4096}, {iov_base="\"*\374\252\330\347\242\333*\31\267\340`\36\\\377\325\10r\273W#\221\322\314/\251B5\301~\232"..., iov_len=4096}], 2) = 8192
4131  read(3, "\303\315>R\311x\343\371\240>K\267\355F\377\303v\350\206#\366\364\317`?_r\33\2404\223)"..., 8191) = 8191
4131  writev(4, [{iov_base="\201\f\214\3036+\273\265\312\210\267aY\211\230\310\375MM{\225\26\272\225\26F\17\356-\222\244\216"..., iov_len=4096}, {iov_base="\3035hTB{\341Gl_#\17\357\323r\242\274A\242Kn\321\304\273\307\335x\6\350\n05"..., iov_len=4096}], 2) = 8192
4131  read(3, "13Ru^\33\242\23K\375\"\301)\2756\220\257o\324\37Z\267=\270\266\\\224+)2\3302"..., 8191) = 8191
4131  writev(4, [{iov_base="\n\365H\21%\254x&\3354\255\340bV\372I\34\243\276!\275\311\365\322ql\212\t\32F-\257"..., iov_len=4096}, {iov_base="b\213\20\274\205\350\353,!p\304[\23bP\353\206\4t\0\r\336\321\210\217\236u=\232\264\352\356"..., iov_len=4096}], 2) = 8192
4131  read(3, "?,\24\2476\321R)\377\37(%\253\327]\6\33h\22r\333\16\232\372\363K\301.to&\351"..., 8191) = 8191
4131  writev(4, [{iov_base="Q>ohHRU\302JJ\244\221\5g:\320/W\35\363\262\7cRq\321\306\300o\310\n\334"..., iov_len=4096}, {iov_base="t\345\2663\314\223\237\16\323\315YG\337A\20\322\26f'\331\273^\v\206\t\254>+fmq\240"..., iov_len=4096}], 2) = 8192
4131  read(3, "%\363S\314\6R\277m\353o\220\262\26\246U\177\304\355\230\271{\24\372\252G\337\34\23\354\236:9"..., 8191) = 8191
4131  writev(4, [{iov_base="9\327\246\233>\236\216w\4ZY\247^\207\271T\321\212_~P\f\r\363\302 &+\337\311\342e"..., iov_len=4096}, {iov_base="\357\32\247-\215\36\242@r\"\22<\"-gW\\\366\5 \321\177\234\31\262\210P\343J\313K\373"..., iov_len=4096}], 2) = 8192
4131  read(3, "\321oxe\252\230\tc_R\31\354\273A\232\3519\237\2775\v\0s\2262\252&\250v\6\33\305"..., 8191) = 8191
4131  writev(4, [{iov_base="\310R\302\244\326\375\21\336 \361\214'Ol\2668\346 Z\21\274n\247\246\10\3\345\3\205\2147K"..., iov_len=4096}, {iov_base="}\301\35\24\25\365\17\322xQ\2155w\304\315K\207\330\241\341B\231\361\7\322\215\203c\345\277t\217"..., iov_len=4096}], 2) = 8192
4131  read(3, "\324c\245\237\343\273$\v\2313^\320\302\342Zp\222\27:\357\35\271\6\205.ee\363\316 ),"..., 8191) = 8191
4131  writev(4, [{iov_base="\21K\31\32\235\10\17\201opD\342\210Y0\27l\204\21q\217\366\24&\242\10\314g9\263\336\363"..., iov_len=4096}, {iov_base="\367\260\5\326j\372?M\201bL\300k\316\254\313\2\272\7S-\337n\23\253\\\315\1{\251\254\365"..., iov_len=4096}], 2) = 8192
4131  read(3, "\376}\337\17<\325\370\352r\324\342}\247V=\321>\267R\326\20\342]\220\307G-@F\366\363n"..., 8191) = 8191
4131  writev(4, [{iov_base="\fl\342\257]\353?m,4:\327\201\307i\2503\273\262\307\241r\370\32G<\353h\262\335Z\333"..., iov_len=4096}, {iov_base="n\364A\0337\361\247\200\220\33\261G\277Dzt\2\337\335\325\210\3578\262x\356\351:\363\204g\260"..., iov_len=4096}], 2) = 8192
4131  read(3, "\371\35T~\0>k\215DZ\320w\277\262\330T\315W\365\30\177\240\330\222\177`O/T\271/\306"..., 8191) = 8191
4131  writev(4, [{iov_base="\301v$L\r\212\340\211AAe\321\270\235\361/6>\337i]HnX}c\245x\343\204\243F"..., iov_len=4096}, {iov_base="\3705NT\2133$$86\16\233R\362+\16\1\357a\3304e_Zhj\363U\345\225@4"..., iov_len=4096}], 2) = 8192
4131  read(3, "O\367\1\305\rY\352\301\360\24\254\273\324\23\2269)\317U\200\362\214\22\310Y\374E\240+Y\335\301"..., 8191) = 8191
4131  writev(4, [{iov_base="\327:\270\23WyGx\24\303\274\302\246F\376\260\232 \314\375U\350\377\222\30y\230\1\226\353 \224"..., iov_len=4096}, {iov_base="\0-\337f\31\20\327\367saa\23\20\213\1%p2&\226\202\220\373\217E\331\350\246\245y\222<"..., iov_len=4096}], 2) = 8192
4131  read(3, "%P\374.O\342\f\320\3755\251\2F\302\f\324\346.`+\252\227\256\207\200\235\352\fE\330\277\n"..., 8191) = 8191
4131  writev(4, [{iov_base=":.\314\275\347\33\233\34\366e\360\277\305\225\366\361\7\2508\366>\312T?\247\351ZY\230t\371q"..., iov_len=4096}, {iov_base="\241\305v6r(zPN\250T\262$\273#&\37dk\": \t4\324mA\0026\252M\361"..., iov_len=4096}], 2) = 8192
4131  read(3, "\20\300\254%\2229FRo\6\255\206\250\37\314\302\4:\222<\357\275\10\243\340N\327\357F3\t\34"..., 8191) = 8191
4131  writev(4, [{iov_base="\33\220y\263c\374\24\\'\35t\225*>\310%h\33ss\206\213\350O\221@\1&3\327fy"..., iov_len=4096}, {iov_base="w\313\207\225\372L\37Y9\204\342=Cl\n\23Y\240\220h\337a\23\274\277\7)\"\34\\<g"..., iov_len=4096}], 2) = 8192
4131  read(3, "\217\227\313f\340\322b\30\33\243\223\331\317@\213\20\16\2054qT\231'K\231\300S\305?w\f\205"..., 8191) = 8191
4131  writev(4, [{iov_base="xr\315.\360\2235\4>\312\34)f\372\266m\3067j\261\265\17\237\337\250@q*s\267\204J"..., iov_len=4096}, {iov_base="\352\32\365\236n&\245\340p\\\0\204\246\254\214L*\207d\365rU\24\357\362\230\212\205Bz\211\222"..., iov_len=4096}], 2) = 8192
4131  read(3, "\303M\215A\214\224H\330\311\317\222/\4\222\350\255U\302\203~\357\266\244\24]\4\342\108hz\""..., 8191) = 8191
4131  writev(4, [{iov_base="\260\356\25\232\f\0\3139\356/\331\325\256\372\314\22\351\271)\244\223\375\360\331\3670\347\315\0|\352\205"..., iov_len=4096}, {iov_base="\35b]S\216\351M\21\343\34:\370\213\2451\247$jl\1\222\34\272\303\215\357\307\330\227\27\33J"..., iov_len=4096}], 2) = 8192
4131  read(3, "\315\301\t\303\301a_\371E\371\271j\270\304\3320\366\303\0215\203\352!x\246Q~\0\310\302\331M"..., 8191) = 8191
4131  writev(4, [{iov_base="\206\3551\355\323rp\326x?(^p\343\312\265\213\4\213\235A\177nT\371\245r\252^a\317\350"..., iov_len=4096}, {iov_base="x\0053\242\355\rE\6I\355(*+\217vo.5\352\377\342\345Z\3721\206\267_\312\257s\257"..., iov_len=4096}], 2) = 8192
4131  read(3, "X|?*\347:\302\17w{\220\374J\341\363\30\"\30\242e\2221b+\10\21q\203\225\t\5\351"..., 8191) = 8191
4131  writev(4, [{iov_base="\237:S\305\241\21\336\205P\\/\21\370;\253Yn!\"<!8\330En,^?\"\217\373\230"..., iov_len=4096}, {iov_base="=\264V\325\202X\262yP\340@\250\305\220\253pv\375\375\357\372{\315\33x\325\355uv\305g~"..., iov_len=4096}], 2) = 8192
4131  read(3, "`\362\6\266\374v4r\37Z\257\3\361\5\10\354\20\353\210v\37)\342`\332\331D\3265\212\217\7"..., 8191) = 8191
4131  writev(4, [{iov_base="\36\352\335P\261\16\223\236\30^\221\235\1\240\5\17W\217\347\250\236\331\327\275O\n\205r!v\374\""..., iov_len=4096}, {iov_base="\33T\333\0334\35/\331\307\311X\361p\352\324\310\331o\235|\366\\A\204P\300\276\364\267\305\25`"..., iov_len=4096}], 2) = 8192
4131  read(3, "\267;\v\2wr;\32&\350\25n \304\317@\272\2412\261`\3459\252d\364\347\273\232|\377S"..., 8191) = 8191
4131  writev(4, [{iov_base="7\347e\377=x;\177\357\343\225\371\251\34\316}\261\203<\301=\305\315\355h(\34n\242{ \347"..., iov_len=4096}, {iov_base="\265\2336{\2068\315y\34\222\360\27\267$\1\221$\226\353\235\204\223,\375\235\177\316\307;\r\217\22"..., iov_len=4096}], 2) = 8192
4131  read(3, "\274\6I\22w\327\0057\201\231\323\376\235\7\220\326\2\254\v\265s\266z\22\32\332;3Z\311'\""..., 8191) = 8191
4131  writev(4, [{iov_base="\272\307\247z\320\264h\327\342\256}\241c\226\225\343\266\t\31\224\22\275^\352\36\377\202\271|\24\32~"..., iov_len=4096}, {iov_base="e\311\7T\367\272| \260I\275\36n\251LT@\25\222\304\252\34\272W-\211C,\244\337\316\211"..., iov_len=4096}], 2) = 8192
4131  read(3, "\374\207\244\r\340\0302\234zY\6\250U\307\10\373bd\355G&|\243\223p\245\310I|k\365e"..., 8191) = 8191
4131  writev(4, [{iov_base="\320\264\201\27<hDi\275\210i\266\200`#\vmi\367I\216%@\262l3q0\325`\3\264"..., iov_len=4096}, {iov_base="Pl\222\220u\356\201DF\37\245N@\33wt\247\204&\4\4&\330v\257\353_\0\344U\207\221"..., iov_len=4096}], 2) = 8192
4131  read(3, "\232\357\232\327\32\346\274-(\6}.\262Z\341ah\327\355\24Q\24\250\357\217\37\364\372' \322i"..., 8191) = 8191
4131  writev(4, [{iov_base="\262\332\35\213\37H\v\330\343[\7\250\217\271\333\vC&2\204\5\277<\251\252\212\266n.m\32A"..., iov_len=4096}, {iov_base="\324\\Z\34'&\23\217\36\"y|\3631B~4Y\216\365\263\20|\32G\252\313\366\213\227\266K"..., iov_len=4096}], 2) = 8192
4131  read(3, "\350\177\231\221*\273},\f\322$w\32\374\316\305\v\313\263\355s\4Wd\257\206\264\350\207\252\275H"..., 8191) = 8191
4131  writev(4, [{iov_base="\206l\364\200%\5\333\t\303\353\333\230Z\264>\234\201j\253\0214\265I\177\0053w\261\312\217\306\210"..., iov_len=4096}, {iov_base="z\357\5\351\371\306\t\312kY\31\35\262\302\350L\261\n\34\31\23\376\36$\225\265\255\323\242\325\317\f"..., iov_len=4096}], 2) = 8192
4131  read(3, "n\327y-M\230\320\377\r>\276=\254c\303G\221\203S\263\375\243\332\366\327|\237w\177\320\33$"..., 8191) = 8191
4131  writev(4, [{iov_base="\2240,\271y\n\371\223\3\27\266\346\300\250_|[ue\314\17\240\17Z\237\1\337f\344\362\244\330"..., iov_len=4096}, {iov_base="\216U\221h\275T\252A\314#Cgr\350\222\33ED\1\304B\22\234/\306\206\356\7\227\331\206\344"..., iov_len=4096}], 2) = 8192
4131  read(3, "\224\323M\27\374\271\342\f\362\330\230]\345^\2050\0052\357\265\25\6\261\362G\236\20l\351\221\354\275"..., 8191) = 8191
4131  writev(4, [{iov_base="\21\205%qY\323\3452(@;z\350v\335c\0tQ\247A\23\373u*\274t\213\305%\4F"..., iov_len=4096}, {iov_base="\274\275l\22T\345\360;\240\364\371s\363b\202\3203\314\241\23W\226\225iV\2\252\357=i\253\206"..., iov_len=4096}], 2) = 8192
4131  read(3, "\357\274\247\274\337\37u\231\351Ke\301\202f\2237B3\235\6\255.\330\300~\17D<\321\273kS"..., 8191) = 8191
4131  writev(4, [{iov_base="%\240\225\261\260\312\221\332\34\327\234@\277\323\2\362\330XM\306\370;\20\346\331\243\215\346\34\7\308"..., iov_len=4096}, {iov_base="2ouE.W=T\207\220\260\366\252\2169nK\f\32\234\3075A\264\304\355\2773\344\1\337\4"..., iov_len=4096}], 2) = 8192
4131  read(3, "T\37B\np)\35\222\247A\\\303u>p5])\4\0\24\260\264\313\20\224\263s\220Z\204\364"..., 8191) = 8191
4131  writev(4, [{iov_base="\17\361XC*gdbX\232\367\\\244\272\211\265\322\\\213\305\\\355\320\2621\0074\364\266eZ\251"..., iov_len=4096}, {iov_base="4W\236w\n\1?\304\221v\234\302\20S\276\341\314\350\362\336\260%y\331g\347t\35\0\v=\331"..., iov_len=4096}], 2) = 8192
4131  read(3, "\375\342\302\233a\10)\260\342C$\\1\244\342\355\306\5\36qg\247|!<r\265\21\\d\267m"..., 8191) = 8191
4131  writev(4, [{iov_base="@\25\271\270\227KF\251\376\365\26\262\2y\332\213/\246\177\314\37\203\237\207\"\344\224_\230\314\3046"..., iov_len=4096}, {iov_base="a\364\352\331\224\216\33\214A\216v\316\t>\34\324R\244\223\310`7\322\375S\301\264O\7\345\377\210"..., iov_len=4096}], 2) = 8192
4131  read(3, "\f<a/.uK\t\314\357\335\21+\276\372\7?e\r\273\260&:\222\378\360\376\3\315\312\323"..., 8191) = 8191
4131  writev(4, [{iov_base="\0\r]\302\360\321\27\370\304;\230\27\202\2051>\\C\241AL\17.\342.\202\373\261BB\177{"..., iov_len=4096}, {iov_base="!\274\333\304\276b\236jG\252\320.\211\4\220\32\372)\262!\364\360Y\tn\207\266\203\310\207 {"..., iov_len=4096}], 2) = 8192
4131  read(3, "\2163\334\312\3-\300P \311sW\374G%\275\r\301\26u\306\313\225\37\227\374\221\213\351\202$\350"..., 8191) = 8191
4131  writev(4, [{iov_base="\2S\315\273\262\325W\21Vt\33e\323W~\221\336Xhg\345*1}\376\344P6g@\364R"..., iov_len=4096}, {iov_base="\376\330{q\3017/|`\244f\351\204n\2277;\370~Ce\233\5'\231<\33\3\305\301<\212"..., iov_len=4096}], 2) = 8192
4131  read(3, "\10GL\32Y~\313)F?H\314\350VF\232\203\224n\201\327\7\224\311U \202\350\363F\300X"..., 8191) = 8191
4131  writev(4, [{iov_base="\313j\33\10V\254c|r\342\23\212\241Qh\237_\327k\250\323Q0\256j\220\232\370))\21\213"..., iov_len=4096}, {iov_base="V\17\212#\347\221\253\326o\32\337\217e? O1\26\257\354\25#U\337\2032\322:y\304\246<"..., iov_len=4096}], 2) = 8192
4131  read(3, "\254\333\343\371u\261\17U\201\340~8\324\212\32\332t\345\276tD=\310\336\22\7\322\307\220>\360\25"..., 8191) = 8191
4131  writev(4, [{iov_base=":u\305\225\232\270\336\20\233\272\v\373\243\307xBf\307\241\365]\203b\237\232\16\232~\231\310K_"..., iov_len=4096}, {iov_base="\217W\270\26\\+\210\265\247\32\321\212\312\341\246x\306u\347\317]\316XX{\365\374\363_V\343%"..., iov_len=4096}], 2) = 8192
4131  read(3, "x\230\225Rd'\221\274\310\16\274t\21\215\355\3134\302\310\345jWv\361T\24O\224\226^\261\203"..., 8191) = 8191
4131  writev(4, [{iov_base="\365F^\0275\206\343\273^\334\26\32\336\243\372b\22\370\27\314\265\279e\260g0\207JzJC"..., iov_len=4096}, {iov_base="W\264\373\22a\366\333\277v\311\337\303V\206O[x\231|\275\361\274^\251\267_\372>\7\266\230\255"..., iov_len=4096}], 2) = 8192
4131  read(3, " \233V\215\255\216s\6B\353%\356\301\356\271\201m\5\340\7nO\267&\36C\10/\336?{\244"..., 8191) = 8191
4131  writev(4, [{iov_base="\361nH\0\245\250X\34;4\272\177|\\q\376c\365\177\347\373\235}\220QN2\312\n\2429\320"..., iov_len=4096}, {iov_base="C\n4sg\351u\313\336\224\220\234\10UJ\370|A#\374\327I\344q\201\276|\2\251\240_,"..., iov_len=4096}], 2) = 8192
4131  read(3, "\17%\363\230\325\200\305\326!FC\364\372\251V\230 D\337\221i\16\fnM~\360nK\323:\367"..., 8191) = 8191
4131  writev(4, [{iov_base="c\27m\230\206n\5\233\231\33\17\273d\2655\245\224\211\277p&5\346\371\314\371\23\300\200\25a\240"..., iov_len=4096}, {iov_base="\2419\177\351:\376\222$k1\201\246\217<\311s\301\270\32)\333\34\337N\302j\5F\256\276\252-"..., iov_len=4096}], 2) = 8192
4131  read(3, "\213\351 \375Y\7:\376\241\245\241\363\264E \360\347\247\310u\210V\t\365\315\16\10\311\271\35\364\235"..., 8191) = 8191
4131  writev(4, [{iov_base="7\361\346\330\353\2375C\257\371\310\375/\4\tA\340\234o\33\201r\34\16%:\232h5\367K\204"..., iov_len=4096}, {iov_base="\346G\217ww\333U`\36\240\363\25\235 =\273;\257\333y7\212\256\346s\267\317B%\23H\342"..., iov_len=4096}], 2) = 8192
4131  read(3, "\30\230\343'r/\350m8\251}\242)\35=\48iU\17\25\334\353\335C\275\205-h\372\17D"..., 8191) = 8191
4131  writev(4, [{iov_base="N\201\210\352k\346\232\210T\364'\313\361\331U<\303\240\324r\300\274A\4\304(\336F\275\263+R"..., iov_len=4096}, {iov_base="\20|M\257\nf=\314\223c\320\312\307\304\3\243f:\36\325-:\365l\36t\266\6\231S\256\333"..., iov_len=4096}], 2) = 8192
4131  read(3, "\210+\357V\206\3\301\f?\20\360N9\250%(\357\262\354\242\367\224?\\\306\27\3301t\231\320a"..., 8191) = 8191
4131  writev(4, [{iov_base="\217\0\336q\26Y\306\354[^J\316}B\301\350\274\31\31+\322\244rw\26\211\322D*\314\33+"..., iov_len=4096}, {iov_base="[u]\35\273\200}ng\203\"\330\217\274\27\n\370J\272%\211\350\272#B\367`o\346\360\364\235"..., iov_len=4096}], 2) = 8192
4131  read(3, "\353\253Jg\274XD\3736\204\323\213~}\256\347\216\244\204\275\253zk\354\241\336%\tv\30?]"..., 8191) = 8191
4131  writev(4, [{iov_base="\336\250\2444\242\36\275=[\364\271\237\216\360\310\355\2\247%\211\207<\262\225Vy\330)F\347|9"..., iov_len=4096}, {iov_base="~\216ROZ5\215\361\230\310\313\213Y\214\207\0\310\377o+L=i5\264\301\337r]\315\313\220"..., iov_len=4096}], 2) = 8192
4131  read(3, "7\220\315\315\267\320\3273\330\275\332\23)\332@\367\265\301i\352[]\364r8\373\332\300\32 \311>"..., 8191) = 8191
4131  writev(4, [{iov_base="8\24?\263\177\212\277\363b\223\316K\3H\342cB\233D\22\243\222\234\16r\361A\255\303h\35\206"..., iov_len=4096}, {iov_base="8I\271\262y\30\256\26c\350\216+\36\31SI>\347\233\244@fc\362\204\216\306\3570\363tA"..., iov_len=4096}], 2) = 8192
4131  read(3, "5\206\226\231\224\261vE\212\t9\344V\337\334\34\21*x\376\372\314i\324\3606\3238+U\222W"..., 8191) = 8191
4131  writev(4, [{iov_base="\327O\375\6\375\300\213\200\227\317\272RqM\6\365\321\337W\321t\346\fXtAj\231g\340\22\226"..., iov_len=4096}, {iov_base="\313\310\220W\27\364&\323\224\301\31\300\202\227\212m\331\217CY\306\321\242*v`\nAv2Q\211"..., iov_len=4096}], 2) = 8192
4131  read(3, "\252)\32\217\342\235c\355b\354G\223\330\26Id\252<}-\365\1\227W,:=\3267\240\261\n"..., 8191) = 8191
4131  writev(4, [{iov_base="!\201G\337\332\257]1\306\24\233\217\30\335\36P\36\330n'v\24\312\235.E\324\353\3143@\331"..., iov_len=4096}, {iov_base="\220\263\247\236V\200\264\0216:\35\311\243c\2113\n\"\17n \272\245\263\346\356\247\254\220\221\332'"..., iov_len=4096}], 2) = 8192
4131  read(3, "YDLa\260\217^\215a\347*\360\224\305Y\276\v_E,\322\267\205]\303\221\213\16vm\322\255"..., 8191) = 8191
4131  writev(4, [{iov_base="Z 2\322\343\266\355\16\352q\302~\336\30\212\257\337\0006\303E\202Q\351%\243\207\216\24\260ex"..., iov_len=4096}, {iov_base="A\355*\361h\34\2+\303J\350\363\212\245\1P\364} \226\205\235>@\374\6\271\256Pl\266)"..., iov_len=4096}], 2) = 8192
4131  read(3, "\31\370\372\240\0]'f5\7\362Tx\203\341i\204\201uh\257\366\231\266\10J\226\233i\256\f\323"..., 8191) = 8191
4131  writev(4, [{iov_base="\1\10\7\367o\4\35K\315c\327\357\257\376\203\262\271\233\304\34\264\217\365,\21J E\5q\220\236"..., iov_len=4096}, {iov_base="\2153\216\216x\364\23t\244w\20\256\234S\33}dP\362\2\375\311\311\347wV\26Z\200\216\347\365"..., iov_len=4096}], 2) = 8192
4131  read(3, "E\371\263oJ\30a)\v;\237\206M\363\224\277\204q]\213\350(\3244\26`\362\256\2417k\26"..., 8191) = 8191
4131  writev(4, [{iov_base="\273\260\200\347\202.\370\305\247\0224\217\207\26\327\212*\263\\\214A\241\365.Eo\341\213\231\253&\237"..., iov_len=4096}, {iov_base="\355\246\251\375\3204;\257\304.\252\2337\6\212\314`G\16\230A\325\335\353\214\252t\2463\267\206\201"..., iov_len=4096}], 2) = 8192
4131  read(3, "\375\304\273`\212\317e\274\256#\266\366:`QSZ\251\200\230w\234:\210\nI\362\224\360\360\257z"..., 8191) = 8191
4131  writev(4, [{iov_base="c\214g\312\273\34&\256\27\373\341\251a\213\241VuR\310Q%\326\247Dp\252\211*\373\177>D"..., iov_len=4096}, {iov_base="c\240\24\345\320\364jI\351\223\33\236\237\323\264\30\326\37\373gI\223D\246\273/`'\334\247{N"..., iov_len=4096}], 2) = 8192
4131  read(3, "\33p\332\5\37\275TP\254f\\$\321\273\250\310\247\336x\177\254l\177j.\v\270\371\316\241c\302"..., 8191) = 8191
4131  writev(4, [{iov_base="\1\356\\7\16b@\364m[\357\323\217\325\23\24l\tQ!\200\370a\317\355\301\\\373:K%\274"..., iov_len=4096}, {iov_base="n\24I\263\203)\275\216\23\275\16\4\32\17\256\35\21\1j\t\322$q\223\236I>5I$\343="..., iov_len=4096}], 2) = 8192
4131  read(3, "EC\260|\235\351\206\10\302\235\260\232T\"\346\362\260\236! \35\17\267Q\5\214\271O\227\263\347\4"..., 8191) = 8191
4131  writev(4, [{iov_base="\365c\243m\206\265\331\3629\373l8f\240e\252CD//\324\331\350\240\241Y\243\27\314\214<>"..., iov_len=4096}, {iov_base="\304\242~\2672\261.g\272NQthW,\2674\32#\4\22\23x\266}\6\275v\205\276pc"..., iov_len=4096}], 2) = 8192
4131  read(3, "\363\214)\331\330\2426\232;\370\267\231X\343wm\334kCP\r\23d\244\272\253\353\2\216\366\341\232"..., 8191) = 8191
4131  writev(4, [{iov_base="_A\367\316h\300\236\205\317da\241\277\30\255\334X\2520P\326\275\1\373\256 f\340eu\200\273"..., iov_len=4096}, {iov_base="&\327\10#\354\347lTE\300R\350\215\177;\22z\362<\203\226\220\332\26a~\341\264\324#\3|"..., iov_len=4096}], 2) = 8192
4131  read(3, "\276\230\37\320f#7\275[\355I\200+^\235\27\347\322\252\340\21,6W\253\342:\261$\25L\30"..., 8191) = 8191
4131  writev(4, [{iov_base="yR\312Z\261P\225\330pw\325e\222\230KU\365\222\310\346\326\225\311\244\323\361\252\235\363\31i'"..., iov_len=4096}, {iov_base="F+\32\327\2116\321\244@\344\24\321\34\313\32$V\340\357\24\24\337\"l'\350T\327\360\220\t\30"..., iov_len=4096}], 2) = 8192
4131  read(3, "\274\3,3\262\23\351\354v\253\5\256\22\347\21B\22{\367!^\376\342\343\23\340\365N\373\341\311\305"..., 8191) = 8191
4131  writev(4, [{iov_base="\202!\273\352\235x+5\334\264\30\334\372r0\213\360\376\177\325\304\331\311\330R(\373|B\321J\307"..., iov_len=4096}, {iov_base="\241\33\360E\354\n/\354\255$0\332\217\261Q\30\355s\337M;\353\223(\177\36\262v\264\326[\30"..., iov_len=4096}], 2) = 8192
4131  read(3, "\314\345\311\33674e\245\31\4VM\345\353D\3\363w{\3653\357\346\243\362\4\236\262\346D*F"..., 8191) = 8191
4131  writev(4, [{iov_base="\305\257~.\5*\254\3313\251\16\337O$K\r\270<:3G\20F\321\270\311\177\273\301Y\203\331"..., iov_len=4096}, {iov_base=",u;\5hA\343FM2\260\377\325\326\16\253yi\367\212\275g-4*\320\23\"\233\330[k"..., iov_len=4096}], 2) = 8192
4131  read(3, "S [\377\376:\313jj\4f\274\4\306\262\354p\365\377\272\210\36G\336J\17,2\324F\236\0"..., 8191) = 8191
4131  writev(4, [{iov_base="=`\323\22\256\\5%u\2225\372\310\340\177@\304\214jCOq\2\"\262\200&\304\334&\262\306"..., iov_len=4096}, {iov_base="\256\344\22\331v\316'\234\201\257\303\347\333wi\207\7\377\35\207%\260\214\"\213@\370\204\v\274x\276"..., iov_len=4096}], 2) = 8192
4131  read(3, "P\246\267\31\4\212C\356U\251\1\302\232x\354\241K?8[T9Y+\237k\232p->\207="..., 8191) = 8191
4131  writev(4, [{iov_base="\5\271\223\374\244iG7\f\344\ve\225\251R\30k\330\304z`\346\340\t\351\360\6Z\35\335{\244"..., iov_len=4096}, {iov_base="\306\357*p?\34W\34\252$0\263\321\34\233\261\272\31/-\353e$\202\225J\305\243o\355\210."..., iov_len=4096}], 2) = 8192
4131  read(3, "\17G\357a\266\363O\232\242\217\\\247=\16:^`a3\f\310\245\3400`\\*2\03341\17"..., 8191) = 8191
4131  writev(4, [{iov_base="\354\3209R(D\"G\2719\3456\317@\330\375i\255\335\276\354\217\327*h\220\32\262\245\305\325|"..., iov_len=4096}, {iov_base="\f\335u\212\243\247%\374ln\254\257h\211<\243(W\377]\201B\214\17\322\207\232\273F\22\377*"..., iov_len=4096}], 2) = 8192
4131  read(3, "\231d+\300NL?1BB\324\2457\210J\267V-\242\347U\346&\215\236\274@cm\267\252!"..., 8191) = 8191
4131  writev(4, [{iov_base="\375\f\346\221)\313\276x\370\337\30\201\224\363\234\5\310\25|\203\10\342\203\0l\223%\314c\276\231\206"..., iov_len=4096}, {iov_base="i\360h\220\37\17\235\361\324\2674ws]'\37\372U\320\332\364j\360.\315\365\362\263\343\352n\202"..., iov_len=4096}], 2) = 8192
4131  read(3, "\342\0257\262\234\323\350\f\225\362T,2\230\17I\2+>\364\21EE\271\31\213\347\337\4m_\214"..., 8191) = 8191
4131  writev(4, [{iov_base="\24\2\354\376\330\363\221\305\234'\f\241q\25\372\316\343\ny\5\22k\fc\366\321\266'wo\324\231"..., iov_len=4096}, {iov_base="\231\345\321\7W\324\376\200\27\264\326\215\246\214\244\f_\257\232\312\204\257TQ=r\3751-%\254\20"..., iov_len=4096}], 2) = 8192
4131  read(3, "\23\351~\252\361Z=#\344\274((,\306&\237\371P\0163\322V|{\27\371p\211\264\17'\267"..., 8191) = 8191
4131  writev(4, [{iov_base="\t\260\362\\\252\307\302UA\350\227\t\370\261O\354\274\352\277=d~\361\31\35\321\347z\300Y\275R"..., iov_len=4096}, {iov_base="$\262=Q{\330\263\240jZf\203mqG\266\224\34\354qi\275\316\2129$\240\321\33\322L\320"..., iov_len=4096}], 2) = 8192
4131  read(3, "a5\302\360\340\236\275R\331\225s\332\240/\10\210\237\17B\355\17\242\227\314\232\201\315j\210H\347\10"..., 8191) = 8191
4131  writev(4, [{iov_base="\276f|U\333\267\327\236\232>\305s\300>\333\352\327\336\243\373S^1\320\366\333\223]\255\267\306:"..., iov_len=4096}, {iov_base="\237\312\214\220}\273A\237\321\221\205D\254\342d8\260\342\26\225.\207\345%\231\234\26w\312\233J\324"..., iov_len=4096}], 2) = 8192
4131  read(3, "\206\350Q\317\241\333\257\34\377\224\f\264\274g)\350\277WZs\377\2\223XbbO\6N\205\3715"..., 8191) = 8191
4131  writev(4, [{iov_base="\376\227'[\316\346\177\264\20\212\360\270|\26\353\264\0350\354rA\r]/\374\225\23\242\7\224\316\236"..., iov_len=4096}, {iov_base="\3\250\21\255\263\20\223w\332\355\"\364\236\213Y7L\5Y\316S\0236d\216_A]``}\215"..., iov_len=4096}], 2) = 8192
4131  read(3, "\356\331\3533\203\305y\330k\267W8w\226\r[\337\254a\300\367,\306\353\363\215\3608\224}\302\222"..., 8191) = 8191
4131  writev(4, [{iov_base="),\2\300o\263af\21,\f\21\r\222\346\274\236\333\232A\327C\31n\200M/\321\304!,\223"..., iov_len=4096}, {iov_base="f?\322\235\225{\4\334m\240/\343\261W\276H\255l6\237\377\346\2446FN\332\340\326R$#"..., iov_len=4096}], 2) = 8192
4131  read(3, "\202_?\27/\323o\215\22<\317i\370\273\fN\333=43\\\232\23\340\36\300\23\266\266F\7\374"..., 8191) = 8191
4131  writev(4, [{iov_base="C\336\310\242\317\313\375\\W[\336(\265!%\373\355\362\311=-R\274\"\367\27\25\242\375\335\303T"..., iov_len=4096}, {iov_base="\356\313|;\202\264\246M0\342sn\247\276(n\332\343\305\357\267\36\347\204kg\317x\355\25\313\363"..., iov_len=4096}], 2) = 8192
4131  read(3, "\25\205\324\257\332\37\301=j\204\34\313`5\250\237\324\276\307\3300\355\351i,\326\36|\370/\3517"..., 8191) = 8191
4131  writev(4, [{iov_base="#\361R\274\342^\377;rP\35\233j\"t\303\27\317Y\355o\363A/\374\233\270\345V\323\333;"..., iov_len=4096}, {iov_base="#Y\267H\256m\fG\320\20]\5\215\7\226\36\35\334\31\251\276}#\313\277\377u\226\365W'="..., iov_len=4096}], 2) = 8192
4131  read(3, "{\321\21\"\2T_\330\2678\222\375\274\233\201\275F\326\231\213\370\10m\223\241\\\360\23?\274\\D"..., 8191) = 8191
4131  writev(4, [{iov_base="\237\263\264\220{9v\353<\375\221\216Cj\211\301\26\16s\340\3564\266\216\2032(\3311H\3639"..., iov_len=4096}, {iov_base="\305V\217 hM\227\26\2\325\215\0\353\361k\22\230\341t\312\\\213\17f\263\213\235\201\356\37\3\200"..., iov_len=4096}], 2) = 8192
4131  read(3, "@T\202S[5Y\177\231$\364~\245?\rL8q;\237H\262Q\247G\373\\G\246&\3415"..., 8191) = 8191
4131  writev(4, [{iov_base="5\21I\316\216}\322\332^ \303\n\234^\267\241\341}\365\33\225j\323u\310\351\363\3\371\367A\375"..., iov_len=4096}, {iov_base="m\205-\23XL\210\351r\337L-\207\304&\22\333c\325*\333\300\345\224\223\246\336S\215*\177\276"..., iov_len=4096}], 2) = 8192
4131  read(3, "Z@\2426\f\311\320\345\225\277\350\247\303\241y\217\274\33\300\5\22\373o<)\317\v\217\f\2355\220"..., 8191) = 8191
4131  writev(4, [{iov_base=")\261\206\34\3265\243\261\222BI\202w\263*\367\23\246^\307\324x\6\215IE\332\326\243\23\6\334"..., iov_len=4096}, {iov_base="\250415\365@/\215\200S\321)\2068gE\315Pq-d\3113\354\5,\220\244@%\217S"..., iov_len=4096}], 2) = 8192
4131  read(3, "\"\237\27\271M\1\307\351\354\302\t\340\240\260\263\337DR2\313\366\207R\257`\331\317\237R\225\204\203"..., 8191) = 8191
4131  writev(4, [{iov_base="\254Ij:\377\177\224]\227\7\246\314R7\341\33\10\305\242\310\213\250UQ8.\21\0017\36s\333"..., iov_len=4096}, {iov_base="5 \302\36\362\332\217\2607+}\212\10\17\370\212\252\366H\310\211\17\7\263\275H\370@e,\274="..., iov_len=4096}], 2) = 8192
4131  read(3, "\225\337BX^\231\345\251\365!\3474\267\344\251\0325\222\242\254{\210\7\207f\313\301\34\256/p\317"..., 8191) = 8191
4131  writev(4, [{iov_base="\365vv$vF\217Qd\363+\251\254C\207\336\275\212\275V\370U\5!E|\205\260\35g\26\205"..., iov_len=4096}, {iov_base="\317\226\274\275Em\23\r6\5\262Q\5H\367\363\240\275\314\263\3\30\300\367\372\352\343\316\336aj)"..., iov_len=4096}], 2) = 8192
4131  read(3, "3\252\304Y\272F\324\"qFg\4\227\0320 \323\214\261W\303L5\223<\227lE\256\254\271;"..., 8191) = 8191
4131  writev(4, [{iov_base="RzU\347mnF\27bm\31Q\366\240\201\225\300\24\354\332[\2\216\346n\302\210\374\220\271\350\347"..., iov_len=4096}, {iov_base="<D\346F\226\247\253\362\332\26$\35\33n\240\255\236%*\3653\37\257y\303\375d\262g\r\3740"..., iov_len=4096}], 2) = 8192
4131  read(3, "n\206\221\311k\301\367OU\250\367P0\26\357dY\342\271.\346435\224W\303\n\253\3431\213"..., 8191) = 8191
4131  writev(4, [{iov_base="\263\17N\t%z\315\345d\236\276\222\3144{Q\352\245\327k&\275\t\np\\3\220\273\2543\304"..., iov_len=4096}, {iov_base="\0011j\\k\367o\217\267+\226\310O2%\t\f\304\343\311\17@TL\361[\312\3373_S\365"..., iov_len=4096}], 2) = 8192
4131  read(3, "\205\273\342\255\2554\266\317@\216#D\312\240\256>kvc\204m\350\2,d\33s\"\35P%\247"..., 8191) = 8191
4131  writev(4, [{iov_base="\244X\232C3\17\360/S\f~\5\257\37j\255\1\346.\301\241{\257\365k\271\264\270_;O\5"..., iov_len=4096}, {iov_base="7\30\365s\367\39\333\217Z\356z\304\234\343\363Yu\302Gv\334;\205\226\313\22\v\1.R="..., iov_len=4096}], 2) = 8192
4131  read(3, "\264\215\3148\217\304b\304\346\350\237O\37\262|'m\200\333^v\347N\350\2722\212\241\324\334\337\241"..., 8191) = 8191
4131  writev(4, [{iov_base="O\347\326\312\347\361?\311\364(\220\26\2324\372\232op\30\t\246\370\26\"\220\253\223&\330\253\253\332"..., iov_len=4096}, {iov_base="r\276\217\375\5\305,+\265\1\340\255-\346\27-<\220K\351,\0106K\254\316\225s\237\210\253\337"..., iov_len=4096}], 2) = 8192
4131  read(3, "#\315\321'G\n\211W\377\273\243#c\24\274\32671A\372\262\315\306'\245\371-\214\336\177\275V"..., 8191) = 8191
4131  writev(4, [{iov_base="x\361\237\212\321\2752\300\276\26\36\341\317\355U\370l\260\342\177\231\10\241\\E>[\350\3328V-"..., iov_len=4096}, {iov_base="\357\272\210\230\371T\241\33\356\242\374\222\264\37Z\2\232\277h\334\260\302w\350\307\230\362\261\17\347\313|"..., iov_len=4096}], 2) = 8192
4131  read(3, "-O\252\366\207v\304\302\312A\234\69\266e\262\361\332/\264\340m\366/\226\0267f\252\321\304\370"..., 8191) = 8191
4131  writev(4, [{iov_base="\3117\270\377\244n\7\245\371\32\356\376rx\5\363\352\322oT\16\330R\177\251\367\277B\32\276\35\310"..., iov_len=4096}, {iov_base="\215u4\320\225\t\246\253\275\307\22\224I\335(+\t\27\217H\32\360\314#g\272\316;\200oxt"..., iov_len=4096}], 2) = 8192
4131  read(3, "d\204R\306F\304\212\374=V\343\272\33\237!w\333 \222\364\240\365\252\354\322o\273\367\361O\377/"..., 8191) = 8191
4131  writev(4, [{iov_base="}\200#D\225\v\255\207\312\246\240\307\263\376\23\1\336\310\360\327L\264\367L\230\327\n\36(\27\241\256"..., iov_len=4096}, {iov_base="B3\317$z\265\274\355h\nL\21\350\270\272\250\27\23\3371@\241\247\25\214\34dB5\377s\351"..., iov_len=4096}], 2) = 8192
4131  read(3, "K3c*\364r\204\377?\257\276\232\316b\317MLE\313#\272 \23C\243FG\300 \2217\275"..., 8191) = 8191
4131  writev(4, [{iov_base="v\33g\177x\325\266\0024s\344\20D\316ba.7o\371c9\235~\330\240Zhx{\252\360"..., iov_len=4096}, {iov_base="\347\253\31\247\357\205\206\322|\241}\202\362\334],\277\213Nw\350\214\236\20116\200\305\246\337P~"..., iov_len=4096}], 2) = 8192
4131  read(3, "\222\341\234N\316q\253\204t\302\317\261\r\t\26\336%\22\23\264\254\fEf%\227\fVj\266\23\342"..., 8191) = 8191
4131  writev(4, [{iov_base="\34\304l\237\324+9Tyi\322@}\26`-\235\34n\230\1\33\203}\373\27282n\244nN"..., iov_len=4096}, {iov_base="\4u\246\255\252L\276h\311\202\3]^\273\34\244l\234t\352\361DW|\264\33\r\244\267T5l"..., iov_len=4096}], 2) = 8192
4131  read(3, "\21\323\ryN\220\31\322\342\231a\225\350D\247z\241\347\276d\335\3\204FA\370\3076s\342X?"..., 8191) = 8191
4131  writev(4, [{iov_base="\27+\314\v\364\231x\311\325\252\210\375'\343F\3711\247Z23\234\330\221\214D\342\204;)8\371"..., iov_len=4096}, {iov_base="\237(6\372qg\31\365\276\333\10\241(\0353\25\310~/\235\364.\312\r\260\213\304\304\17\333\262z"..., iov_len=4096}], 2) = 8192
4131  read(3, "l\373\205)\206]L=\301YD%\221\246\230\360Xxmv\243JSf\267Qa\303\327Bh`"..., 8191) = 8191
4131  writev(4, [{iov_base="\206\222\370\21\222\275IW\331`\343`\363\0\273d!\25\233vB\21D\253\211I\364p\324\vq\313"..., iov_len=4096}, {iov_base="\366b|_\274FGT\212Q\">\217\313\373\310\3413\34\3e\217p\260\245<\330\271 xf\231"..., iov_len=4096}], 2) = 8192
4131  read(3, "\362\275\275\20\371\332\236$d\200u\246{\31\356\264\342\321\227\5\31\205\16\214\334T\276\26\261\230\367r"..., 8191) = 8191
4131  writev(4, [{iov_base="\201\211\363QEZ\345\365\23\17^\20\23\6\357ka\23\\Zq\"\222\216nC\350\363mF\24\347"..., iov_len=4096}, {iov_base="\337\2611\271~\32\207-\234R\"E\37\222\246\361m\212\234\v8\347\304!`7(}D\377\264\323"..., iov_len=4096}], 2) = 8192
4131  read(3, "x\350\250m\226\317\315,vj\2701C\r\276\376\203\241g\302\t\351\233$w\224$\261oE\331("..., 8191) = 8191
4131  writev(4, [{iov_base="U\3678%\24\226}\220<\277[\325\365l\0-W\212H\245kVB|3\2127\337\307`\343n"..., iov_len=4096}, {iov_base="\305.\210\326\303\34).j<\247&1\n\235\217\237\271\275\371\231L\265\270\207\316\25\323%\222\341 "..., iov_len=4096}], 2) = 8192
4131  read(3, "\26\216\345\314r\226q\215\252\36\315\351\2425!\3126\321\20\330CYu\37Hl\377\2666\230\230j"..., 8191) = 8191
4131  writev(4, [{iov_base="7\234x\365\256^\305l\t\245\232\33\302z\4\6\317\21\320\204\274Ye\266)\360K4\0321\r\321"..., iov_len=4096}, {iov_base="\231\371\305\201\274\177\337\345\212w\376?\17\200B>\353GA\205\304\5|\250$C\203z\331\210\211G"..., iov_len=4096}], 2) = 8192
4131  read(3, "ag\343s&\237\232|\310\203\210\365\4yx\204\311hy\17\311\213\32\321d\246\n9\27\5\303@"..., 8191) = 8191
4131  writev(4, [{iov_base="\350B\334\377l\262\261\26\36s\375^\7\23@\v\230 \375\240\302\265y\370\310\307\270h\267Z\v\235"..., iov_len=4096}, {iov_base="\305\270\257\247\3104,\r\322d\264\16\214v2\t\27\213\316\21\232\33\207a\32\10.R\2202\v,"..., iov_len=4096}], 2) = 8192
4131  read(3, "\376\334wzV\303\252\177\254e\362Wm\2034\326#\306W\277+\10\21\365\330_u\377\252\250\323\202"..., 8191) = 8191
4131  writev(4, [{iov_base="jk\322+AR\217\221V\352g\200\236U\34 \325\5\32\274\272\241\35\37|\220\3559>(\n\344"..., iov_len=4096}, {iov_base="\251\337\261\"B\376O:\217\310(6\357{\210\1:\300\357\25\332|\327\355s\322\16p[\207\357\245"..., iov_len=4096}], 2) = 8192
4131  read(3, "\306\255zG\205\33\373\252((\224:\367}\323\327;M\243\10\276%\305\216\373\265\360\321@y\31\v"..., 8191) = 8191
4131  writev(4, [{iov_base="!\220f\350\207\316\3J\\IZ\200&\6SG\252Biy\206{\264\265\24[\250\33\353\337-3"..., iov_len=4096}, {iov_base="\4Z\373qj\222\377_Q\2637UE*\372u({!0\232q\334r\17\333\313\314\223\3236\240"..., iov_len=4096}], 2) = 8192
4131  read(3, "\353\345\214\301\323C\244j\"s\321\252'\273\324\306\272\255\10J\2\tl\312\377\320\232\211\2274\264x"..., 8191) = 8191
4131  writev(4, [{iov_base="i\204\351\371\202kZ\321(\364\277=j+\n\334\305\243\347\251z\227\201\205c(\3P\212=\275}"..., iov_len=4096}, {iov_base="\37\307\314g\235W;Y\360Z\235\n\327\314\340\312(\216\361\320E\10<\371I\34\310\223j\6\211t"..., iov_len=4096}], 2) = 8192
4131  read(3, "iq\366\5\335\342\32H@\24\320 \220\204\274\24\245!\36\212:\256]jQ\337\356|@\2247@"..., 8191) = 8191
4131  writev(4, [{iov_base="F\300Xt\237z\341eI\t\247\342\2727z\247lh\237\300\273g\375\253\375m\22\325\"z\201\21"..., iov_len=4096}, {iov_base="\324{\246\263-?rATBt\20\33\344^\372JH\361\362\24\16p>\357*\334\337\320i\30/"..., iov_len=4096}], 2) = 8192
4131  read(3, "y@\304\3030:K\262wd\340\30}A\233!\302h`f\222,C\t\334b\240}\360\256a^"..., 8191) = 8191
4131  writev(4, [{iov_base="L\"\331i\252S\22`\304\233\204\3\203\2\302^G\20.\33\334\261\265\367%\224.\366\353\333\336+"..., iov_len=4096}, {iov_base="\211\261\274\205\334\226\341\226^\260d\246\300\232\263\22\340b\320H\\\230\366\0204-]\n\252\362o\310"..., iov_len=4096}], 2) = 8192
4131  read(3, "\32\"\27\237<\245\356~\313h`\213\256\357~\326&\351\320\r\325'\37P\276\4;,R\257-|"..., 8191) = 8191
4131  writev(4, [{iov_base="w\366\250\2701pOz\30O\267\245\372\274\6\17=-\24.`\353\211T<\223\360\336\350\363\250\263"..., iov_len=4096}, {iov_base="n\321 z\n\3\3{\2\375\35\377\366\343\1\232/\277\366\212\312\302\226g\353\241\t\360\323\375\31\274"..., iov_len=4096}], 2) = 8192
4131  read(3, "\302\0362\310\312\332\350\243\227lU\353\vr'\335\20\360\331;QO\200J\313\222\352w\274\376\332\4"..., 8191) = 8191
4131  writev(4, [{iov_base="\343\255\17\16^\364i\2\4\352\21\220\327\351L\251\337G2\252\273\t,\244\337\350\260\241\262\346\317\260"..., iov_len=4096}, {iov_base="@\306\17\246g\24\355\272%\376\270(\226<$\20si;0\251\376\362P!*Y\"/q\240#"..., iov_len=4096}], 2) = 8192
4131  read(3, "z~\334\356\376=\366\301\213d*\334\36q\2662\324\21\303USN;\f80TbS\250o\363"..., 8191) = 8191
4131  writev(4, [{iov_base="@\211p\f\22\202\23\255M-\300,\364\224\265\257\227\200>59\204\364\232\320\264\202\247\263J\264\233"..., iov_len=4096}, {iov_base="\3500\356\216\322\370\300\210\345FX\6\263\272\"<\352]\276\232\5\325\222\350\332\364\254$\323\325C\330"..., iov_len=4096}], 2) = 8192
4131  read(3, "\32)F\221G`\346k/O@\362\371\324`\1\231\2\203\373\271\10\37\305\234]m\210\25\346x\236"..., 8191) = 8191
4131  writev(4, [{iov_base="\10j\24\270W\227\211\207w\232]\214`R\2\336z\334\217\220_\21\7!\347\317\226\216\302MKk"..., iov_len=4096}, {iov_base="\365\356\32\243\342\rX\227\\\311\322ue\364\"\212\320\213U\251\207\315\21x\6\305\3633D\366\263t"..., iov_len=4096}], 2) = 8192
4131  read(3, "\306f\314\325jB\351\363C\335o\346\252a9\2577[\5\325G\352t5\24\351\26\207N\217_\374"..., 8191) = 8191
4131  writev(4, [{iov_base="\257\322\247s\317\212\r\37\276V\365\17\6}\333\325\34\36RY]|\3212t\n\n|\242$\214y"..., iov_len=4096}, {iov_base="\371l\217\354\275\250\230\356975\330\246F\0326Jt\326`\225X\271\277\211fuE\17\231\353)"..., iov_len=4096}], 2) = 8192
4131  read(3, "O\2G\363\267\35\32\255B\267tx\324fe[\315\355\215m\325\217\10\201!=\361\233\360\0\236 "..., 8191) = 8191
4131  writev(4, [{iov_base="B\21TS\315\274n$bO\24I\314\305\266\323\16\302\266\333\326j\314\215\364ez\6\355\26\37\320"..., iov_len=4096}, {iov_base="\360\226B\1x\303#\340\31\24Q\331\2436\232\324z\321\205U\24\347~Rqn\230\30\262Ba\361"..., iov_len=4096}], 2) = 8192
4131  read(3, "F`\250\3//\26\f\304.\267@\244\210\344A\353\20%]Ni\314\321\234\177\327u\364\204\\\221"..., 8191) = 8191
4131  writev(4, [{iov_base="\333\344\242\7\231\202\313r\304\"?\363\330:\341\250\325\216\336\363\276m\325\4*p%\4\31\352\4z"..., iov_len=4096}, {iov_base="\274\0.pE_h\267\272\0340\216dl7\225S\354\36\314\306]\257\265\240\356\274\345\333\252^\247"..., iov_len=4096}], 2) = 8192
4131  read(3, "\f\257V\4\356\316\343_-F\351\375\245\261\234Y\240\325\354\31)\30\10e=\347\277\344\270m\211k"..., 8191) = 8191
4131  writev(4, [{iov_base="\3358\340\\!\211\f\267\3\227/\356m\214\245w\241\311\355\21K\26\30\313Q\361pB\26O\0\337"..., iov_len=4096}, {iov_base="\37\333\364r2+)q\226\366\342\271\322\373A\343m\34\310\336\326\212\217\210\34\335\17A\331M\215\264"..., iov_len=4096}], 2) = 8192
4131  read(3, "\315A\253yf\275\272F\4c\36\273\237\213\0\201\322\262(\2357CqO\1\341\355\211/{\255\5"..., 8191) = 8191
4131  writev(4, [{iov_base="\214\26$\373\204\312\r\203\216\374\223\347\327\351-\226=\376f\256\324\330\3628`&\274\211\356\3634\r"..., iov_len=4096}, {iov_base="=\336h\346V\335\322\33\21\256]\321\236\321X?\232\217\24 \364X\354\240P7\225\335\216\373\306\10"..., iov_len=4096}], 2) = 8192
4131  read(3, "\346n\253\310\24\356\275\363[\375yvD\230\227\251g\250\203x\212\246\"\207;%\321I\340K\360\313"..., 8191) = 8191
4131  writev(4, [{iov_base="\2576^\277\2633\252\6\353\266\325b\35-,p\307\6\372\10\210\7\36\277\10\377\226\2MY\256\316"..., iov_len=4096}, {iov_base="=\\\357\351\323\361\263\"\370\256EU\275\376\347\231\363\260\35\177u\345\353\355|c\307\237\n\251\204\373"..., iov_len=4096}], 2) = 8192
4131  read(3, "$\253\357\356~;H\3\376K\322\271\7cGF\207@A/\262+\266I\37\313\222\342X\256\356B"..., 8191) = 8191
4131  writev(4, [{iov_base="\30b\26755!\20\210\303}\25\177\177\"\330\23!\225|'(*3\366 u\232'3\305\345 "..., iov_len=4096}, {iov_base="5\300C;.A\242\235\6!\201Q\335u\373\301\231<\313ZR\314\226s\\\261\330\36\313H\255\271"..., iov_len=4096}], 2) = 8192
4131  read(3, "Ro\17\271@\310n0\243b\251\334\373~]\272YE\375|\246My\3'\20N(#\271b\227"..., 8191) = 8191
4131  writev(4, [{iov_base="\377O\2633V\266\26\200\212\335\179\16\242\6.6\273;\215\231\321vQ:\241i1Q\367\6\325"..., iov_len=4096}, {iov_base="\305\3\340\216y\277\37'#\211\vC;\253\311\267l2\23!\332\342\\\20-\212}HP\301\4\360"..., iov_len=4096}], 2) = 8192
4131  read(3, "\320\365\363\305\243Tq\267\233%\211K)]\30\363qC\331V\30\204\32\306\211\225q{\v\24\3\207"..., 8191) = 8191
4131  writev(4, [{iov_base="\277\26\261\327\16S}\323:20\351\211C\16\315\226\331\310\243p>/\177\344)gq\3\305t\305"..., iov_len=4096}, {iov_base="\223\357P@<\205.\336\345\314\242\370\2707\357\343\370s\5;\257b-\17\235\250\257\374)\311\177>"..., iov_len=4096}], 2) = 8192
4131  read(3, "\205\214\241\10\242\313\331\3768\304VAdg\276\256[+\331\373\236\f\230\\\35&\257X\364\356\207)"..., 8191) = 8191
4131  writev(4, [{iov_base="\346l\224\360\324\214L\251=\350=L\206\334\214\304\213\250s5Ig\256\22\177\370W\363\261\347\352\353"..., iov_len=4096}, {iov_base="\270=\257\324G\3\315\305\203\267RF\326\252\30\200-\215\2525q\345Z\216\357\273\23\372\32\327\nI"..., iov_len=4096}], 2) = 8192
4131  read(3, "[\"\372h\34B\253\300\355\0077\352Jl\245\242+\305\215\31h\257\20\2364>B\262\177\270\363F"..., 8191) = 8191
4131  writev(4, [{iov_base="\360_\3001L\267!\356_[S\27\236\26\243s\2419\2\354\6\240O\212\333\330\237\255\6i\356\254"..., iov_len=4096}, {iov_base="\253n7\222\2200\267\363\0\346\366\22\300Qo/xe\344\32\332\274\332=\246\226*\210y\235X]"..., iov_len=4096}], 2) = 8192
4131  read(3, "v\266;&\302\214\5\245\300\217\300<\266\372\303;\nV\274\356\306\272\277\346Fr\310\362\201\200+m"..., 8191) = 8191
4131  writev(4, [{iov_base="M\7\250\367\1\\2\213L\32N\263\232\206\318[\3623\256:\201\237[\301\212\376\t\313q!\236"..., iov_len=4096}, {iov_base="\227\31\216\364\250\24\177\313\5|\301\232\311v\231\376\347\1\206%\317[j\31\226\20\3\344\214j\365c"..., iov_len=4096}], 2) = 8192
4131  read(3, "\375D\255P3-(Feg\367\2DU|4\265\231\326/\226_? =p\366\377N\300\356\370"..., 8191) = 8191
4131  writev(4, [{iov_base="\267\233XRT\202@\350L&\0\253\301\33\344_\221\17\247\363b6j~3\3266\232@\v\306\252"..., iov_len=4096}, {iov_base="\217\200\264\232\370\17p\327L\225\275M\33=i\366i\220\252\341<\204\";F\301~\325\205\346\24\277"..., iov_len=4096}], 2) = 8192
4131  read(3, "\37\374\313\366\365\341\16\303\26\356<\364\203\363\313C\313\33\250\224\203\t(+\252H'\347HpO\240"..., 8191) = 8191
4131  writev(4, [{iov_base="\345\351\273\300\200\315\341\v\264\233W\334;\305\360\3sX\3029\335\215\203e\230\0224\307l-\322\264"..., iov_len=4096}, {iov_base="\342\20\353\244\36\255\355\21\344\363j\302\325\216i\333\260q\302l\273\357\353\373\0256[\376q\362Y\300"..., iov_len=4096}], 2) = 8192
4131  read(3, "\330I\320\377\224\2659\320ng\227\350n\251a\245\310\0p\343kiu\337a\225\230ES\323m "..., 8191) = 8191
4131  writev(4, [{iov_base="\36\215\33\32k\367gU\212\246\33\237\321\201\253\204\373&Z\263|\255}!\242H\231\313\23\261\275q"..., iov_len=4096}, {iov_base="\5u\365/f\361\313\327B8\253fD(\224/\243\32\355|\370\16\362\2612\334\254(\370\352\326\330"..., iov_len=4096}], 2) = 8192
4131  read(3, "B\231\241\225\234g\340\332\320i;\371\355\221\264\363\253\370\340\247F\322\330t\250\226\0024\251\31\2001"..., 8191) = 8191
4131  writev(4, [{iov_base="\255\346\23w\256\230\321\236\212\366\4I1b],\364\204\363F\310I\207\330\344\2301\5O\274\341\222"..., iov_len=4096}, {iov_base="L)\212\250\205R]*\177\343u\10\242~\377@\270\10\274_l\245igvW\242\346\205<d\353"..., iov_len=4096}], 2) = 8192
4131  read(3, "3Wq \304v\273DFG\1\220\251o\376T\24\20\317\361\200$\264J\346=\202g\332\376,x"..., 8191) = 8191
4131  writev(4, [{iov_base="\27\307h\343\200lW\10\272;=\211\t\274\200\273\26\323\1w\302\306\261\21F\2432d\340`\206S"..., iov_len=4096}, {iov_base="Y\21\21R\26\4\355{\243\23\350\233\324\355w\10)\7\n\205\373J\220\315\24\36i\330\275\0lR"..., iov_len=4096}], 2) = 8192
4131  read(3, "\304\231\343Bh\311\31411\326>\236\202\210\t;\17\334\213x\300#\354\246\3510\377\363\7\210\267,"..., 8191) = 8191
4131  writev(4, [{iov_base="\30\213\306\275C\272\254\35&\275\260\364\210Sq\274\270\333\r\302\247\361Vw\372\243\364:+\224\264\375"..., iov_len=4096}, {iov_base="\302\260\304\254f\31\307\225_\316\260R\346\22\364!Uu\243\25\377\177b\22\374\350'c\257\342M\364"..., iov_len=4096}], 2) = 8192
4131  read(3, "\313ua/g\301\207&\377u\251\244\203\202\3\333Zxs\346x\210\360\353\333A+\213\216B\264\32"..., 8191) = 8191
4131  writev(4, [{iov_base="=\361h\313VP)\312\267\211I\232l+\305\4\1\246\270D\320\253\224g\36\221\16\241\34J'\324"..., iov_len=4096}, {iov_base="\240H\30\343\26?\200\270?\370\277\322\220\266\353\200\215\211\367\31\211\"\247\263\275H\6v\17=sA"..., iov_len=4096}], 2) = 8192
4131  read(3, "kjhO0\344\1<\256\22\330\"\304<\207Tp\353\34\344\203maU(u\247\240!\237\21\327"..., 8191) = 8191
4131  writev(4, [{iov_base="k\260\243(\274\230t\203U\36\35\327/`=\326\273eZQ~\332\tHf\6\370.\211\377`b"..., iov_len=4096}, {iov_base=">h%3QHN\363X!k.-e\352F\266\\l\353\236h\7\3122\241!\21\213z\304W"..., iov_len=4096}], 2) = 8192
4131  read(3, "g\343\fX~\310Y\316P\17\322\323C9\4\31u\374?\277\16\303\37V\321\210\301\17\237\305\303\204"..., 8191) = 8191
4131  writev(4, [{iov_base="\363u\207\346\214j\26,8\27\31\25\27o\241\30\332QRp\212z=\212\375w\255.\375V3\345"..., iov_len=4096}, {iov_base="\20\262\240\300`%\31\34b3\225\337\364>\354\20I:0\302\260.\354\316\264\226\206\v\2736\261\21"..., iov_len=4096}], 2) = 8192
4131  read(3, "Q\305\235\344\341\355-\235\26\\\370\33\f\252\177b\255\325#\2\353\0\357f>\300\0\226\357\216\317\7"..., 8191) = 8191
4131  writev(4, [{iov_base="\16\304\31\226\336\254\320\213\2705\262\350\324jzZ!,\277\274\264%\33\200ttg\341\264_k\204"..., iov_len=4096}, {iov_base="`\334\33\341\275E\1[\261_~_\5e\34\231\16\347X\33\1\207Aq\367\210l!g?\2432"..., iov_len=4096}], 2) = 8192
4131  read(3, "\244\\\221\345\320\\j\317S\363\305?qcx\tf0MX(dl`0\300\277\273>-\240("..., 8191) = 8191
4131  writev(4, [{iov_base="\4\341\216\223\360dM\271;\30A@\231\272\376\223\236M\250a\230\31\233\22\207\202\2\336 \232Zd"..., iov_len=4096}, {iov_base="?t\\\331\204\"\316J\313\232\357\242N\33\26k\366\317\21|3\31e\221_\22\267\237\345\32\371l"..., iov_len=4096}], 2) = 8192
4131  read(3, "\3004\355K\236p\261\224#\32\222\260mK\37\234\225F\245\302\323\203\360\230\276<\260\311\314\346g\311"..., 8191) = 8191
4131  writev(4, [{iov_base="\231qlU\337\344\351\227\241\242\7\200V\241\225\361|\252\320\376\212\336<\237\242&\2e\315+4j"..., iov_len=4096}, {iov_base="\347Pc\230\366^\276rF\252\262O\346\204z\261\267\353\326\267!\324%\336q\30\253c\353\251\241\327"..., iov_len=4096}], 2) = 8192
4131  read(3, "\302\234\373\3627'\257\311\245\"\236\204\370\317\257\200-\243JX\177(\333\367p9N\257\337\325\344!"..., 8191) = 8191
4131  writev(4, [{iov_base="\326\324\216\360\2K\256f\302$\17)II\363\276\223b=\203\22D[\35\2706\350>\245\307\205\334"..., iov_len=4096}, {iov_base="\346R\270T\311\250s;\3021>\213\2668s\343\341\362x3\322\17\3j\227j\365\216\256\341x\203"..., iov_len=4096}], 2) = 8192
4131  read(3, "bS\306eO\311(T\326-\351h\21i\361\227b\237\26\3631/Q\224l\313s\266\217\201\350\235"..., 8191) = 8191
4131  writev(4, [{iov_base="\252\300W\254juWt\303\205oI\217\205\253\273O\304\301-\336<O\300C\232\306c#\363\17'"..., iov_len=4096}, {iov_base="\4\")4\274\340\206\3254\202\356LI\262\232\217\n\211\347\26\221\177\317\327\262\2160\2136\243\215\254"..., iov_len=4096}], 2) = 8192
4131  read(3, "!N4A\336%\17X\3\377@l\374\212@\f\207\246TD\226$\222g|]\314\313\331v\266\370"..., 8191) = 8191
4131  writev(4, [{iov_base="\364p\24\203>^Ff\24\327\3651\f=.\353v\t\317\376=D\266\310\240\21]/#j\265>"..., iov_len=4096}, {iov_base="\267L\273:\273\356\325\214\377<\7\242\177\\b\357\306i\2.\310S\247z\304`O\332C\307\217\201"..., iov_len=4096}], 2) = 8192
4131  read(3, "6\375\377F\275\271\214\203\340\nE?\5W\22\10\323\204p\244\262\360\325\254-=7 \365y\300\357"..., 8191) = 8191
4131  writev(4, [{iov_base="^\347r\33F;>5rg'\301\3255\2345\225I\237\1wl\30\345D\305\262g\177\262\375\206"..., iov_len=4096}, {iov_base="L\1\\\3\204\317\5Ruy\23S\321\r+9#\333:?\251\224\320Wo\346\205\222#%n\275"..., iov_len=4096}], 2) = 8192
4131  read(3, "\206\27\24\361\265\245\366X@\22t\214\22f;lM_\303\16m\205\232\340\233\211\340\276\303\324\35\360"..., 8191) = 8191
4131  writev(4, [{iov_base="\235f9S4\345#\25+\321\237\351\201)\203\364\332^\216\301\254\10\242\353\275\0162\27\256+1\261"..., iov_len=4096}, {iov_base="v\200#\365\260{P\253;\2709\365\365,\354\334\267PQ\1\300b\26\326\206Fwz\364S\n\356"..., iov_len=4096}], 2) = 8192
4131  read(3, "r\32\377\363`1gk\244\235\327\t`\306:iRk\327\220\nl\220\304\3\310XL\232\376\f."..., 8191) = 8191
4131  writev(4, [{iov_base="R\267\232,\37\331~_[\337<\20\215\246y$*\3\304_\264\32\24\320\361\200\251\371\237\273\363\215"..., iov_len=4096}, {iov_base="\371\311@7\357W\24\v\30>-\253 ~\316\376$u\304\213\377\24\350\377\217Z\301G5\367)b"..., iov_len=4096}], 2) = 8192
4131  read(3, "\371\264\262K<\223\1\317\367\273\205g\177\273\246\271@\245\217\361\231O\211t\240\250R\207\\\303\221\345"..., 8191) = 8191
4131  writev(4, [{iov_base="\27\234\256\353\343\314A\353s\313\n\205\262t\214\16iL\374XK\23\274\317\1P\277:\23\234\247\274"..., iov_len=4096}, {iov_base="\316\224\311\334gn\361\30\347\376U\207<x*x8>*\252\206\201\365\34\245\235\5\231W\16\227\274"..., iov_len=4096}], 2) = 8192
4131  read(3, "\267\372\330\372\v\17B\226\235\234\311\r\21\331\34\357V\272`\205\271\26g\201\373\23\311\217\354\277\231\313"..., 8191) = 8191
4131  writev(4, [{iov_base="/\344\326\310\205\376\302L\216\257\376\0he]\372\303\276'\342iV0\330,\37{\275\363S\205\311"..., iov_len=4096}, {iov_base="Sm\24\247\272H\374\270*\350i\3673\316/*\242e\271\225\201\34\276\242\317\25\326j\374\242 C"..., iov_len=4096}], 2) = 8192
4131  read(3, "e\2\243,x\26\321\362v\237\277\204i|N_\22\255{\376\21\374>>\255Z3\260\217\356\4\r"..., 8191) = 8191
4131  writev(4, [{iov_base="Y\232\16a\"\24\276_\377^_\207\367\262\231 m$\302p\274\0340\345\32C0\25\0\373@L"..., iov_len=4096}, {iov_base="8\324\302\2106\214!\371\311\363[\272\224,\355#\376\25\6\3028\307\227\332\321\271\213\205\2159\\\257"..., iov_len=4096}], 2) = 8192
4131  read(3, "k\221\373z\241.Y3\366\2316\255r\203\221\242v\306\2O\217\242G\346r\260\237\364\316Tn7"..., 8191) = 8191
4131  writev(4, [{iov_base="X\251\372\317\33\244\320\267b,\307\367\n\301\331m\252\262\263\222\362v\200\273\220\312\245\214u\266\246\273"..., iov_len=4096}, {iov_base="\5.(\320\366\260F3\227\350\266\356\25\33\305\244\331j\364oq\243-\3339p\30\343n\1q\17"..., iov_len=4096}], 2) = 8192
4131  read(3, "\21j\"<1\1\251\237\354\357M\341H\345\355\220\237\317\245\23\350\243\223zl\320m\337N\35o\340"..., 8191) = 8191
4131  writev(4, [{iov_base="X\320\352\252\201@\320)\254'h\35\351\377G}8-3h\250\1777\234-u\2578\216)\4\254"..., iov_len=4096}, {iov_base="\321\276z\3330\364W\277%\3148\361\261m\314\357\265\330q\236\374tB\210S[~\v5\200P!"..., iov_len=4096}], 2) = 8192
4131  read(3, ".\3\262;\32\3362\324e\25\320\216\16P\311\202\261\366\260(\233u\33\362\355\10qg\246\2710\245"..., 8191) = 8191
4131  writev(4, [{iov_base="\223~\205\271}\271\177q\231\\|.\21X\332\260@\352\fk\221c\342}\335\311\232X\200M&_"..., iov_len=4096}, {iov_base="?\311M\3360\266\343{r\35\342A\r?U!\206\306N\3\33\250\365\3Qh\330Mh<\202\277"..., iov_len=4096}], 2) = 8192
4131  read(3, "[m\354{\236yYm\27x<d\212\5\306\213\344\220\24)\22\342\207\311\256n\322\277k\247*\302"..., 8191) = 8191
4131  writev(4, [{iov_base="\4V#\275=\207\234+h\275T\254&GA\347\27&i\313\314\201\321\243\217\317\200\"\274\365\300\372"..., iov_len=4096}, {iov_base="\260\211n\271\226\322\363`\377\261\255\332\30\273\245\217\304n_;oH\324\220\235\330\231'\3445\f\20"..., iov_len=4096}], 2) = 8192
4131  read(3, "U\20\260\327\204Q2\236\322\34\215a<la\"\\\320T\356\242\202\326\2473\230{\344aHd\354"..., 8191) = 8191
4131  writev(4, [{iov_base="\211\374\321\312;\16\350\375\272=L\375r\317\245\332\371\274~\367\234\20\362\227\27\364\306\251\217o\230\335"..., iov_len=4096}, {iov_base=";\204\242\366\r=\227\236\250'\317}\246\200\315\342XiU\240\32\376\217d\363\351\266\220>\330\240\307"..., iov_len=4096}], 2) = 8192
4131  read(3, "\36\344\244\30\273\213*\377\330\231\373\366=\353)\321^\21\373y\357\344\326{\362cY\332\252\265\257\361"..., 8191) = 8191
4131  writev(4, [{iov_base="R\341\323rr\266D\201\231\251=>c\0340\217\270\212\362\3\202\247>\16\222m}Y$7j\362"..., iov_len=4096}, {iov_base="N\231h\212\211\257\n\207\370\207j\204\275\225#\3\344\22\216\306h\3C\261xj\20X\320z4\210"..., iov_len=4096}], 2) = 8192
4131  read(3, "I9\322\264E\353y\5\350&\326\357c\6\235\6d\35\322\314,\243\317\20\231\316\335?92\367\305"..., 8191) = 8191
4131  writev(4, [{iov_base="(\264![\267\327\220\344Q'O\307\204\3240?\353O\253p\216;\250\241\265W\342\373\21\364\275-"..., iov_len=4096}, {iov_base="/\t\330m7\31\361{\247\221\22N},\6\27\35\260\364\222\243n\"uS\355\16\214\316\352\362d"..., iov_len=4096}], 2) = 8192
4131  read(3, "~B\345\331\200\213\2\275\0k\301\346\206\337\370\351\2\317\7\27\236\220\202\"\16\327\234_\n\245\243$"..., 8191) = 8191
4131  writev(4, [{iov_base="6\223'\3G\363\34~\5c\337\30}\203\302k\240\267\255\316\f\212(\236`\0<2\n\267\201\303"..., iov_len=4096}, {iov_base="\323\225\321\3530\254\232``\305\f0c\220\2Hb\226]=\250b\4\267\230\352\351\17\230\341\242`"..., iov_len=4096}], 2) = 8192
4131  read(3, "Q\305X\24\307?\356D\2\271\203w\302\265\354WgS\252\260\343*\31<BR\371\342\302]h\250"..., 8191) = 8191
4131  writev(4, [{iov_base="\206\361\231\r\362\326R\3511\217\344\221\225\360}\314U\366\n\262\31\246\205\351\346QyU_\265F\37"..., iov_len=4096}, {iov_base="n\360\314C\354\301R\221<\253\203\370?k\265\354\306{\362\17\346\332\272\n\362\264\3c\354*}\177"..., iov_len=4096}], 2) = 8192
4131  read(3, "}l\303\2546\321\246\2558\32\203V3\357\244\352\364\214\341d\246\250\275\326\23\226\206x\221\222b\375"..., 8191) = 8191
4131  writev(4, [{iov_base="&\352\260\304\377R\347\v\214\30{p\312\3449n2\\!\277\271a\345x\347O\224J\340\215)."..., iov_len=4096}, {iov_base="\37:\2\222r\246+\227\335\363\255\256\277\24\240vZ\6\305CBq\1yx\261\10\324\376\2555 "..., iov_len=4096}], 2) = 8192
4131  read(3, "\f\321\256\357\266L\362k\227\267\203\312z\272\276=\0\361O0\372\244\247\215\304\331,\360e\346%9"..., 8191) = 8191
4131  writev(4, [{iov_base="6\331\300\256\361\312\5\33\277\257#\232u6\226\236\355\24\373\230\306\r\341\367P\r\345\5f\335wj"..., iov_len=4096}, {iov_base=".\316\v\203\363B\336\262\372b\346:\313\n\262\343 \0\354\250\37\6k\t\265\231K14\266\177\266"..., iov_len=4096}], 2) = 8192
4131  read(3, "\333\327\354\330\216\\~'\323\31Z\326\347\320bh<\"ZR\221\374N\220\364\20x\3\3265\214 "..., 8191) = 8191
4131  writev(4, [{iov_base="\21\25\3645Fmj\274\16\232L\10\226n\332\316D\21U\322'\206\3.\245\320\365\362\312@k\220"..., iov_len=4096}, {iov_base="\230Q,\35\212\230\0042\223\337\25/\n,\20\344\fV\306s\306\213uQ\257\373\356\212\342l\220\364"..., iov_len=4096}], 2) = 8192
4131  read(3, "L\v\363\272\276!\270\255\303n\357|nv9qbi\372\315\320\"1\27n\342m@>+\336,"..., 8191) = 8191
4131  writev(4, [{iov_base="v\253p\203\254\221\353\343\363\332\200\242\32\315\237a\255\300\217\25G\363q\353l\224\342\373Q@\351\20"..., iov_len=4096}, {iov_base="\276\361\177\376Ib\312\377\t!\274\220\355\220\20\332\10+SS5\210\317\351\224\3027`6\"\231\33"..., iov_len=4096}], 2) = 8192
4131  read(3, "\r\341/)(\333\210,\f\3629M\373\224\fe\371_)\364 \264\32*\345\237\263\374z\346\340&"..., 8191) = 8191
4131  writev(4, [{iov_base="h,\352E\267\360\343{Y%\372\333\177\372\231q\232E\227\363\tC\247\360Wi\205\vd\215w\224"..., iov_len=4096}, {iov_base="5d\335o\3279v\356\231\375\224\36t\305'\333\207\314C\\65\242!\234\300\35\241l\333\0."..., iov_len=4096}], 2) = 8192
4131  read(3, "$\274\276S9\316\314\312N\371\366\252\32\255\36\257x\270\376\307\3lta\327\260\2\207\255\204\234\315"..., 8191) = 8191
4131  writev(4, [{iov_base="F\216\362\337\217\224\307G\376\213\253\305o\235\367\366\3500Z\237\305|\33\366:M\243\240\341\276\272\207"..., iov_len=4096}, {iov_base="N\337\0XijcuX\3677)|ej\267Ef\245\277\220\24\220\273W\253\342;\256=\351\277"..., iov_len=4096}], 2) = 8192
4131  read(3, ",\33\340V\364O\307\376\236\377\217#\212\33\317\331\3660\357q\311\20\327\214\210\32\223I\354\217\323u"..., 8191) = 8191
4131  writev(4, [{iov_base="\351vg\273\325!2V\210\254M\250J\372\321\227g\265(8\321\3607c\26 \37\23|8\26V"..., iov_len=4096}, {iov_base="\356Z\241\"\310\270\177bQzpG3y\26\315 &\17\23\5\341`l\370U\325\48z\366\t"..., iov_len=4096}], 2) = 8192
4131  read(3, "\t\346/8\3119?\233\233\343\t\260\360TpV\204\6\30\177\257\307\310\321\307h]2\346\221\346\237"..., 8191) = 8191
4131  writev(4, [{iov_base="\340\22\261\326\363\7\275\202sL;\350N\310\0\273\203h\255\t\373B\226\\WC\372\256\361xEb"..., iov_len=4096}, {iov_base="\217\346%\10\200\312\220\341_\262Tr\20\6a\r\315+\4\21\241\21\261\22\37_\263/A\225\326\232"..., iov_len=4096}], 2) = 8192
4131  read(3, "\262\36\330\200\347N\213u\211\300\353\356\31\355{\315$\37\372Y\3\315\244\355\364\36?\37\367\265\352\371"..., 8191) = 8191
4131  writev(4, [{iov_base="\317=p\26\221\304_\346;\31\24\222\265\254o\346\365\323\354\302\242\350\265&R\340\n\33471\323C"..., iov_len=4096}, {iov_base="\24\f1\312\333\377^\363\300\2434\212\272\364\0\r\254R\265G?\217\36\1vmg\240/<\267\6"..., iov_len=4096}], 2) = 8192
4131  read(3, "\r\362\300]vU\336\310t[\20\336S\243jkXp~\201|\\R\260$\23\t\207\264\307\207\376"..., 8191) = 8191
4131  writev(4, [{iov_base=".\257\n\1\255.;\237\250,\360\260nL\307Bx\3415\251x\31\\\3069\36\230M6\25\303\24"..., iov_len=4096}, {iov_base="\352\36sK\220o\240PB\307\303\373GS\334$\250\322Q\343Z+\221\177\266\322\311\357\f\342\266\303"..., iov_len=4096}], 2) = 8192
4131  read(3, "\320\344OA5\330Lh\201G\335\1\256\326u\207\224\376(\263*\204\16\0\222\364\211\324\24\n\223\t"..., 8191) = 8191
4131  writev(4, [{iov_base="+\342\223\377@\364\304\327\360\371*\374\212\203J*U\371\321zp\343\n\261\223\311c\372\2\200\263\31"..., iov_len=4096}, {iov_base="\344\202f\245\320\301\324\3\354\205R\273\266/\f R1(\371\370\360\25\307\362\274^E\2423\16\327"..., iov_len=4096}], 2) = 8192
4131  read(3, "1;\272\6\26\316\35\265\242\371't.\220\362m\09~w6\312Q5cm\251q?t|\332"..., 8191) = 8191
4131  writev(4, [{iov_base="0&G\360qn\320\314LLx\211\220\230J\352\202\347@\27\345\361\204o\5$\352\375\323\373\322\204"..., iov_len=4096}, {iov_base="1\375U\25\223\366Q\200S\302\303\247\252\177a\327\201\tr#\342b@\33hO\366t7\25x\347"..., iov_len=4096}], 2) = 8192
4131  read(3, "\27Kp\n\3X\312\236&E\3\240\310,\236P\242_{y\255>G\352\324\0024_\1\r2\f"..., 8191) = 8191
4131  writev(4, [{iov_base="\2234\343\366\262F=Y\376+#\312\203Q\360\376Q\336\353w||\327\306\323\1\33\316V\372\355^"..., iov_len=4096}, {iov_base="\337\26\177{\24\3443\227\260n\370\231\346L\30\367\305\226\3577\n\226\236 \252\367\253u\347Xif"..., iov_len=4096}], 2) = 8192
4131  read(3, "\275\2\352\342\227\37\0i\354\3204\0106\325\336\341\20\"\272\2\203E1\307\363\230z\10\30pE\200"..., 8191) = 8191
4131  writev(4, [{iov_base=";RS\")!o\226B\372\234\204\372{2\236\nZ\257F\342Y[T%&30\20\323=N"..., iov_len=4096}, {iov_base="<\353\20M\313\35(\267\320\266\236\315\253\327\274&\3{\273\3004\335\33\361\362\212\361\2651\252\364\300"..., iov_len=4096}], 2) = 8192
4131  read(3, "\334\237\305\233\244\206\36\263\274\367\362\4)\247\2009\317\r\357\336\246\336\205\245\201@-E\205\331\35\325"..., 8191) = 8191
4131  writev(4, [{iov_base="\334<`\205\364V\215\30\226\230\1\330\0075*\21s\324\17\334l\206\242q;\23\224*\266-08"..., iov_len=4096}, {iov_base="\22\240t\3\321\345\227\27~\334\306\376\231y3\21{T\302\265^b\215'\322V\265\5U\321\266+"..., iov_len=4096}], 2) = 8192
4131  read(3, "\260MA\353\246\250F\355\ru\332\377J\207\25\216v\27E\336,6\255}F0,mK\206\361_"..., 8191) = 8191
4131  writev(4, [{iov_base="\36c\0\247\16\367\325\332@\r3\344G\232\267\233E\3717]\331\23\270L\30\34\335\20\317\0167\211"..., iov_len=4096}, {iov_base="\210n\263\25\316\263\353\232\312-\275}\372\272\261\\\27\n\211\1\3204{]\27_\363T\\$C\251"..., iov_len=4096}], 2) = 8192
4131  read(3, "\301\365<\27\325\"\32>\330\306\255\217\337\321\221\23\260tGP\230\204\267qq\24c\6\333\363\233["..., 8191) = 8191
4131  writev(4, [{iov_base="V\265\214Z\215\321k4n\355m\20%\220M\367\3221\315L\244=C\4\204\345\215\321\223\3\3\200"..., iov_len=4096}, {iov_base="S\33\252\250zfa\32Mv`&\7\34\357\1\303.\344y~\216\364RJCU\265\375mt\212"..., iov_len=4096}], 2) = 8192
4131  read(3, "\213\33\312\267J\221\313\31z\367h0l\30\310\250\7\206\32\266\31\370\377L\372D\2\30\265\352\376t"..., 8191) = 8191
4131  writev(4, [{iov_base="\2f\311U\210R\265\230*8C+t\251,\313\204J\36\3771\37\370\242:{9\375Y\262\361:"..., iov_len=4096}, {iov_base="p\21\325Zv \247|\360R\344\373\25\206\244\373%\fs\306\357,v\256\222\1\366\210i\323\233\267"..., iov_len=4096}], 2) = 8192
4131  read(3, "\317\\\207\366_\324.\2605\210\341\r\325\344[p\372\2056c\265\351\f\363\3339\367\263\353\362\311\32"..., 8191) = 8191
4131  writev(4, [{iov_base="\30\244\304B\246\206I{!\342\306\247\23V\30\302\354\1\355\353a\325h>\342\3037O\246\20\245\3"..., iov_len=4096}, {iov_base="\325\331\37k\262XR\334\220\273@\r\352\n\34\357\16<\f\33\226\233|\253\1~{1\370>b\264"..., iov_len=4096}], 2) = 8192
4131  read(3, "R\260\211\352\236\5\202\354Pb\352k\217:r\n;1\333%\200\332\323\0\334(M4\265\16\265%"..., 8191) = 8191
4131  writev(4, [{iov_base=",\316\r\375\263\36\300oa\302\0\351\226\222>\336L\t\246\203%\371}\36\n\32\366wPH\301~"..., iov_len=4096}, {iov_base="\305\354H\234\316\214\270\323y\366\17\374++\246\350y\277|\221\361w\314\330f\200 \211\342\10y\337"..., iov_len=4096}], 2) = 8192
4131  read(3, "y\201\256G$<\334\37\314\177]\0266\335\352\367$g\345>Q\363n\363\363^>\306jW\274\355"..., 8191) = 8191
4131  writev(4, [{iov_base="\217 \237s\307\37\266\233K\217\20524\316\260\227\375\237H\24\254\356d\377\222\220\33\367R\350ir"..., iov_len=4096}, {iov_base="\255\305\372V,\306*\32\342!\243-\272&\v\332\276<93R\33\306\376\344q\275=\244A\240H"..., iov_len=4096}], 2) = 8192
4131  read(3, "Am\264\27\322\3%\36-\347\233\256\345ZX\241\v\360\320\347\255qdLl:8\\e\370\362\27"..., 8191) = 8191
4131  writev(4, [{iov_base="7\364\36z\320\377\3\25\10\310 7l0\357H\376Oa*\347\346\7\367\345f\251\1\234\332\373\16"..., iov_len=4096}, {iov_base="\367\22S\330pW\v\347W|\226z?\324\324\n\1I8a\0357\213\245\211\20\224\2\346\20U\365"..., iov_len=4096}], 2) = 8192
4131  read(3, "?25l\315J\305\33^@\375\274V\264\264\327,B\335\22\234\263\367\257\364\265|\17\375{|_"..., 8191) = 8191
4131  writev(4, [{iov_base="Q\351\337=\300\37\17<\367]%\342\372\343\301g=R\345W\354\241\360R\241\223#[\0072\0104"..., iov_len=4096}, {iov_base="#-^\257\370c\302T\302\22\222\327\377\317\376]P%\36\330u\"\367\270\373\2436\340\226\341l2"..., iov_len=4096}], 2) = 8192
4131  read(3, "\331b\354%\35I\224\246\255d\240f\16\34R\237 \273\277\333#\4\r\25qN\246\302\0\234:\337"..., 8191) = 8191
4131  writev(4, [{iov_base="\242\n\352e\312K\351v\364H-Yz7]\363;f)1\376\245\264\331\333J\323\33e\354\334\237"..., iov_len=4096}, {iov_base="\314\227}C\324\2\346\367Y\371\223\243\364\310\10a\3\271vl\240?\271\0274\244u\375\251\237\f\353"..., iov_len=4096}], 2) = 8192
4131  read(3, "V\254\242KVU\244q\351\235\3645\337\204\3357\240\\\203\233\17\303\221\237\227\254\331r\274O\322\206"..., 8191) = 8191
4131  writev(4, [{iov_base="y\34\3324\322;7.$A^=E\234\20k\26\327Bx\226!i\351\210\374\200M\225\237\245\212"..., iov_len=4096}, {iov_base=".\263/\26\235\325\r\213\331J\307\375\242\334{\254e\325\204\1\222\267\vY!\10b)9\35\27\273"..., iov_len=4096}], 2) = 8192
4131  read(3, "K\341\243Mx>\30\256e\275\346c\235\345\263\205\365\20\375?\n\333{\221^\217\271\221\257\325\20\233"..., 8191) = 8191
4131  writev(4, [{iov_base="$\3332U\343#bf\37@\327;%6g&\363\2\20Br\314s\263\200o\272K\350\2460\306"..., iov_len=4096}, {iov_base=":m}7\246\315\346\1\375s^\271d7\305>\277\333aX\2305jK\2164\221Q\317\310\363Z"..., iov_len=4096}], 2) = 8192
4131  read(3, "b\304\3524\233\357\2\7\240\251\333v\264\177\255\33\355\26FJO\31%m\322w`\32\276\3304\217"..., 8191) = 8191
4131  writev(4, [{iov_base="\3139\31\f\222\327\0\58q\327\331i\251o\224Y\215'\347<\22lYl\336\361\365\306d\227;"..., iov_len=4096}, {iov_base="$\4\35f\4Y\325\213\267;\34\242#\6h\2455\r\20]]w\3479\375\226\201Kau\24\272"..., iov_len=4096}], 2) = 8192
4131  read(3, "\247\271\327\373;\374\6\351{\254\335\353\34bt\202k\354|}f\255E\272\344^7d,{8\275"..., 8191) = 8191
4131  writev(4, [{iov_base="\224\240\27R\307\251\253\177$\227\231\321[\267\341\356\\\376\243\325\272\300\4\262\223|\265\345KQ\355\362"..., iov_len=4096}, {iov_base="\230\355D\354J\313\264)\205\355\213\244)\366\377\265\233\340\330\375(\332Z\30.F\274\256\25\335\25Z"..., iov_len=4096}], 2) = 8192
4131  read(3, "\305\253X\v\"\357\222\6\207\343\251\272\306\20\304o\221\217^?\364\310\7p\250\273\233\267\t\375\354a"..., 8191) = 8191
4131  writev(4, [{iov_base="\271{l\17L\231px\7x\240\31\221\262)\215\214C\235\6R\24\6W\n\336\200rl\377%!"..., iov_len=4096}, {iov_base="\301\f\244]\320?\236\35\362{,\343g\345\373U\210\203\204\25\304-\224\202\335.y\236vX$\317"..., iov_len=4096}], 2) = 8192
4131  read(3, "\334\244WW\3522\276\240g\346\262\327e\322z\362\\\270\20\329S\366\326\25\4/J\366\321\304S"..., 8191) = 8191
4131  writev(4, [{iov_base="\7\327\303Z\253\331\21\246\347|\270vM\16E9p\343\237\341Q\3277\256\346\215Dgby\274\336"..., iov_len=4096}, {iov_base="\255SO\227\315V\r\313UG\233\362EC\247\10\217\f j\213s\341\"L\320\211\245^C\216X"..., iov_len=4096}], 2) = 8192
4131  read(3, "\306\265\252\223^\211\362\343~\210\301m>i\346\216\373U\4\270<\30\351rO\354pl\305\254|]"..., 8191) = 8191
4131  writev(4, [{iov_base="NJB\226\21l\311_SA^\323~h\5'Sf\227Y\242\17\32\5\37\375\235\215*y\2730"..., iov_len=4096}, {iov_base="=h\2208O\244\354\6\213\350>c$\222\211\351\0<\361\275}\226\301\267*\215\234\305\3\272D\372"..., iov_len=4096}], 2) = 8192
4131  read(3, "Q\270\204\f\214\366\321\375\244\314\270D|Z*\201}9\16\30\276\334\207\272\306\377A\365D\22|\302"..., 8191) = 8191
4131  writev(4, [{iov_base="\202W\341\264\361\326VYFq\342\276\253\207\2308N^\314\26\255\362\2649\307\0\2154p\303{:"..., iov_len=4096}, {iov_base="6\0077\t\37\"d}\254+8\313\347\350jK\201\225,h\179\364\237>_>T2G\244\225"..., iov_len=4096}], 2) = 8192
4131  read(3, "LY\335\246\f\221\233\23_r\0^\337\25\33\307!\t\225\265\215\262\331na\337\336\267$\201X\177"..., 8191) = 8191
4131  writev(4, [{iov_base="\376\fl\334OHy\334\253\221:\211\255I\332\"\273e\357\10\251\33\27\204\337zd=\213\332\271\315"..., iov_len=4096}, {iov_base="uq\302\253\310\303c\16P\16\3147/}\17\265\363\374\223C}?\324\222[v\375\301\210\1ZH"..., iov_len=4096}], 2) = 8192
4131  read(3, "\335\256\30FiY\372-\271\10\346\245/v\373\357\267\3227\376\225\202IE\335\22MUg\322\23\307"..., 8191) = 8191
4131  writev(4, [{iov_base="\263\0>\345\231L\332\362[\333Np\316\303\206\322\200\250I\276J\236\240\32*\33\266~{\327\312\247"..., iov_len=4096}, {iov_base="lqlKTt\203\26/\22\361\325~<\354V\2\35\354\10\250\256\234t\201e\377\214cY\tw"..., iov_len=4096}], 2) = 8192
4131  read(3, "(\250\335[\7\367f\256?s\212\32X\263#\17\261b\0P6\10\303\32\0214sV\307\27\355]"..., 8191) = 8191
4131  writev(4, [{iov_base="m\354\363&R\332\6\334\301\237S\311\371\226\340\316\235v\365q\343k\3\342Y\216\311\5\225\37 \244"..., iov_len=4096}, {iov_base="j\2746\373<f\0343\34\224\235\31\224\234\331\366\302\340\227\364\271\276oG\251\271\21EW\322\313\7"..., iov_len=4096}], 2) = 8192
4131  read(3, "\253\277f\207\5\247}\265Y~\24Ay\333\332\231]\232\275\265\210w\31\247:\25\231\253k3t\224"..., 8191) = 8191
4131  writev(4, [{iov_base="y\310Y\352\246WL\227\315\23\307\251\263\213u#\224\275\17\220.\255\265i\356\357\215\246\6\267\0016"..., iov_len=4096}, {iov_base="~nO\320<\252k\7\314\4\17.\206\357\360h\n\2202b\306GZ^5\255\315\367\20\237\373\32"..., iov_len=4096}], 2) = 8192
4131  read(3, "X\316\31\203g\3\17\225\345\316c4\305\215\221\324\206\350\3609\207\36\266\372\210\264>M\360\"Z\26"..., 8191) = 8191
4131  writev(4, [{iov_base="\217\236\313\0264\3025\255\266\376\\~\20\3c\21\360>\301\270\342\355d\316=\31\354~\367\324\260\346"..., iov_len=4096}, {iov_base="\240\3260Uf$8L\213,^\340,\342\314\334\200\364RW\272\324\271\247*+wq\317\370\v\220"..., iov_len=4096}], 2) = 8192
4131  read(3, "\320\270\f\22\214i>/8\352=\37\236\210\0306\10\23527\302B\361z8$\352P\270\312\16\257"..., 8191) = 8191
4131  writev(4, [{iov_base="\25O#\306*\301\365L\254\347\324\t \276\314\tN/\324p\227'o\26.\311l#^m\373t"..., iov_len=4096}, {iov_base="\16\203\257\250zo\345\374Vz\332\365\342\376\322\206\342\323\335\34T\345_\241\236\23\7\364\330~\377_"..., iov_len=4096}], 2) = 8192
4131  read(3, "\252d\207\377\201\n\266K{\0027\2613EX\216\232\313V\20\344\r\321\350\313\343\354\236\376\231o\25"..., 8191) = 8191
4131  writev(4, [{iov_base="g\254\364\264\237\356\346\374\2777\335\35725\270\"\251/P}\20\334\17\242\213\257\327,\275\n|r"..., iov_len=4096}, {iov_base="\361\v\36 =\303\264C\313\320\203\22\312\21#\325a\327PR\217:\24\322\341z-5\v\16\221\376"..., iov_len=4096}], 2) = 8192
4131  read(3, "n\313x.\350&\303\237\370\254\363c\3722|||Q\213\326i\352\231\357\10\256\20\3312\270I\371"..., 8191) = 8191
4131  writev(4, [{iov_base="j\251\267]0B\25\242\243\26\220Od\212\2074\373\17|\361\177+\264F\4\333\262\25\r\346\363\23"..., iov_len=4096}, {iov_base="\32\226\272\214\257~\247\352\357N e\336{\247vV+\3749-\203\21\356%\213m\5\240Z \201"..., iov_len=4096}], 2) = 8192
4131  read(3, "\340\221\246Kb\266|{_m2\303 \317\3o\223\212\204t\250W\3\327\206l>!\33}\306\256"..., 8191) = 8191
4131  writev(4, [{iov_base="\334'I\361\272\357\"&\261\236\260n\253\365\f\274\206\10\270\rL\2779L6U;\323\366\20\206\5"..., iov_len=4096}, {iov_base="g\222\272)%wd}\331\330\3\7E\262\277\26&_\257\211.\4\260w\311\22\322\362^\240\231\226"..., iov_len=4096}], 2) = 8192
4131  read(3, "\363#0\303#}\342;v\367{|\215{\2019\377\377\263\212A\367\37N\222\213\205\252\331\310\214\317"..., 8191) = 8191
4131  writev(4, [{iov_base="\r\3618\16\201\247\376\354p\340\36\224\\T\351\255\233\266\270\304\355\3458\3143\320\216\263{A|\327"..., iov_len=4096}, {iov_base="f\344\252ypU<\225\16\320P\331\241\3\360&4\343\4\375\376;g\252\273\361M\17\17\217\10\341"..., iov_len=4096}], 2) = 8192
4131  read(3, "\327\211\273c<k\\=\320\303\264\3507\25 V\260\361\3`\300v\237\f9\257&~\321\32\364I"..., 8191) = 8191
4131  writev(4, [{iov_base="E\360\5\302\26\212\365\325\340\6^9\224\f6\220\265H\354\"\37\352\243\226\206D\251\0370o*2"..., iov_len=4096}, {iov_base="^zx6\30\1\276\345@w\26658\346\301\220\376JC\374\334\245n\243\306\32\210Fas\331/"..., iov_len=4096}], 2) = 8192
4131  read(3, "\27\337g\265\\\t\237\372\250\373\206\377<]\260\3\1-Q\\\205\346\222f|\202\275*d\36\331\304"..., 8191) = 8191
4131  writev(4, [{iov_base="7\372\37!*\360z@8Gl\355P\325\\\234\212\335\2738\214/X\206j9}\312I\205\323\357"..., iov_len=4096}, {iov_base="wc\347\316\253\202D\336Z\n\370\32\373\206\"e\36\224\352I\364\5\204\256J\25\230_\240\325H\356"..., iov_len=4096}], 2) = 8192
4131  read(3, "\234\315\177\v\361T\250?\261\327\300\6\211\204xe\374\33\260\32A\30\272/b\327\34\354%\235\226\204"..., 8191) = 8191
4131  writev(4, [{iov_base="\237l\367$}\265[l\231\1BQ\260\241\360\32\235^*\311w7\265\177\204\374\340\371\315\241\374I"..., iov_len=4096}, {iov_base="7n\216S\274v\t\377(\205\263\327\3734\256\34(/\26\352\34\320\203\355J\4Z(M\231\242\342"..., iov_len=4096}], 2) = 8192
4131  read(3, "\210\v\352\16n\325\234M\32\3\2463po\r\321\24\tY\333\211\333\343\261\312\35\241\305\243\377\316\372"..., 8191) = 8191
4131  writev(4, [{iov_base="\375\266\376A\32\3405\323\f\300\317i\374\266\16\342I\21\\\311\26\34/\1\244\"L\304\362l\353\5"..., iov_len=4096}, {iov_base=">\360\353m\261p\nK\200\221\356\220\0\312Ew\355\v\317T\342\302R\362\312\n\316\0M\375\365+"..., iov_len=4096}], 2) = 8192
4131  read(3, "\31\244\254>\233\303\7\302\354\215\272,\10\230\273\307\361\267\t\306\215\323\241n\373d]\220\213\221\236\271"..., 8191) = 8191
4131  writev(4, [{iov_base="\22\336\244=6\376\233j\vnj'{\f\307\324Z\v\f\342\307I\364\256??\360\243$\204:\25"..., iov_len=4096}, {iov_base="2\33\335^\313\251W1\355;u\6\230D\367\225\370|1\207\274\232\226L\2404\36\26\367\244\255u"..., iov_len=4096}], 2) = 8192
4131  read(3, "\3253\257\217\276\317\337\253?x\333\256\206\311\r\275\311\3071?e\210B\274A\30/\3234\"\301\f"..., 8191) = 8191
4131  writev(4, [{iov_base="21\220O\371s\4\347?Q\230\231%]=\21\10<\231\371T:GT}\3)c\236\306pO"..., iov_len=4096}, {iov_base="\34F{e\216L\242z.z\30K\316\\\350\340\230n\354\2761\234q\344\256\341\331\312\367\277\302\277"..., iov_len=4096}], 2) = 8192
4131  read(3, "\275\314\315\305\36O\33\"\224\316=\322\320\20\277vs\210<!'=\354\34\353[\24\232\7\27\304a"..., 8191) = 8191
4131  writev(4, [{iov_base="\304\3225\363$W1\r.\340`\304\214~\241\336\311u\215\331\250\241\344]\2\275\264m|\177z\234"..., iov_len=4096}, {iov_base="\342\23\257\317\346\243\206\351\303u\3107\344+2\254\236\213\256P\33yQ\277\10\213@\346\226h\322\227"..., iov_len=4096}], 2) = 8192
4131  read(3, "\323\34\204[G\t\17\260;\307\4\\8R\270\302\215,\365\233eC\1\v\304\256\325j\f\v\323\374"..., 8191) = 8191
4131  writev(4, [{iov_base="+\33\217\347/A\276\316D\230\336\356\222<\333\310\306\330\255\317\370\2341\362\210\301\\\332\377\221\264\307"..., iov_len=4096}, {iov_base="w\336nX\231[Zn\330\362\3441+\21\337\271L_r\367\7\257\353\3220\231\271\222\257!\355\264"..., iov_len=4096}], 2) = 8192
4131  read(3, "}\247z\3253\257\4\220\5v\225\200lf\3408\346\301c\37\324eh!\10M!\226\5\324\34\205"..., 8191) = 8191
4131  writev(4, [{iov_base="b\351xg)\202\302}\230\364\245\236=\2243?\374\306,\3\303\245\341\323H.\302+G\32\243\203"..., iov_len=4096}, {iov_base="zY\361\244\373\374q{\327\310\300\354\266\264t\223<x\33\257\266!K.=\341\277\337U\326I="..., iov_len=4096}], 2) = 8192
4131  read(3, "/\240\270+-\3178\37-\356\367F\363\313K\211\336\31v\351\307ob\f\31\271\353\340\200\256a\20"..., 8191) = 8191
4131  writev(4, [{iov_base="\21`\2624V\271!\222s\350s~\376\33-\333D\253 )\236\31\313^\221a\"\214\223@\357q"..., iov_len=4096}, {iov_base="\203\366\335\266\233|\252\365\2\3\371E}\16-\266\351\311_\310\247\33\314\303\6 \350i\25\262\202\\"..., iov_len=4096}], 2) = 8192
4131  read(3, "\34\31\373\306C\326\21\4\350\226[>\0375~\3605T\357\204Gd\26}\255\24\22258J\374\316"..., 8191) = 8191
4131  writev(4, [{iov_base="\24N}\244\313\224n\275m\0\262\354\211\324W\316\33\231\366\364C\264\32\34'\345 AG_\251\\"..., iov_len=4096}, {iov_base="ck\326\221\376\212\250\370\17\252\314 ~Ts\360d\230\360jn\261Gk\267\322\216y\"\5u\5"..., iov_len=4096}], 2) = 8192
4131  read(3, "\302h\7\273\33\36\371S\352\242`'\33\r\36\244\225\240\216\265\230k\207\350pB\251\200\347\4ki"..., 8191) = 8191
4131  writev(4, [{iov_base="M6\375D7\252Ev\256'3\272\265\322\322\3757R\367,/o\264\341Vh~\22\27\277~\31"..., iov_len=4096}, {iov_base="(^D|\261\17\36j\306\313WQ\0%\370\331\252\16\236Z{,\16\302c\"\257o\27\3\372\215"..., iov_len=4096}], 2) = 8192
4131  read(3, "\31\17\357\262Ps\n\277=\360\361\227/\304\202PN \35.\372\220\220\17\346!\241 3\260\252-"..., 8191) = 8191
4131  writev(4, [{iov_base="\215\30\237\203\304u\254\25\363\276\243L\226\215\21\326\0335\254\227 \270L\"p\243\21_\360W\303="..., iov_len=4096}, {iov_base="\233\233\310\30\352c\316\351Ry=!\303\5q/\202\330@\232\341\366\362SZ\341G\364\0 z\323"..., iov_len=4096}], 2) = 8192
4131  read(3, "\334\2\252'\2146\352\0252D\313\35Gai\207\205\231G5#\332\245\350N\310\316t\3162\37/"..., 8191) = 8191
4131  writev(4, [{iov_base="\220;y\314\264\35\367\334K7\216\31\37U\214\v\340\252\1771\251o\177 \333g\36\377\307{@2"..., iov_len=4096}, {iov_base="BJ\373\0347:G<u\366~q\245\245\216R\254\36,\5^\244l\244\4(1\216\245\345:\346"..., iov_len=4096}], 2) = 8192
4131  read(3, "\337fz\224|\7\240\206\344\243\233V\275\tw}f\240.GT\332g\205\315\246\212qQ\244\1I"..., 8191) = 8191
4131  writev(4, [{iov_base="$\345/\n(\341\361>\267L\211s \t\236H\7\34\21e&B\36\251\243L \360\\G\363\306"..., iov_len=4096}, {iov_base="\232\r\274\210\261\356\264\30\223\3612\f]\363\"\315\205p{\tS\207[>\3231\323\226(\370\362\246"..., iov_len=4096}], 2) = 8192
4131  read(3, "r\354\374\360\216\267e\312\350{Fh\322!\314\25\327\25r\266\16\3654\301\214r\24\234\2008S?"..., 8191) = 8191
4131  writev(4, [{iov_base="\327\316\24\374\354\203T\230\332\346:\225\331\314\21)\255N\2113d>qf\376^\357\316F\220\236\264"..., iov_len=4096}, {iov_base="W\3\253\260\272\224:\216\307\25J\241[\255\334\333\207\347\7\365.\317\215\245\332\355d)\273\250o5"..., iov_len=4096}], 2) = 8192
4131  read(3, "5UH(\371;^\24\347GHx\237\264\30\244\255[M\350hh\362\302_ \20678.=\336"..., 8191) = 8191
4131  writev(4, [{iov_base="\234\222\237_}\20JI\v\323\247+Q\200\330f56\357Q\1\375\370\327\372\256 \315R\17\370f"..., iov_len=4096}, {iov_base="n~=\20S\27\1\203\3448KI)\n70\3\321\3000U\252\2304\317\301O\330\220EB\211"..., iov_len=4096}], 2) = 8192
4131  read(3, "\377iB\332_#\231lpa\272\271\2568}f\316\372?\25x\10EX\252\360u;`\254m\355"..., 8191) = 8191
4131  writev(4, [{iov_base="\16Y?OU*\334\v\230'\345\247Ld\270\n\316\372\\\264\362\200\332\1\32\3676\374u<\361\267"..., iov_len=4096}, {iov_base="^\327.\334m%\307\275d\226\305D\344\261\214\251It\253\331\363\305\247\233<\363\202\265\354\357&\315"..., iov_len=4096}], 2) = 8192
4131  read(3, "G\366(:\271\210\3523\33o|\372w\344\200V\35\323z\313l0\242\315\244\201((\275\212c\376"..., 8191) = 8191
4131  writev(4, [{iov_base="\347\335\360\371\"$\4\275\31(\275E)\223\333\320\r\227\276\254:g\221?\216*p\\\272\33\247K"..., iov_len=4096}, {iov_base="\342Ecd\213N\307\215i\3258\260`\311'\364Qb>i\232\203t\375\234\234\221\226{\332+\317"..., iov_len=4096}], 2) = 8192
4131  read(3, "\232])I\275\r\317]\304uf\344x\264\342\246a\4_\210\20\253\254?/\223\352\260G\305Y\250"..., 8191) = 8191
4131  writev(4, [{iov_base="?\251]\t\226\0\327\373\210i\235\240{R-\350\246\35\274J\322\304){\357\374\324\311K$\335\314"..., iov_len=4096}, {iov_base="\252g\370\31\243\6?Q\272\363\220\254\3\353\351\377\v\355\357\235\16n\0\376\f1\233\337*\263\201H"..., iov_len=4096}], 2) = 8192
4131  read(3, "\260\322d\24]\36\244|\t\3\nu\271\253X?4y79\341\253\355k\215\1QWct\315\336"..., 8191) = 8191
4131  writev(4, [{iov_base="\"\222\345\324\16\317ZU\\\6fyC\274/I\2649\243\27 \357\352\363\16~\202\246G8$\343"..., iov_len=4096}, {iov_base="\214U\327\274\313\357\203\306~\376\344O&L\312A\264\37\227\200\217c\355\32\217\366\322fS\243\306\210"..., iov_len=4096}], 2) = 8192
4131  read(3, "nbL0\310\211\30\332r\25\6\272\356\337\325\203\21&\247\222\267\326>\336u\245B\234\2369\314V"..., 8191) = 8191
4131  writev(4, [{iov_base="KG.\337\243d\fI\27\274z{}w\10\244\264\366\250}\266s\355\276\231\373u\343X\327\207T"..., iov_len=4096}, {iov_base="\r|\312\327 #\240}\30r\216\235H\366\317\343\244\377\31\352\350\4\240\265;\352\220X\22T\265\""..., iov_len=4096}], 2) = 8192
4131  read(3, "\261\1|Hs\230\216\355K\313\371\226\177\310\r\341\273o\346s\273\277`Y\243\215z\215a\330R\353"..., 8191) = 8191
4131  writev(4, [{iov_base="\267\214\331\331X\331\5\255\365\267\341\256\03567a\207\3nenz1\7\34\347\270vj\236\324\316"..., iov_len=4096}, {iov_base="\17\333\215\205\270\256\302\206\367m\2\316<j\276\224\0212\307\332.\326q4\331\225 .P\32lo"..., iov_len=4096}], 2) = 8192
4131  read(3, "e&\345YKfW&_[\236\336\247\202=\357\357\2323\236\202u\26\273\0F\251\3\376\374\24\341"..., 8191) = 8191
4131  writev(4, [{iov_base="\341z]\252\247\227\335\21f!\224\362\271]n\311\3\316(e\230@:\255{\222\374L\232-\226\333"..., iov_len=4096}, {iov_base="?\2V1V~\227\214\331\263\233c^\303%\355\263\334\201\361\315&\233\16\315+\323\264sL\276\301"..., iov_len=4096}], 2) = 8192
4131  read(3, "\231\264\302\37\361L\352E[\376\1777\305\370:>\316\335\223*\310\322\272\232\25\32\332\305v3\276\31"..., 8191) = 8191
4131  writev(4, [{iov_base="\335\221\217\24/\270\v\264\231\f\30>x\206\20\3300\30,GE\345\375\241\342\333y8c?\231g"..., iov_len=4096}, {iov_base="\3373\340'\355\275\31dH\324j\270\7vlh#nt\27\271\25\221\316\r\340\223\6]\320i\244"..., iov_len=4096}], 2) = 8192
4131  read(3, "\5\361\200\362\250d\3314\324\377\343\6\374\322\31\205\314jh\250\3\377\300\317-\27s\303_\364\223\207"..., 8191) = 8191
4131  writev(4, [{iov_base="\7\224WXZ\344{\333\203MMm\301)\261\324\345\364\256\257\316\334\312\370tk\317<\372\25#\315"..., iov_len=4096}, {iov_base="kH\2126?OC\340\0070\351\374\257\214\327\306 \26'\354\313\322\320\372\331\267\210\311\312\226\363\224"..., iov_len=4096}], 2) = 8192
4131  read(3, "\216\312\3Z\36\1\371\270n7U\3738\3\212r\312\350d\303K|\r\203\177<\26t?\371i\\"..., 8191) = 8191
4131  writev(4, [{iov_base="\227\32\230:(\242\r\304\215\221\305\234e{\365\300\342\260\260\3N|2\212\7\371&>\272%w}"..., iov_len=4096}, {iov_base="\325X\r\227^\212kOOFZ\275\362|\301\260\233%\315I\354BA\274\311\265/X\300!\255\245"..., iov_len=4096}], 2) = 8192
4131  read(3, "l\224\325\306\240\305\3538Y\236`\"F\272\207(U\332\225\213|\320V\260\216\262\304\240L]\240>"..., 8191) = 8191
4131  writev(4, [{iov_base="\340?\317\232$BY^\2200\3148\272\f\211\245\25\312Rt\335\214g\377\200\322X|Dkg\301"..., iov_len=4096}, {iov_base="\26)\334m9\372N\350\234{\25JGEn\200\325\17\222\303D\362M@\365\326\337\23(\7\232\374"..., iov_len=4096}], 2) = 8192
4131  read(3, "\"i\373\0323\3427\331\325\250\306>\232\36\241\271\270\4\357\36*\307l\370Xb+H_E\216\302"..., 8191) = 8191
4131  writev(4, [{iov_base="1\252\35\204\250v\223q@\300c\f\227\247/_K\254\3\351\34s\303f\323\372\307H\20b\210F"..., iov_len=4096}, {iov_base="\374F\226\300\2110\243\3522a?\273\375\330\344d\r'\377%\320\f\17#\256,\t\341\302o\314\1"..., iov_len=4096}], 2) = 8192
4131  read(3, "t\261Z\211\360Q&\235\221-^\n_p\371(\350&W\345\267+[H\310\270\355\356\220p\323&"..., 8191) = 8191
4131  writev(4, [{iov_base="\366\34\351(]>\272\273\211\301\227\261\353T\206\314\2\252\334\260\2350|\314\201\0360u+\276\271\300"..., iov_len=4096}, {iov_base="\346\23\317\207\201\247\207m\22\214\201qR\309%\33)\347\214\214\250j\243\366'\355&\303,p\235"..., iov_len=4096}], 2) = 8192
4131  read(3, "\v\311\30\23J\3v<\321\23\263\311\374\340\351\3FE$\0374\307\202\7\342\1\247\260(9Q\7"..., 8191) = 8191
4131  writev(4, [{iov_base="\246'\316\25\342\316\312\377\35\311/\17\21\351i\201\223\335\"\177_\212\235\341\304\\q\3357E \236"..., iov_len=4096}, {iov_base="\352\5m \320-\366\34\244\300G\362\3272\\\336\345\333\203\355\263q\6:\217\t\257{\26G\31\272"..., iov_len=4096}], 2) = 8192
4131  read(3, ">\251\336U\34\22\273\22@=\257\316q\221\232\316L2P\330KP\237\202\247gM'O1\210\17"..., 8191) = 8191
4131  writev(4, [{iov_base="d\355\0076\352:\236\210&\236\207\276}BG\335\211\223\335\17\326\303\27\30\10\25\20\0\274\314kC"..., iov_len=4096}, {iov_base="\374\0\372\350\222W\3\374x\25\31\311\nz\341\367\t\237\323\217\364\271\330\vZC[\253\311\256\357\220"..., iov_len=4096}], 2) = 8192
4131  read(3, "3U\265\364T\223\311\372:\356\371\3331\261\310|\215::\247\"\325k\240\212-\360\307Oa\361a"..., 8191) = 8191
4131  writev(4, [{iov_base="\367&s\"^\363\247q_\274\201q\7\16\271\344\312\273F`\217\325\237\230BA?\370\346o\206\365"..., iov_len=4096}, {iov_base="\34\310\17\313\372}\2\33\f\3\275\tV[\35=\266\334.\203\302\3\3673\33(\r*C\347-\300"..., iov_len=4096}], 2) = 8192
4131  read(3, "\253\265\373\363\\\4e\236$\200\215>k\305\316\v[\375Q\246\360y}\323\330\326\3562s@\322T"..., 8191) = 8191
4131  writev(4, [{iov_base="C}>\322\2162R\307\2\6/]pmryO\264\2719\314\224\320\316\335\344e\255\222\343\306\316"..., iov_len=4096}, {iov_base="\313%=\5SNr\4\301\221e\240\323\241\265\243\243\317#\327\201-\316C\6\223X[\317\225\262&"..., iov_len=4096}], 2) = 8192
4131  read(3, "\320\364\267\34\267\36\352?\2627\272\322\373\v\347\272\364\264\335Mt\331\21!\212]\216\t\342\377\242\274"..., 8191) = 8191
4131  writev(4, [{iov_base="GTfk\4A\27\364\230\315u/7_\352\335\344\315\373>\2\344\345\27\2602:\273\22\371\336\1"..., iov_len=4096}, {iov_base="\251\332\231q'\333+\2v\375>E \275\301\244\f\10\320z\234\366\267\304Jm\207\202\205\257\337\243"..., iov_len=4096}], 2) = 8192
4131  read(3, "C\206G065\f5\1\325\257\232\225\354\351QE\351\\\353\343:)\177~\220i\203'\375b\27"..., 8191) = 8191
4131  writev(4, [{iov_base="t\t\306?\265Z\333P=m\372\343p\244\242\326V\3371yAp\222\343p\276\207\372\177\274\f\256"..., iov_len=4096}, {iov_base="[\251#;\210w\321\377\320\355h\325%\316\324,T\221\7\261\5&\271:\312\315z~\337%bo"..., iov_len=4096}], 2) = 8192
4131  read(3, "\312\v\361\324\24\35mM\2702\16\35\272x\3700\324\3754\363\251MF\363\276&\rt;\227f\240"..., 8191) = 8191
4131  writev(4, [{iov_base="\343\7!\212\315\n\345\20\210X\326\264\342\333M\344\30\241S\367\315\220\223\260Z\265\246\36A&_\300"..., iov_len=4096}, {iov_base="\373\33^\241\203\347\302{\306H\254\257M\300\22\256\353\300\336\375`v\260c\316\tA`UKWW"..., iov_len=4096}], 2) = 8192
4131  read(3, "\315\330\363s\304\262\262Hm\324A9e\265\276`0\316kj\7H\275\335\253\360\311d\227\225n\236"..., 8191) = 8191
4131  writev(4, [{iov_base="\n\227\204\276\24\243\335\214u\345\\\n\242\363y\332fe\253\245\373\212\355\363\207xk\205\223J+\333"..., iov_len=4096}, {iov_base="\t\270W,\217\217\0223\323\374\31\257\"\270\206\364\177=\237\306\305\0\272\273\217\323\265\325\33Av\21"..., iov_len=4096}], 2) = 8192
4131  read(3, "E\347\34\213\300\36)\376\244op\331IGb\255g$\330\31\36|k|,\3201\r\250\214\243\265"..., 8191) = 8191
4131  writev(4, [{iov_base="\324\255\7\253H Er\321\341\214\6\312le\331\3\312\343\25\317\377\246O\200\207\267\26\335\351\325Y"..., iov_len=4096}, {iov_base="\254\314\352\216JE\264\301SK,\257\236\212\351\334\210\5\236\302_\352k\307\272\360jF\366\362n{"..., iov_len=4096}], 2) = 8192
4131  read(3, "\237\354[\273\333\231Sv\202R\346\224g1]\263'\261?f\342&\303+\f\365h\27\207y\363\4"..., 8191) = 8191
4131  writev(4, [{iov_base="\332\361X\1\244\202\256s\315\354\314\r\275\202;\267^\214\372+\235>sN~\236-\247\240\372b\223"..., iov_len=4096}, {iov_base="\223\373Y>\271\33\1J\304O>\7\377S\321\31*#_C\311\340\216V\272\260\320\5\233\321\204\231"..., iov_len=4096}], 2) = 8192
4131  read(3, "/\305\345\377\264\34Z\325H9~\377t\0074\6p\365\36\2\256 \2\356A\303\241i\210\363\307\307"..., 8191) = 8191
4131  writev(4, [{iov_base="Y\27si\300=N\205\225\331\322'\261y\3603\364W4\276\365\207\236?\35\353\237\377i\234Qb"..., iov_len=4096}, {iov_base="\262i\312\341\363\367\4\242[\371\31\367{\314\247\234T\"\233\366\311\33nP\251~0L\0355\376\252"..., iov_len=4096}], 2) = 8192
4131  read(3, "\35E\316\225\247By\277\345[A\4U\222\230V\370\256\355\27b\215\332q:\216&\372\211\356{\245"..., 8191) = 8191
4131  writev(4, [{iov_base="\362@X\232\214y\267\344\232t \336\344_\236\326dyZ\374l\312f\244>\271\347w/\337\r\375"..., iov_len=4096}, {iov_base="o\320\314\311\3549[U\3025\314\6C\372\265L\273\24\0\246\273\270\340t\235\202\200R\227\227}\17"..., iov_len=4096}], 2) = 8192
4131  read(3, "\372\313\220s\305\327\210P>\226^\203<\347?B\374\312,x,jq\277\4-\35\221B\273\272o"..., 8191) = 8191
4131  writev(4, [{iov_base="s\347\326\370=T\2\20\217\211\215r+r_\365f\305\344\320O\302\177\244\320\336\344P\f*\236\230"..., iov_len=4096}, {iov_base="d\23\340R\264\241\0\30\262\227\206\253D/\270\327\233\321\373\267\16&X!\2f\34\376\234\335\330\244"..., iov_len=4096}], 2) = 8192
4131  read(3, "l\234\35\267\247\2519\2451\347 \247\24K\3@u\3059 P\340\221\4\177\206\263\260Hx\7\337"..., 8191) = 8191
4131  writev(4, [{iov_base="\301~\376\34{4\260\273\254\203x\34n?\205tn@\306\3439\35U\326\356\213N\356\7\213\215\250"..., iov_len=4096}, {iov_base="k<\17c%,\215M\367\311\356\371\202b\r\26\354\0231\323X\17\312\7\310lZ\310E-\217\337"..., iov_len=4096}], 2) = 8192
4131  read(3, "=\265\23\367\361r\260\355\211\177\6\363\233\270~D8Cq\230\356\260\254\23\2528T\347O\353CM"..., 8191) = 8191
4131  writev(4, [{iov_base="\361 \371\0307hr\49\351n4\360\275\2\220\271\217\224*\360X\307\246\211[\376\340X\203\334;"..., iov_len=4096}, {iov_base="c\325\27\303P~\211\253z\273\271\273p\302\307No\323\272@\322<\201\202\35\300\360d\275\342B\r"..., iov_len=4096}], 2) = 8192
4131  read(3, "JG\206&~u\360\211\323\17\352_W\271\223x%\2140\36nf\3\264\373\223\n\375\373\242\367r"..., 8191) = 8191
4131  writev(4, [{iov_base="\233\334q\372\20\360\312i\253\243\244f\n\0\364\200\332\336\342g\210\213\201\320\277\275\t\362\347t\347/"..., iov_len=4096}, {iov_base="\242p\n2Mk>,\24\10\343\201H*\260B\5\221\36\21\7os\303\213\251]2\331\301@["..., iov_len=4096}], 2) = 8192
4131  read(3, "\322\325\246x\306\30U\221$\365\213R\242},\23>\202v\345D4\34\201\255\216g\251]\25\25\370"..., 8191) = 8191
4131  writev(4, [{iov_base="m8Y\330N\347\226J\331\2 A\3v\27\213\24\352a\242\261\273\346\220\t\276\344\371\374\37\335\307"..., iov_len=4096}, {iov_base="I[@&3m\34\3700n5\263\341\273IJ\355\3133\215\340\365\316\6\243\346O\3:\253\334\202"..., iov_len=4096}], 2) = 8192
4131  read(3, "\267~\23f(\202\366\236\240Z\177l\334\30Lt\340\32_\273\21#\200-\314b\237\210z\204\321\232"..., 8191) = 8191
4131  writev(4, [{iov_base="\237KX\5\22\333\227Y\r\205\7.\366YV\313;\352\355\22\216$L\306\267:\310\303\227\240D\331"..., iov_len=4096}, {iov_base="Q(\241\271\364\202\372#\216:G\257[\325\271\215\34\237\253\t\337\33\34\376L\236\307\37\257R\335w"..., iov_len=4096}], 2) = 8192
4131  read(3, "Wdtc>\r8\266\314>{\363:\251q\3\220\255 \324\221\265\354x\16\232c\275\2o?\267"..., 8191) = 8191
4131  writev(4, [{iov_base="sm\321\34\332\224\364\375\350\227\302\332\336\241\247\314\263\327\306\344\261..\277\323yl\216m\220/6"..., iov_len=4096}, {iov_base="\3225s\212b\213\272\223\354\303\\\20M\241\37\367\363*\260k\263rPQ\10\356\213k\360\322\327$"..., iov_len=4096}], 2) = 8192
4131  read(3, "a\274M\251\201\263\217v\260\253\354_\34\n+\3215\17\37+D\306\0366^\372\35\24=v\363\303"..., 8191) = 8191
4131  writev(4, [{iov_base="h2\240\332'\306\375\241\247\247\324+\313\244\253\350}\330b\311\315\21\264\364\376\232z\r\24\271*["..., iov_len=4096}, {iov_base="5. \1\0261\22\225\n>'\2530]\336r\344\22'\1FQ$iz\305?1\346\23V\254"..., iov_len=4096}], 2) = 8192
4131  read(3, "\314\230\233(\344i|\311\306gh\216tgo\206P\30\242+\213\312\310\326\255'v!\177\314\313\325"..., 8191) = 8191
4131  writev(4, [{iov_base="\17\246\34\"\256)Kld\301?\324&\256\272\356\253UG\266\324M\342@\t%<\33\323\232\\B"..., iov_len=4096}, {iov_base="Q\237=o\32\32r{\201d\177\223F\327S\305;4\356\f\10\vhu\277\36\7F\223E\0270"..., iov_len=4096}], 2) = 8192
4131  read(3, "Hc\363\264\247\220\r\257\242^\300S\354\354\362J\230)n(\376\361\10\232\t\316\204Xd}\222\260"..., 8191) = 8191
4131  writev(4, [{iov_base="z\26\37\262\346Y\3408hO\344\314\f\0\17\306\210\227o\227X\236e\36\27\227\276\313\5N\347\371"..., iov_len=4096}, {iov_base="\342\26\314\357e4y\2743\320\20\257\325\255\342\372s\225\271\227y\373!RXT\226\273\6%\5\34"..., iov_len=4096}], 2) = 8192
4131  read(3, "\373\267I}Vs\315;\226\356\343\321\352\20\35\243\327\266\350 \5ae\36*\253[\4\220\325U\0"..., 8191) = 8191
4131  writev(4, [{iov_base="\1z\32\376\273EN\263<\306R6\302R0\37\nZ\365LgX\357\30\25\23\361\331\223:h,"..., iov_len=4096}, {iov_base="\236V>6I+\320+\0\301\36!r\206\353f\310\364J_-W\305\244\244\336\24\214\332\252\10\270"..., iov_len=4096}], 2) = 8192
4131  read(3, "aH\4\17+\213J\313\22\314\271\372\330\t\0T\320\26\207\253_Be\26o\230\344p\203\314l\f"..., 8191) = 8191
4131  writev(4, [{iov_base="n\253=*\7\353oC4\3765H\370\332}]\262\6\240\276\3L\23\2\265\327\207\347B:\33\371"..., iov_len=4096}, {iov_base="\220\256\345\330{\240x\343\217\323H&\222\315g\211\264g\2078g\1\244\313\335\304\222\213\322\274\347\320"..., iov_len=4096}], 2) = 8192
4131  read(3, "\354\232\227\264O`\356\23\354@yC\315\216I\210\341k\207~QI\31\366\6\6\336v8<s\215"..., 8191) = 8191
4131  writev(4, [{iov_base="p\20\256\242'S\307'\243j\226\n\241\31\327X\335\323\253v\303Fd\326\312`})\311\303\"4"..., iov_len=4096}, {iov_base=" 0\tZo1\326\245\224\244\311\356La\37\216KE\235 \333\32@JE\311\370&\20CM\220"..., iov_len=4096}], 2) = 8192
4131  read(3, "\313\2051\201\241\355\7\177\202\220\361\36\255g\215\323\1?\3157\326J\224\365V\334\22A\323\3778\313"..., 8191) = 8191
4131  writev(4, [{iov_base="\255Ld\230J\332\331\34\375\276-\333\271\344\344v\320\255\207)\206yU3\2372Z\366\335\313\37\350"..., iov_len=4096}, {iov_base="w\241B\325m\220\277\324 f\221Z\312*\317\211w\327\274\311\v-\317e\260R\300z\264\327w\376"..., iov_len=4096}], 2) = 8192
4131  read(3, "\255P.\315\334&[\211odK\257Y\336\344\247\341\265 1\313\177\201\323\203\330\366\17w\243\\:"..., 8191) = 8191
4131  writev(4, [{iov_base="v(\251Gv'\t\204\247z\276\344\226\244\302\25\256\3n\34o\2F\34%:\262.\302\212\257\320"..., iov_len=4096}, {iov_base="\320e\7\237\24+L\240\276L\325\334\207,\336\217rUe\207\345'\303\17W \234\23\"\226Tm"..., iov_len=4096}], 2) = 8192
4131  read(3, "\274\230\267\306\0Zt\210\237O\255\315\266o\300Q\323\367<q@\364\372\227\323\20@1\256\17a\177"..., 8191) = 8191
4131  writev(4, [{iov_base="\31J\363]\206\207-;H\26w\220\17\320\364\224@+\207\2113\324!\230\354\352\255\354\335b\351\325"..., iov_len=4096}, {iov_base="\355\3209\345,%\320\311\262\366\23\31\f\366\364T\217\375jm-\243X\305-\250\205\201\346z\374\346"..., iov_len=4096}], 2) = 8192
4131  read(3, "\331\350\201\361y\255l\37%\214\206}c\177\333G\n\246\3617\252S\366\316\331Y\31\264\237\v\213p"..., 8191) = 8191
4131  writev(4, [{iov_base="\24QJ\3\302c\246\21~\2306\231\374\321\207\5\37\0\276~R\24u(uxx\23\323\325\361f"..., iov_len=4096}, {iov_base="\322\242\342\v\225l\366\31\316\254V\nWfl\356e\22\265SP\255\6\323\334\355tS\371\242\376\v"..., iov_len=4096}], 2) = 8192
4131  read(3, ",\346\241X\364m@\241r\30\1a\367k\305\32\265\310\272|\240\vg\2306\16X/\33R0\226"..., 8191) = 8191
4131  writev(4, [{iov_base="IT\2016\223`\236\"\270\354C\357\226\16\202\254Q\247ZO\264v\3765G\227\206y\306K\3\300"..., iov_len=4096}, {iov_base="Z\366\333\252\275\366yh\221\360\365a\t\371g\326<\27\237z\361v\244*q\27\336$I\360_\r"..., iov_len=4096}], 2) = 8192
4131  read(3, "+\213V\323\354\323f[\\\326\313\327\373c,t\234a\250\2379\315\315\356Tq%\3\336hSQ"..., 8191) = 8191
4131  writev(4, [{iov_base="v>)\322U\240\236\246`\rT\372\265\356\336\2471\325\270\336\304\32\235\230R\17\222e\352 \352o"..., iov_len=4096}, {iov_base="\302\250R\301\3053\34\353'\207\371jK\336\374\0321\207\252E\353Jl\364\353a\346\310\4\365\2407"..., iov_len=4096}], 2) = 8192
4131  read(3, "\243\\\353\3035\301)&\324\303\212c\10'9\222P\362Q\270\206W\332rDW\314E>;\202\230"..., 8191) = 8191
4131  writev(4, [{iov_base="\275\\\214\234\266\366\200\364I\206\366\203^\315\275\210\325\"\364|\17fR\360\2254\344\344\233\256\247\333"..., iov_len=4096}, {iov_base="\244AS\236\340)\3fz\260bu\336$%$\344\311\374\360\266l\264\364\324,\357p\252\206\276\34"..., iov_len=4096}], 2) = 8192
4131  read(3, "\24\371~\304\267\207M\276%\246\245\305\353\246\313q\251h\377\367\2431S\302\327\273\33\216WK\265\302"..., 8191) = 8191
4131  writev(4, [{iov_base="\316\6\353\276+\320X\376E\247\345\252$\256\362\330\365?+O\335\315\225\16\370\314\264\374\367\223&\371"..., iov_len=4096}, {iov_base="\272e\3073\337\304\355*\fW=!j\203)z\20}\245\366\34\276[\244\216\252\31\6#\31\34R"..., iov_len=4096}], 2) = 8192
4131  read(3, "\214t\326\373\r\234\247\241\24\372\242\302J3\277\34\337\365\17\4w\10\233W\36=\4\372\307\343\266\374"..., 8191) = 8191
4131  writev(4, [{iov_base="U;\v]O\220i\373\253FD\331\30\6\340\361xAU\17}\277\25\243\365\243Ta\371\373\354y"..., iov_len=4096}, {iov_base="t\23\307\271l\326T\326O&.\342R(\256\27j\376zLx\205xt)\216S\0\350\177\302;"..., iov_len=4096}], 2) = 8192
4131  read(3, "\\\324-\322r\335\334g\204\254\223I\35y\10!\236[C\304wH\1\26+4\246\352W\250\373\31"..., 8191) = 8191
4131  writev(4, [{iov_base="U\2056\336\344\206\246|\347\315x\217\275\252&\313TD\10\327@\4\321r\245\34\340\376\5\323\217\367"..., iov_len=4096}, {iov_base="\202[\360;\311k\375\307V\226\340*9dx\240\257\365\307\344c[\312\326Yu_/\21C \324"..., iov_len=4096}], 2) = 8192
4131  read(3, "\366\274\221J\365C\203{\0327~\275\347\373\336\217vo \35\203yd\270\\\23EB\233ofw"..., 8191) = 8191
4131  writev(4, [{iov_base="\211Do\301S%\6\340\252bX\354\6\326\315\235;(\37,\313C\31\34\17\325\374`\200\302\314\200"..., iov_len=4096}, {iov_base="\217H\364\2512\276Y\352\234C\222\357\275{\217g\305E(\220N]N\3430`t\36\320\2\3508"..., iov_len=4096}], 2) = 8192
4131  read(3, ")\271\266\231\270&\334\273\302Y\311\35\255\233\351\316\264\356#\21\2500z\31R\267\340+4\301\0\235"..., 8191) = 8191
4131  writev(4, [{iov_base="\230_j\354?2\262d\354u<\22\371\4\210u\315\0[8\227N\346\24e+O\240\303,\34K"..., iov_len=4096}, {iov_base="\263(\242\200\2479#q#d\270\277\351\25\216\237\274?R\225\214\16\336\227\335\216g\344\1jP\343"..., iov_len=4096}], 2) = 8192
4131  read(3, "\365 z\265\301\266\215Lx\342\217\354\260\314\17\0\\B\323\206Q\27uO\207\346\320\345\233\2038\334"..., 8191) = 8191
4131  writev(4, [{iov_base="S\254yR*\376\225\205)\271\t?\251\23\342\225E\343\242\262V8\312\2-\244\201\201\34Jt\306"..., iov_len=4096}, {iov_base="\301NV\3069\"/\373\\\30\4\273\21\337\343\37026\274\332\237\274Hv\363\10\256\222\312\231p\276"..., iov_len=4096}], 2) = 8192
4131  read(3, "9\335\323t\177\0xx=\360N\237\352q\5Ja\224\330P\363U6\246\331\376\370#\262x\27\311"..., 8191) = 8191
4131  writev(4, [{iov_base="FN\337(\256\303\320\2X\33n\225\324\335\0\6\372A\332\226\357.T\350\nj\254\237},\234\t"..., iov_len=4096}, {iov_base="\346\321\260\347\09\365\206\207^\270\241,\206\330\342\304\263\23\246L\346\252\207\367\334^\253\\\275\305O"..., iov_len=4096}], 2) = 8192
4131  read(3, "^\265A\313\33\323\4\205\277\332\254\310W\321w\372n\275`\357@\233\345\331\254I\30AJC\37\254"..., 8191) = 8191
4131  writev(4, [{iov_base="V-W\353\203\177OT\201\3037\211D\276\0323\255\354a$\2436V\225?\203<\262\313\34\25\302"..., iov_len=4096}, {iov_base="\263cC\310\322a\316\225\30\320\272\266\243#\276\7V\20\2417\260t\333\243b\323\346\361/\37E\275"..., iov_len=4096}], 2) = 8192
4131  read(3, "\311\360\260\34M\16D\23Y\276z\375\337\362G\246\267\223\310\306G\6\231M(.\320SE\311\241\21"..., 8191) = 8191
4131  writev(4, [{iov_base="\226!\256\275\204\331Cv\301\373\261B\177'H\206\231\375W\225=\235x\373;\10\"\223\337\351\225\223"..., iov_len=4096}, {iov_base="\343`\31r@\341\202\373\177\221bq\246\371\"1V\3'\n\304\364*\372d\277y\204\315\207\222\377"..., iov_len=4096}], 2) = 8192
4131  read(3, "\6N\320\250\222\352\355\25O<\216s\3\225\223\210uW\34\340\303Y\215\25\367\272j\316a\16\267\330"..., 8191) = 8191
4131  writev(4, [{iov_base="Dr\34W\324%;\203]q\364~]#.@\215a]\324(\25*\25\253\300g\332\366\\\236\346"..., iov_len=4096}, {iov_base="\324\330\276\234\30\240\2\235(\24~\303\252-\227\273\4\322\3174\16\177\27\371OuF\332_\373\325\r"..., iov_len=4096}], 2) = 8192
4131  read(3, "\305K\273\256,\355\200;\324\31\366\2534\354I\vG`\252\204\10E\207\320\246\32\3\325O\32`\""..., 8191) = 8191
4131  writev(4, [{iov_base="\nN\201\244Ue\10X\356\34\335$Z\220L>\320\241\255\356\314\4\n\274R\23\3617\243W\260%"..., iov_len=4096}, {iov_base="\343\372>+\257\270\313\35\263\270\nEI\257\203\266\304\334\263\272\202:^s\217#Sl\v\235\365h"..., iov_len=4096}], 2) = 8192
4131  read(3, "\t:s;\351\316\214*d\f\264\242;k`\316\34\v\214w\304\235\251V\213\342\200\261\267c=\245"..., 8191) = 8191
4131  writev(4, [{iov_base="\33\26\272\334=\214i\203\331UE\251=>{\362?\206B\226Q\35\31\206v^J\344\336\275m\r"..., iov_len=4096}, {iov_base="]\331b\1\350\370\216\21<\254\273\244\270\210]Q\231\261\7\325.,&\24\276\364~\336 `\314R"..., iov_len=4096}], 2) = 8192
4131  read(3, "2.'1\311@\241\230[8\rW\260\375\201K\207\241\6s\307^\334@?80\36(>9\221"..., 8191) = 8191
4131  writev(4, [{iov_base="\3ai\255x\r\355\222\250\253\334\252\363\233#\"\353+0o\34S\27\2216\220\210>1\27\\C"..., iov_len=4096}, {iov_base="v|\355\214Hg\1\311\225\31\316\352\273&\235\335\251\257b\374#\233\200V\t\343\234\302\311s\351\310"..., iov_len=4096}], 2) = 8192
4131  read(3, "\303\310\347H\257\201N\330\332\213]\320\242\260\33W\211\10\276\270$*`&3g\234~\275\222W\2"..., 8191) = 8191
4131  writev(4, [{iov_base="\314\250y\5\307\216G\251O\347\30\260\316\203\22\304OJ\206>\305\240\372I\21M\321 {\312\317\216"..., iov_len=4096}, {iov_base="c`\346\225Y\177xa?\350\"\371,\34L\n\266\t\v\223\357\238\330\350\344\363\361\254k\355\341"..., iov_len=4096}], 2) = 8192
4131  read(3, "\364\321P>\\T}\265\234\370-:\316Q\274\24\321\277q\21a\221\325Q\236\317\10@x@\373a"..., 8191) = 8191
4131  writev(4, [{iov_base="\226\305\374\231)\244\237#\344\221\335\31\240\367F\302s\342{\r\10\22\2757\365\30\375e\304\373:l"..., iov_len=4096}, {iov_base="g\17\217\321\242\10R\20N\377\3558\301\24\313\270\31\5\\\303Q\220\277\234}\31\275\250x\213\260,"..., iov_len=4096}], 2) = 8192
4131  read(3, "\3339r6\311Ci\275\32\205 \30t\234\r\347]\376\301\25\177G\0026\254\22\230\223N\30D\32"..., 8191) = 8191
4131  writev(4, [{iov_base="\26\2\273d\260\262\37\354\255\341\314@\263\2121\233\352n\234S\36\317\30762\210\16\371\250=\354\36"..., iov_len=4096}, {iov_base="t\n\346]\366k0_7&T*\\\177Y^2+\3644\334\327\263u\233\356\345\5\344U\vr"..., iov_len=4096}], 2) = 8192
4131  read(3, "H\23d\301A\6\270\214)\204Y3\vW\202;c\363lXY\313\317TT\3441\2202\337\351("..., 8191) = 8191
4131  writev(4, [{iov_base="\242y,\333O\212\356\301\3003X\262\247\3720*\25M\271\227\26I@)h\3705\206|\336\311*"..., iov_len=4096}, {iov_base="*\277\271\343<\202\4\252\243\321\321\327G\314\372\37\247\16\254\351xK\0U\0210Y\360\5\322\321\205"..., iov_len=4096}], 2) = 8192
4131  read(3, "z\n\221\234T\tY\4\321X\271\fq\302/\367G1\222O\26\3265\345z$}\266\235\227\377\361"..., 8191) = 8191
4131  writev(4, [{iov_base="X\302\253\272\3550m=\34\304Qc\350|F\210\235u|$\255\326_\250BV\350\211\344|>\355"..., iov_len=4096}, {iov_base="\"VXmbk\350b\316\t\373\277\262\372[\177\267U\307[\371\377Q\n\223V\317i\245\375\346L"..., iov_len=4096}], 2) = 8192
4131  read(3, "5\372\357c\235\356\n\3372\256\3405s+\34R\336-3s}\216\36\325\222\244\2049z\265.\276"..., 8191) = 8191
4131  writev(4, [{iov_base="\353c\"\35Y\306zN\242b\255\363/\362\303\337\t\200\234\25\367x\3\202\314\224\211>\260/\"!"..., iov_len=4096}, {iov_base="j\227\31X\31?Z/\6\31F\303\340\374\335\10\n\310\225\216|@\262\333]9!R?\300\225\20"..., iov_len=4096}], 2) = 8192
4131  read(3, "\327\200+\t\273x\332\26@\260\223\263OrQ\361\333Dt\323\22\236\310>E\2269\2R\36\216\216"..., 8191) = 8191
4131  writev(4, [{iov_base="\177\225\26\310\311\244\373\\\r\227\3627\265\373\22\250\362Mz{U#\220\254\213\t\303\347\\\216\310,"..., iov_len=4096}, {iov_base="4\320\356\23\344\305\335\26H\6\372\230\237\f\\\16\354\347\366$W\242\342B\225\1A\5s\207\351\367"..., iov_len=4096}], 2) = 8192
4131  read(3, "\225\371\243\303\347\25\327\30\343x\211\2aoi_UG\214\225\16\2659\376\270\260\234\310\337\373\210\31"..., 8191) = 8191
4131  writev(4, [{iov_base="b\232(\325\327\24tl\257\254J5\32\"^\342tM\0207\252N\r+\332\223G7\306\22\372 "..., iov_len=4096}, {iov_base="\24\316;-g\243\2U\210\37/\242\231\371\272\3`\247@\215\203\351\305\226\26\350=\222\fE[\263"..., iov_len=4096}], 2) = 8192
4131  read(3, "\261\327\17?^\2705[\220s\345\340)\32249\312C\324\375\303ueb\365\373\271\31\223:\2440"..., 8191) = 8191
4131  writev(4, [{iov_base="#\226\211\25\252\361\343\v\37\351k0\213G\273\271T\312\350^\323\357\4g\222\31\271\217\273J\236V"..., iov_len=4096}, {iov_base="smi\270v\323\223\313u\20T\241\212\\\271\271\364h\26\325\200\310\340\3\371\"\321\254\354V\343\230"..., iov_len=4096}], 2) = 8192
4131  read(3, "\255\17\"\f&p\337\33\21\335v\303\0RsI\10pd'u\277\316#\235\225\3703\3670\376\213"..., 8191) = 8191
4131  writev(4, [{iov_base="\30E\347\4\257\205'UH\6(\23o;\253\370\266|\2063\317\2352\6\315\377\335\263\371\275\207\275"..., iov_len=4096}, {iov_base="\233l\305\22+\373\207]\200\264\304?\tMa\270\2446\257\17s\337}}\320K\265$H\220\3701"..., iov_len=4096}], 2) = 8192
4131  read(3, "\320C\324W\227\332\365Z\7\300\"5_ PC9\326 \316\247\205\257\217I\336C\4ZsAV"..., 8191) = 8191
4131  writev(4, [{iov_base="\355\376\\\351\37684\301\263\375]C\0315i\2Vj\210\251\257\213\20\222u\256\342\22aW\310a"..., iov_len=4096}, {iov_base="?}\222w\216\355\346\30g\246\356\362\270\277\254\206%|\204K\221z5C\367\334\201\352\333\237B\3"..., iov_len=4096}], 2) = 8192
4131  read(3, "p\305S\227\377\37\311\201yK'\244\302hbRu\221W\223\24q\246\223\304\254\231\242\301>\362\235"..., 8191) = 8191
4131  writev(4, [{iov_base="\363\333\221\340\206:\270[\354\302\366\245F\251\306\310c\220#\177\215(n(\341vN\"\361P^]"..., iov_len=4096}, {iov_base="\236\371 \251cpE\343\326\320\21\t\237:W\315\351_\352Cp\224\37X\217\37\202\224\206\177@\233"..., iov_len=4096}], 2) = 8192
4131  read(3, "\206\321\277+\356\222\271\202\300kv\354\310JU\27\363\302\333\312}\213\274\1\347\241\2052\240\332\226%"..., 8191) = 8191
4131  writev(4, [{iov_base="\275\225\350n#\226\2327e=\217RVR\361\202\245\204\354b\37g<\1] \235\31}\206ZB"..., iov_len=4096}, {iov_base="\336\310\262\375\266\371\203\363|E5\340\376\222\311\4g\343Cc\371M\250o\346\25\7:\337\265\361\207"..., iov_len=4096}], 2) = 8192
4131  read(3, "0v\4\16L\340Zs7\275e9z\201\205\356,\26\275\367~\242j\253D9\301Q\4h\373\363"..., 8191) = 8191
4131  writev(4, [{iov_base="c\3648\0\327o$U\\\3031\274`\25\307\253\362\246\226\254\372^\347\333\344\3lJ\16|Z["..., iov_len=4096}, {iov_base="\302\273k}\5\321\3224\313(\276\230\340P\33\313\331u\371\223H\323\335\376\355\255\3647\251rI\316"..., iov_len=4096}], 2) = 8192
4131  read(3, "\250x.l\343+P\35\367\343\204\v\33d\242\300\36\243\223c\306\300\356$\337\361\333$1%]\317"..., 8191) = 8191
4131  writev(4, [{iov_base="\4!\262\364\322\207\374\316\227oZ\255\"\305\245\f\344\267\34V\263\243\263\0\250\2479H|\36\341\321"..., iov_len=4096}, {iov_base="\206~\352\364M\332\2073\360\"Y\241\264\263\fK\231\240f\264l\264\312\356\301]\35/\23\375\353p"..., iov_len=4096}], 2) = 8192
4131  read(3, "\300J\215\t\5\335\311d]\241\37\361\32\266\335\236|\316^\273\314z\275\225\330r\17\207]G\320u"..., 8191) = 8191
4131  writev(4, [{iov_base="\337\r+'^\321\355\251s\305\235\256\264\305\332\240T\n\265\0\6W\321\325\363\10\227\363\365\325\v\323"..., iov_len=4096}, {iov_base="\364\355\327*\272\347\330A\224k\256\223\345\301\300;\4Zw[\254\312\2278\206\313\333_v\3652\276"..., iov_len=4096}], 2) = 8192
4131  read(3, "n\217\314\334a]\222\3218\314\274W\327\220\260 \344\230\223\238\276O\253\210Pu@f|im"..., 8191) = 8191
4131  writev(4, [{iov_base="\301\235N/^\347\6N}\273\323A\240j\206\222<\324\202\206\300\276\22\23\357\327i\377\342\212\16\365"..., iov_len=4096}, {iov_base="E\220}\0012N\256\344\34\230\264\351\277r\247\361\212\307s\211\313]^\22dg\6P\v\205[M"..., iov_len=4096}], 2) = 8192
4131  read(3, "\326\241\34\372\0\214\362\333\262\310\242\276{\312\212z\347\20\354\310\334\344/\337\212\260\211\327\20O\266f"..., 8191) = 8191
4131  writev(4, [{iov_base="\f\32\377\300{\326\243:\254g[\323\212mL!g0l\234&\316\356\240\340KV\230q\363\vz"..., iov_len=4096}, {iov_base="x={\5\1\332\243\334?\252L6d1\356^\310L\317\307\274\225\303\35sNd.T\f;\222"..., iov_len=4096}], 2) = 8192
4131  read(3, "]\212\234'\264\220\247\307w\260\265\315\371.G\253\261L\5A\212C\"\243\23\231\5X\37\\\221\356"..., 8191) = 8191
4131  writev(4, [{iov_base="\36\344[\301\323Q\r\367o\3\1x\362\306\205\1776\4\275/d\214\324\367\300\271W)\263e\300\326"..., iov_len=4096}, {iov_base="\r MlN\375B-\376x\255\260\364\26\323\266<?\360!\231\357\367\20\311\240CSIJ\324\27"..., iov_len=4096}], 2) = 8192
4131  read(3, "~\26\365\325@\217\\\312\226\205W>J\310\25\25EKhm\341\2359\2\34\vo\230\225\v\374u"..., 8191) = 8191
4131  writev(4, [{iov_base="*,\255?\227\344\237\222f\0327\370\242\223n\255\247\207/\3342h\205\363m5\357\360s\v|\250"..., iov_len=4096}, {iov_base="E\332\376\333\217\347,\312\32u\241\264\273\265&\22\323\274X\266\314:\256\20\34\352>\4\246\250\25\241"..., iov_len=4096}], 2) = 8192
4131  read(3, "OO\276\212\362\216$\2706\215\273\347\304\241\\^\276\364\320\275\32KYF\321\221\216\250\222Lm\266"..., 8191) = 8191
4131  writev(4, [{iov_base="L\363\n\373\353\342A\300\345\17\4\351\230\355\1^dV\356\31\203\245\365\275\257\200\364\232\375\266\17\7"..., iov_len=4096}, {iov_base="\356)s\242|\314\25\20+Ufi\304\221\35{c\302\230\341\36S\221\2059B\4R4\222\333\341"..., iov_len=4096}], 2) = 8192
4131  read(3, "\342\246\315\3\n\343\224c2:\32y\32\t4\3656\341)D\273\36Ah\254\367\332rWo2\343"..., 8191) = 8191
4131  writev(4, [{iov_base="\256\255\235f\361\302\246\10}\34\10\215\222k\305\10\247\347~\24\371\21\32KQ\231\264\224\v\275\7v"..., iov_len=4096}, {iov_base="\241\261\323\23Rf-{\245(\257\373;\252\272\235\25\304&k\205@Gl?\277\227\314\351\30\276o"..., iov_len=4096}], 2) = 8192
4131  read(3, "\2160J\33\336\0&\346\325\332\16.lY\237z%\240H\10\177<<\241\245\3756\337\353\252,\226"..., 8191) = 8191
4131  writev(4, [{iov_base="\326[\365\330S=L\345\313\336?v\224\16\222\10V\5U+x\34j\342\222_\312\372\361\4U?"..., iov_len=4096}, {iov_base="\304uOa\313\303\1\347PW\274&\337}#\35N\307\222Y\0n\224L\2409r{\311W#\367"..., iov_len=4096}], 2) = 8192
4131  read(3, "\217\217\r\201Q\237A\205\304#n,\5\224\275V'\\:p\326\232\267\3074\376\275\352\300?;\343"..., 8191) = 8191
4131  writev(4, [{iov_base="`\362\0'\336F!h.\326\331\356\333\23\316\203\346PN\352\22\tJ\226\223>\252rvv\310\327"..., iov_len=4096}, {iov_base="\236\277P3^\2001H\222u\362\340\n+\374\242\262\201-\352\256.n\263\213*z\t\300\303\5\313"..., iov_len=4096}], 2) = 8192
4131  read(3, "\276h\216\37\344\337^v\252\33j\233\222\240\344\302\351\r$\350\301\32\22\345\326\f\256/\273+~\344"..., 8191) = 8191
4131  writev(4, [{iov_base="\223\250G\243\256\220\350\345\265v\6%\235\23\314g=\2307\214\264/\311\277\353\17\264\3571\260\231f"..., iov_len=4096}, {iov_base="M\20\304\30\317\374?\233x\16\373T\326Jm\200\250\317\252\16 ;Z\35{d\216]\346\367V\234"..., iov_len=4096}], 2) = 8192
4131  read(3, "U[\314\360a\346\214\23\211OL\245\324QW\270D\16\242\313\261<8\3159u\377~\vu\0\301"..., 8191) = 8191
4131  writev(4, [{iov_base="\220\364\344R\353d\262Y;mt\314\177\344*\363\223\271\272\352\v\276\245b#\322\252_\241spx"..., iov_len=4096}, {iov_base="\317.p\270\30\3\374\21\3361\21L\3369p\261\235\27\327U\360\255\36\10\341j\245\2021\206\352D"..., iov_len=4096}], 2) = 8192
4131  read(3, "\303\2408\3059U\374\226\5*\t\342~\276\23\244>\254*)\221c\256\241Y\235\220\2657\306\362\205"..., 8191) = 8191
4131  writev(4, [{iov_base="\20\33\365<\2\242\f\303\214\300\360\307\227\3U\226j\327\266\6\255\276#\216\257h3\270O\373\31\344"..., iov_len=4096}, {iov_base="W[\361lB8Mk\327\200.VU\357+\261\325lU\330\24 y\255\210\34#.;4\214\364"..., iov_len=4096}], 2) = 8192
4131  read(3, "q\202\207\0\221,V\300\224\325\4e\314\220\221\2738#*TO\307\227\4\310\320\215\273b\27&q"..., 8191) = 8191
4131  writev(4, [{iov_base="j\235.((f\242WL\r7~4\376y\362\254\2h\342\306\0075~J\222 q\25Q\324\334"..., iov_len=4096}, {iov_base=".\337;rs\23\0266\257\365`\333\5\333\351\3[Av\0305\340\231A\v/\207Wb\304\205\210"..., iov_len=4096}], 2) = 8192
4131  read(3, "iS\251\346\3551\211{)\204\1\217c\0v\301\272\24066\"\2448\365IB\333\351)\352'\346"..., 8191) = 8191
4131  writev(4, [{iov_base="\333>\272+xK\204[O\200\236$\336\223\377\354\220\321cv\257\350\245\3.\217:)\266\330\314\325"..., iov_len=4096}, {iov_base="\305\364\227\354y~\v]\212\245i\v\332\325j)\22V.\33\271F\223\273\31\331i\225o\364M\275"..., iov_len=4096}], 2) = 8192
4131  read(3, "\216R\21\276\314 \23Y\311z\255S\250\354\327\0341\\\277<7\252@\5}\267\371\234\344\277\205@"..., 8191) = 8191
4131  writev(4, [{iov_base="Fo<<T\363q\201\332K\207\377]q4\257\326Z\\\271\247l\327\216\373\22\6AQ\207\276z"..., iov_len=4096}, {iov_base="\365\342e\207eT\357\267\217V\343\333^\263S\255T\4\213\263\327<\341\352\217\16Q\374s\260E\335"..., iov_len=4096}], 2) = 8192
4131  read(3, "I\22\2611N\355yI\364\311G\377R\177\240@o\274\375\234ax\351\266\200\373\337.C\2421\260"..., 8191) = 8191
4131  writev(4, [{iov_base="\303KY\350\223\350s\307\276i\355\207\1\364\252\v\246\353\264F\337S\374\356\223fk\356#Q\306w"..., iov_len=4096}, {iov_base="2\230\251\366a\313S\25\370lS\322\342A6d\342\n\235\232\362\33v4\30\260.#1\233sF"..., iov_len=4096}], 2) = 8192
4131  read(3, "\320N\276\265\352\217\365\371f\26\341mdE;R\35\245Zpb\5\361.\r\310\262\34\0055\2200"..., 8191) = 8191
4131  writev(4, [{iov_base="\342\276\332\335\231h\215\252\t#\317]W\0320t\r\37\270\306\33\207^\251\375\244\255\5=\247\252Y"..., iov_len=4096}, {iov_base="m\262c\376\227\370M%\277\363\336b@\34\304l\234hUZ\",\232\303\313P\347\355cY[%"..., iov_len=4096}], 2) = 8192
4131  read(3, "\242\366\376\267\6\264\32\360\275<\t\211\315[\354\374\263.!\242m\233\335p\324Tq\271\374\3264#"..., 8191) = 8191
4131  writev(4, [{iov_base="\2\333\rSm\330\377P\216\331\264\2321\206\3426gOE<6\0gB\1\3548\363\324\340\232\325"..., iov_len=4096}, {iov_base="\222\340$\330e]]Hv\\4\205\331R9\225\330{v&\211\274M\343\17&+\360d\327/\202"..., iov_len=4096}], 2) = 8192
4131  read(3, "\0241\270\254\325\237Ud\204,!\203w\376@Y\336\325\234\212\316\31\nD9\257&1\37\234\3303"..., 8191) = 8191
4131  writev(4, [{iov_base="\f\343\303\363k\311\1\205H\211.d\227sW\2233\203\301\2314\16g\335\4=\2\331k\372\24\251"..., iov_len=4096}, {iov_base="\34\222\312I\3\315t\215\21\23]\213\215\376\346\356\21'n\222+6eN\210\177\177g\307\205\373\376"..., iov_len=4096}], 2) = 8192
4131  read(3, "\214\372$D)\355t\205\370\314'\"\324$uF2\241\321.\352+\5\21O\243\23K\371s\275\341"..., 8191) = 8191
4131  writev(4, [{iov_base="GK\263\24H\242\261#\203\262C\23\226\3\2421x\204\303\337?\f?\311A;(G!\346ye"..., iov_len=4096}, {iov_base="\214\33t\3076\337\314\251?A\22*u\230g\230EQ\235\262\232\314c\321\21\366-:\211\36\330\335"..., iov_len=4096}], 2) = 8192
4131  read(3, "\2\257g\272\22yE\1_\215\20\314R\4\247\345\32\1\\FRu\345\253_\v\27h\376o\23\360"..., 8191) = 8191
4131  writev(4, [{iov_base="\213\"\313T\226\214*\204\212\331\336wb\27\275%\273\247\352\303\267\207R\25\270\243*\f\0050\212u"..., iov_len=4096}, {iov_base="\356p\36\267\3421\3472<\257\360\217\227I1\277\200dh,\5#\274\33\324\215\222\337\270\216\34\217"..., iov_len=4096}], 2) = 8192
4131  read(3, "\247\226Z\322+\v\v\266\2256]\0W`\3129\203\341\367\7\356l\244@\256\21\351\340T\354\361\213"..., 8191) = 8191
4131  writev(4, [{iov_base="\30r&\205\f}:\255\207\10\35\254ld\33\337\324N\252\245tG\37\277aT\230F\2054;\252"..., iov_len=4096}, {iov_base="j\232%\273\334\313\343\3532\354\345U\314\223\265\276\0211\330M\7Z\217V\0062\33\34*\2407]"..., iov_len=4096}], 2) = 8192
4131  read(3, "x\313\215\27\335\226\254\240L\322\23|\346Re\361\3249h\273\321\253\33\37i\373sg\211\326r\354"..., 8191) = 8191
4131  writev(4, [{iov_base="r$\374\2.\16\270*8gb\335\242\326v9\245{\nZ~w.\34\237\362v\323\200n\10_"..., iov_len=4096}, {iov_base="l\22F\16\367\361\304]\307(\242\200a\f\251\254\243>\250_\375\377\"\37&*\3624F\276'\317"..., iov_len=4096}], 2) = 8192
4131  read(3, "1\224$\362\"\243\277\264\240\204\245I\203\306\217\364\24\346H\332\317\301{\211\314\323\311\215\3360f\301"..., 8191) = 8191
4131  writev(4, [{iov_base="\30l\241O\320\250\350J\21\356\357\240\226\322\351\256pV\374\2i\377L\312\372\233\272\322\\:\266\346"..., iov_len=4096}, {iov_base="\227XWYI%\260\262\311j\275*/+\312\211k\302\216\230\222\323 \342\355\343\376\377\0\261L\n"..., iov_len=4096}], 2) = 8192
4131  read(3, "\211\313\36pH\321\230\1\374%Q\362\17\271\322\0214C*\315\374\326\303\373\345s\352\n\201\240\340@"..., 8191) = 8191
4131  writev(4, [{iov_base="T\23:\2464^\371K\301\3134K%\271-\276,\3413\257\26q \350O^\311\256\31\317\17\211"..., iov_len=4096}, {iov_base="\267\266L\324H\350\320d\307\335A\316\207\223 \345X\224Bk\371\377\247\3772E\277\0\367_\345\377"..., iov_len=4096}], 2) = 8192
4131  read(3, "7\235[\233\212\350\211\341\313%\306;\3\374b\213c\360\347\275v\274KyR\273\34J\275\30\\-"..., 8191) = 8191
4131  writev(4, [{iov_base="\362\250\374H\253\354\3P\235\253\276G\352\24\273:H\264\331\310\21\315\0F\265v\"{'f\336\254"..., iov_len=4096}, {iov_base="\243\264\345\17y\37\354E\330\\0\326;\374\271\313\256\305s\232\252\341\236y\"\314K\204\252F\312O"..., iov_len=4096}], 2) = 8192
4131  read(3, "U\305\261\256\2208\0365\351\4\274\306t\355\331\370\247;}\212(\213\374\313{fJ\rL\17r\305"..., 8191) = 8191
4131  writev(4, [{iov_base="\324\245'\270\321R\260j{\353\265\36\26\250\10lO\17d\220\377\227\277\361P\244\364\2045\370\271\276"..., iov_len=4096}, {iov_base="\nL\178\304\266Sx\360\230\33\352\337\202Q\323\266\216\340\365'\303sM\331g\216\357F\1\353\267"..., iov_len=4096}], 2) = 8192
4131  read(3, "L\365J\332w\203\200\363\234`#\310\243\3336\201w\7af\214\232\243Q\215\355m\224\323\316\343\370"..., 8191) = 8191
4131  writev(4, [{iov_base="\337\325\3320\35\220\306\327\217\317\355\334\267\361g\231\351\301\240\262\4(\310\357\372\343\2{En:T"..., iov_len=4096}, {iov_base="\325\213\2147/\225Wgt\262\305x\20U\275\331\203\221\0 \325.ll\26\36_\34\324D\\\277"..., iov_len=4096}], 2) = 8192
4131  read(3, "\317\262\265\34\246\177\322{.\214K:\267\245\322\252J\273\254Z\36r\216#\247@\245\244\214\317t\331"..., 8191) = 8191
4131  writev(4, [{iov_base="\220\0\205*\304\250\373\354f\312\377\351\3512\360'Kx\221\237f\222\225\307\302-\222\244c\246\316R"..., iov_len=4096}, {iov_base="\tV\321\277!\36\364(\31\331aW\332DA\323\24\202\214\243I\273\23\201g/\264F\343\255\215\367"..., iov_len=4096}], 2) = 8192
4131  read(3, "8q8^\3241\245\310\366\350E\1+\2171\\\300\301\37\20\223?7Z\321\207\303\221\34Q\225\246"..., 8191) = 8191
4131  writev(4, [{iov_base="\355_L\346P\277\335\374L\256\355.\4\371\f\34\341~!\207\272Fu\27\324;D\\k'`\265"..., iov_len=4096}, {iov_base="P\302\256,\254R\"\355\3\324\3632\232\200\3168\373:\2605\224q\362\376\306\250I\301\322\6Eb"..., iov_len=4096}], 2) = 8192
4131  read(3, "\307\214h\322&\311\22kr\33\321\366\277\213i\"\25e\234\225\211V\371\341a\376\5T\276{\317\177"..., 8191) = 8191
4131  writev(4, [{iov_base="aV08<\r\300\311\332B\252T\177N\265w\352\34+\301\t\353\326\362\375$\4\3nZ\372\205"..., iov_len=4096}, {iov_base="vv\310\2P/\246\211\374;\345%j\363\274DB\24,\226\360\347\243!\23\267\6]\20\314\230\35"..., iov_len=4096}], 2) = 8192
4131  read(3, "M.<\356h`\220\25\316\231\276(y\216Q\341\354^\21\331\245Q~\304\207\"\327\224\37\201\337#"..., 8191) = 8191
4131  writev(4, [{iov_base="0\377\25\303\331F`\226At\245\307\306\37I\227'}l=\224\357\273+\350\353\350\207)\"\234\231"..., iov_len=4096}, {iov_base="\333$\231\2459\371`\32\210\333\223\340\4\20/\5l\306*\35\2557\3643\303\370f\242j\267Ct"..., iov_len=4096}], 2) = 8192
4131  read(3, "\372\316{\31*A:-\335\227\335\37\323\274nK\372\23\320\222v\327\273\323r\7\330s\20\231Ob"..., 8191) = 8191
4131  writev(4, [{iov_base="0\246\365\1\337\f\221\22h\352\2124\240\331A\336\346\265\346\263\263P\370\224Z\370>\335$\371\fZ"..., iov_len=4096}, {iov_base="n\212\177\322\213u0\337\242\3363\2\22@*\310\377\351\272F?\313\10\356~\217\260\306\233\372\315e"..., iov_len=4096}], 2) = 8192
4131  read(3, "k\212\237Cr\335S\216\330\326\35i\2362@\316\16\17c\223:!\236\352u\274\31\215\314\1\375N"..., 8191) = 8191
4131  writev(4, [{iov_base="\257c\27\255n\10\341\22\257\354\370\202d\24.y\23c]\313\374\32\347\346\245\316\336\372\246\177\1\330"..., iov_len=4096}, {iov_base="\372KP\323\1\r\17\346TZV|\24\240n\256\350\360\231N\357~}AA.\251\230q\3572\201"..., iov_len=4096}], 2) = 8192
4131  read(3, "\24\273m\270s\267.]\253\227\313:\267\204A\265[/Zf^]\371\324p%\347Cio\v\341"..., 8191) = 8191
4131  writev(4, [{iov_base="\rACp\7+\35\2q4\242f\244(\\\210[\353\25h\352\305\3202d\243-r\262G\207r"..., iov_len=4096}, {iov_base="\320}\314\213|\267\372\376;\373\202\17\233Aw\242J\213\24W\366\fZlj\301\231u\0030\341\245"..., iov_len=4096}], 2) = 8192
4131  read(3, "\336Q\351O8\304\277\311\214\302\34\2021\263\371\224D;\201S\223\210X8\2(\206\314p\233\332\235"..., 8191) = 8191
4131  writev(4, [{iov_base="e01+N\1\350y\362ScW\200\267\27\377\347f\214_\277v\246\34\242\0326\337\24\350\220B"..., iov_len=4096}, {iov_base="Xi(<%\324\341\210d\346\363_\317\245\35\202\3402\332\340\346\355<C{\247\314\250t\302\307g"..., iov_len=4096}], 2) = 8192
4131  read(3, "\343:\303$i H\351\275r\363\1\201\236@\327G.hvFr\n\25\243\10\310\16\200;\177\263"..., 8191) = 8191
4131  writev(4, [{iov_base="\337\27\25\21\16\331\211\213Q5\243\311\271\33v\244]\350\276\246H\211\272a\240\332\275\215\355\253\357G"..., iov_len=4096}, {iov_base="\354R\260\250\351\200\177\331]c\224q\341\374\213\240C\303\325d\243\32'\340\306 \36\202\364\315B_"..., iov_len=4096}], 2) = 8192
4131  read(3, "\265\331 L\327\230\253\273`&\v\300\33\323\6\312g7\204?\334`\226<&\357\367\33\\\322S\255"..., 8191) = 8191
4131  writev(4, [{iov_base="J\276&=\233\254j\254\351\264\3738\373\202&\201\21\277\211Y\323\351p\4\3560\27\3158\264\341\212"..., iov_len=4096}, {iov_base="\245I\323\216\3450Xwi\320Apn\357\206\7\272\245\273\t\266\36\307\204\222zIks\4T\246"..., iov_len=4096}], 2) = 8192
4131  read(3, "l\307\333\23B\316\232h\32\314\37\200\25c<\2356\274\326\224\345qG\254\231'\n\20\7\256\372F"..., 8191) = 8191
4131  writev(4, [{iov_base="\277\320\350$\"\206v^\214L\6\225)w\200B\\O\367\222J\316\247\34]^\317\3554\364\353a"..., iov_len=4096}, {iov_base="\6\255\213i\310|\223+\334\212K`\30G\205Xd\207\320>\216d\344\210`\"s\251\\(\363Z"..., iov_len=4096}], 2) = 8192
4131  read(3, "K\335h\363+C<\357!\0C\367\327\245\0017L&Y\300Ai\3238\223\250\222'\276v\206\305"..., 8191) = 8191
4131  writev(4, [{iov_base="\270\30g\216\200nf\7\366\25?\354\372l\302K\22\344\30\243\320\230\340*\310\17\345\365\234\242&O"..., iov_len=4096}, {iov_base="\356\364\0224\374v\373\37B\25\7\364\35\212\367%\2366\373\315P\265\22\10\0\332\2726\6\5\263\17"..., iov_len=4096}], 2) = 8192
4131  read(3, "I]\233|\214)0\"\244:\323\303dq\3612f\236P\254\305I.\347\313\274\271\252\4x\356\207"..., 8191) = 8191
4131  writev(4, [{iov_base="\212\5\210<\211\214D!;\252\v\207m\10[\231\236\372/\271\371G\317\207\207\7\260\262\tT\16\341"..., iov_len=4096}, {iov_base="x\216\244\241\204BF>\32\267\26\355\364,\247\240\267\244N\31]n\375\335i\36\254\214\332\253\323\352"..., iov_len=4096}], 2) = 8192
4131  read(3, "\23E~U\215\\\207\10\326\17m\223\2524h\373\226\361\22\6\350%<\361\240\374\202k\20\221v\222"..., 8191) = 8191
4131  writev(4, [{iov_base="GQ\364h4e\304\250\337\252\374rn\213\251M9q&B\217\0051\262\331\223\n\177\3475\304\275"..., iov_len=4096}, {iov_base="\261$\1`o[\25\263\264I-\313\320f\237\377f+\351\225\217\306\342\0\3605G\375\242>\345\36"..., iov_len=4096}], 2) = 8192
4131  read(3, "\2348\223\337I\377\244i\245\231\6\376\340\267\252\23\372\263\366\22\24,\343\360\333\353i.\371\276\203\214"..., 8191) = 8191
4131  writev(4, [{iov_base="o\6\252{\330\317\204\366\261\257L)\234\312\330\3073\235J)O61\35\256k\371\272le\324B"..., iov_len=4096}, {iov_base="\306\347\346\314I\230;<{\3(\v\261\307\177\334\375\367\";\27\224\37T;\336\33\251\332\\,~"..., iov_len=4096}], 2) = 8192
4131  read(3, "\370zR\362\266\303\255#\346\347w\375\353y\367\21\202\2405\254\266\354W\36\212W\205\25\374\333\267\23"..., 8191) = 8191
4131  writev(4, [{iov_base="\10\265s\271\240N\213 \203\336\232\266\266E)n\367'>M\323\6%R\207\254\205\322\4\321\335\323"..., iov_len=4096}, {iov_base="TV\326\367\371\354Y\231\237&\32#\2079\377\230\21\33?\271\221\nH\221\365\306\354|;\273u\211"..., iov_len=4096}], 2) = 8192
4131  read(3, "\265fq\306\346\217\247j_\233\320?\203\353(\221D9\326n\364\311\367_Y\202]Dq'n\34"..., 8191) = 8191
4131  writev(4, [{iov_base="\24\2\370;E\232\216\323^[\254Qw#\223sE:\275\321\253\221\267\347\177\177\311{\356\231\324#"..., iov_len=4096}, {iov_base="WKBH\224\32\372\253\f\366S\233\306_\10\237\263\312\312@\337R\313:\354\24l\321t\264\7\3"..., iov_len=4096}], 2) = 8192
4131  read(3, "\36\224\254\10\345r\22@&\4\252\334\230[\26\5\354.\267<\364\231\2625[\1\261\1\317\344v\325"..., 8191) = 8191
4131  writev(4, [{iov_base="\247kC^\v\212=fJ\235\327+\337\324\367?\32\313\255\275\354\375\342\201A\313\304\245/\21(\221"..., iov_len=4096}, {iov_base="\266\24\265J.\311\344\324\271\3\243\225\16\rb\355\345\352e\252,\243\312\206\10a\351\243\22\332\255\254"..., iov_len=4096}], 2) = 8192
4131  read(3, "`\337H\32\0\363:\226\330\244#x\313\312@\24\241\366\360_u\10\20~\0\17X\310\264\351q5"..., 8191) = 8191
4131  writev(4, [{iov_base="\3135O\244X7\360\226\23\370B\214\10\232\1\345\326\246\270T\2\342\3\300\3[\346.\366\371\2\211"..., iov_len=4096}, {iov_base="\217\352u\266\17\f8\315l\232\r?Ad\363A\272H`.:\f\3660K\333\342\257w\322\324\361"..., iov_len=4096}], 2) = 8192
4131  read(3, "\16\273%7o\242\352\357w\233\333\31=\232\353{tJt9\260\352\376\250\210\33\341\376,(\243\323"..., 8191) = 8191
4131  writev(4, [{iov_base="\342\373\223+F\22\322\t\20,_\257\357\212\250\224<\204\320\241\256\330\222\344\201\271\327^\207\373u\26"..., iov_len=4096}, {iov_base="\204,xO\340|Rv\231\6\347l\220\351\354\5\256\177\0372\330G\f\377\376q\7\312\201\200X>"..., iov_len=4096}], 2) = 8192
4131  read(3, "\247\372C<\354rN\203\244\204,:\205\225\v\245\375\215\201\203\373\240\250h\312\"\v\237\237aX("..., 8191) = 8191
4131  writev(4, [{iov_base="\254\246\210t)\344m\207\0@1\203\366\325\244\232(\215w5;\354\374\323\235\366M\357\242\t\247\252"..., iov_len=4096}, {iov_base="\206\202?\244\202\226\265U\240\351\215\17*Y\225P\335\362-\360_1*\262\337\337\332\37\255=\262{"..., iov_len=4096}], 2) = 8192
4131  read(3, "{\207/%]z\230\277\247\232\233^j\345\31\351\246\200\21\350.2^\356\324#`\327\312q\25u"..., 8191) = 8191
4131  writev(4, [{iov_base="\323\266\226W\334\7!\354\206U\273\375\266\240\235Y\312WJ\3?\367*\2536\264\222\310\315(ZY"..., iov_len=4096}, {iov_base="y\221}\335k\221\260d\5\210\340@\227\230\252\356QQT\27n\340\326\325>r\245P#\2\371\246"..., iov_len=4096}], 2) = 8192
4131  read(3, "\346\0B\230\332\275R\5/\353\33|\372\251\16S\\\376:l\216\312\363\234\4s9\305\243yh\312"..., 8191) = 8191
4131  writev(4, [{iov_base="\331p\17\215\254W9\17\321|\252\303V{\372}\271\271\375e\221\347u\314\227\17Os_)#r"..., iov_len=4096}, {iov_base="\254.\354\267\321\231\370\35$\305\227\223\215\nq\302\373\300G\n\367=\355\322\217mC\276|\233)\36"..., iov_len=4096}], 2) = 8192
4131  read(3, "\342:b\235\206N\353\274\262H\376?\264\273\220\317\367&\341U\222\340\342N\336i\205\341\200\236\245\253"..., 8191) = 8191
4131  writev(4, [{iov_base="d\37G\351\211\235\234\r\10\212\312\266\200\204 \2724\200\10\260\24Y\314\21hT\311\320\372\224d\271"..., iov_len=4096}, {iov_base=";\30g\317>\\\355 \333\16\17\7 :`\"M\3065\26\342#1\"\232\263|\252\375^\360E"..., iov_len=4096}], 2) = 8192
4131  read(3, "\356\213\337,\250V5\244\366\232\361\37\37m\321O-h\r\234\205\"\261\216\302e^_\r\23\235O"..., 8191) = 8191
4131  writev(4, [{iov_base="Z\261\273\377VWHV(\6\364p\302\3142E\375.\370\367_\240\35'\351v.\rQ\vL&"..., iov_len=4096}, {iov_base=".>X\254\363\275l\204\203;\342M\205a\3165\371\221\32\207\252\356\327J\337\203&@\311\5\302\247"..., iov_len=4096}], 2) = 8192
4131  read(3, "\3\264.\26$\346\331\37\2065D\371J>\30\6\263\3036\240z\347\377V\342\204\256\300\264\362.\244"..., 8191) = 8191
4131  writev(4, [{iov_base="\235-vgK\27\26)\0020K\225v\326\22\214\"Bt\354\212.\200\276\v\276\7I\347\323\30\243"..., iov_len=4096}, {iov_base="\365\342\27\374E:\352\256\220\3554\336\356\177Qr\330\253\r\3+;\300\2\206$\254\2\236\247d\257"..., iov_len=4096}], 2) = 8192
4131  read(3, "\261sdy\344\372\257m\253\236\264\306\6\332:E'r\232\316\225\22\23\342\317\256\245.Z\26C\221"..., 8191) = 8191
4131  writev(4, [{iov_base="\\\2442\t\360+\331\354\230~\33\254\244\227\236\361\34\371W\245\210g\6!ft\231\372{\350k\377"..., iov_len=4096}, {iov_base="\220\272\215\336\347\374_\372\306\365{QH\261\2038\335+\25\240)\220D\230\204z\n\260\310\210\271}"..., iov_len=4096}], 2) = 8192
4131  read(3, "\202\257\2329M\263\301\"xP\30\304\347[\373\346\237\354\366TlP\fq`w\r}\364Eg\315"..., 8191) = 8191
4131  writev(4, [{iov_base="\300\21V\36\275y\217\253\17\366\331\352\216\22\322,\304\354Y\257\6\353\262\256l\222\317@\214)\362\1"..., iov_len=4096}, {iov_base="g\330\300W\3529t;c\372\210\2165\211R\262mh\327H\332UC\3536\356\335\372xP\240\373"..., iov_len=4096}], 2) = 8192
4131  read(3, "tB\275\20\261\370\3654A\26\256\334\243:\314%\251\310\6\6\300O\177\363\262\223\246\244\324;\244\333"..., 8191) = 8191
4131  writev(4, [{iov_base="I\224\266\5\260\t+TxsV\10a2~\222\t\177\222\326}\340w<\276W\202\5\354\315\372\34"..., iov_len=4096}, {iov_base="%\260\321\2044\234\274\257M\26\200\210\33\373\365]N\\*m\260\346\16\270H\372\25]mb\1\204"..., iov_len=4096}], 2) = 8192
4131  read(3, "\267\"\230)\5\222\337\3226DO\30\341\235\242\270\267\210}j\300\314\\V;\327\312\214\32\334J\32"..., 8191) = 8191
4131  writev(4, [{iov_base="k;R\217\17D\33\236\247\374f\210\360|\224\300y\376o\2544\250\277\210r\324@\307Y\1QE"..., iov_len=4096}, {iov_base="\360X\17.\231)\211\363Zh\252k\271/\236\276\325\347\375H\261\270\224*j\352\375I\21O\324\216"..., iov_len=4096}], 2) = 8192
4131  read(3, "X\\DA\364\310\364U\224\251\346\352\2365vv\1\5\212\261\230\315+68\374\261\356j\310MG"..., 8191) = 8191
4131  writev(4, [{iov_base="6'\216\35-4G\0\242\253\10\34\357\303\264\326G\234\17]DB*\4\31\262\352\337O=5\273"..., iov_len=4096}, {iov_base="\37]fy!`\34\33\303yR\231\330\331\37k\t\t?{\0215\336\243\352%\236\211\323\367\210X"..., iov_len=4096}], 2) = 8192
4131  read(3, "\214\372=\217\260\207\6\331_P\256\225\234J\344\265\350V\206\252\20\257\373\">\344G\345\377\310$\\"..., 8191) = 8191
4131  writev(4, [{iov_base="\2\250\5\372\370\t\2\330\371\320\24\246\7\240\204+ \255VV\327A\363\235E\206A\212\240m\24{"..., iov_len=4096}, {iov_base="Y\336k\324\33\267\315\335FQ7b\303\250\t\353\2\204\23\322U&iN\250=\330\327\207F\4\203"..., iov_len=4096}], 2) = 8192
4131  read(3, "\315\245\346\345`d\354\226\213\16\1d\243\\\244a\6\302\302\323\251>\222\35\357\203 \337\204\336Ax"..., 8191) = 8191
4131  writev(4, [{iov_base="=\227\30\350O\25\233\210e\224\2619\203\2473\323\301\2065o\205\303}?\361\31\374\347\264\25x\372"..., iov_len=4096}, {iov_base="\204}\313\326\211Z\365\264\311\243;\337E\2241\25\2H\244b\7\315l2pL\351w\21\273\270\r"..., iov_len=4096}], 2) = 8192
4131  read(3, "\346\f\23\333\17\245\362m\234\276\211\363\243T\343\7^\264\231\210|L\235\377D\f\260j)\2470\300"..., 8191) = 8191
4131  writev(4, [{iov_base=":\261\252\372\277\371\266\311\243\305\22\232J\301\317P\277=\0334\267\316\251\353\17\343\37\216*y\237V"..., iov_len=4096}, {iov_base="\213\335\351\324\321V\224:\211\343\227)\345\257\331\316\23E\336\213\256EM3\271\276\272$\250\356\354\272"..., iov_len=4096}], 2) = 8192
4131  read(3, "\261\273SIM\256\222\272/\4\201\211R\304Be\r\322Jc\36B\320s?,\n\217Y`\344\330"..., 8191) = 8191
4131  writev(4, [{iov_base="\252\241D\213\202\344b\275\234\33\377;\271\371\0344\2409\310So\316\320\226n`\276\272[\260!@"..., iov_len=4096}, {iov_base="\232\310\17\5a\337\242\20\260\210-(\224\224\257y\23f8\226\2105\211t%\201&\333\240\321A\4"..., iov_len=4096}], 2) = 8192
4131  read(3, "Pk$\264f\34|\345\4\325\346\332n\251\f\312\220\275\243\204\267V\365w\3076\305\324\245\362\272\377"..., 8191) = 8191
4131  writev(4, [{iov_base="\274V:e\335\365\230\355\177\250\220V\0\0x1\273U\332\200\217\362c\326>i\f\255\357#j\316"..., iov_len=4096}, {iov_base="\354as\207\33\316090\207R\22\246.\213\0073h9\271'\310y\"^\266E\231\331w}h"..., iov_len=4096}], 2) = 8192
4131  read(3, "\237\1\247\316\335\232\7\201]\262\323\354]a\210^\215\227\0\366\224'\335\365\245\t\212\233\374\27\24\37"..., 8191) = 8191
4131  writev(4, [{iov_base="\365\"\375\16[m^H\255\23%\226\262\337\274\306y\254\375\346\275\223r\341\325\201}\331\331;\313\362"..., iov_len=4096}, {iov_base="&\0217;\366\17\37\361\314\265\351@!J\237\337S\30\313\216\224\2A\325\357\216\37\36~\366\21\323"..., iov_len=4096}], 2) = 8192
4131  read(3, "\265=\25\25\3475b.\"2\214D\205u\242\312\236\233\367\20\224iJp\247\25\243\3435AB\20"..., 8191) = 8191
4131  writev(4, [{iov_base="\363v|\325\333\356\242m\217\267\332\n1\207\2663f\364\325\316!A\31\345Wg\0#\355\250\201D"..., iov_len=4096}, {iov_base="|BT,\305\226\237s|k\35\373\245\376m\vG+y\226O}\253\206Z\352\310I\227H\33\360"..., iov_len=4096}], 2) = 8192
4131  read(3, ";[q\3\223\1z\360\37\216<\347+b\366\374UI\0~_\320\34\305x\201\247\25><\363S"..., 8191) = 8191
4131  writev(4, [{iov_base="$\30\320\367\225T0G\353P\357\232\340nr\277Nip\370b\343&_\306M g\f\335p\312"..., iov_len=4096}, {iov_base="\226\246a\360\17qV\310\365<}\330\233\315$\374\320\227I0/\364-\f.P\352\5#Bs\352"..., iov_len=4096}], 2) = 8192
4131  read(3, "\310H\300\246df\260&yT\373=:\356\302K1\325\256GJ\277\253\36788\331\226J\203r\271"..., 8191) = 8191
4131  writev(4, [{iov_base="%4 \246\23,\304Z:\227\326\375?\305\24\342Jl\276\32\317\212\\&J\327\376\217\267\315\16\2"..., iov_len=4096}, {iov_base="\2614G\357`\230\3467%\310\33\204\240\356\335wiHpRF5\307c\355\374\257'9\371\354\1"..., iov_len=4096}], 2) = 8192
4131  read(3, "N!\316;\37\7-\350\26\323\227X\364\265\272)-\247D\324\324kA\266\246\320\257W[9\371\260"..., 8191) = 8191
4131  writev(4, [{iov_base="\"%\355i\317\272\356\3705<l\363\260\2563\314\241\f\10\244N#\25\221z\203\\,?g\200\35"..., iov_len=4096}, {iov_base="\370x*\205\0\257\274\345\376L\203\267\271\261\376\203\206F\26\203R<\277\242\245\337P\210\366\200\320<"..., iov_len=4096}], 2) = 8192
4131  read(3, "\246\2033s\235@\27\306\271\356\333\322o1\320A\351\240\373\33E\313W\303;\vHg\367\30\10\264"..., 8191) = 8191
4131  writev(4, [{iov_base="2)>\362\35\24S\233\332D\25,\226\34\246v\255\227\312z\16W9\375\332\2\235aw\357\"\242"..., iov_len=4096}, {iov_base="Y\\\306\247\302\27\206>\26\374H-\24\346\374\3\262[\210\244\373\214\26\307G@a\276\241\201\21\210"..., iov_len=4096}], 2) = 8192
4131  read(3, "\377\31\312\306\247~\250\340\24\365\251\2231\221\24/\321\372\232B\330\217,\203\30\374\323#\221^\241\325"..., 8191) = 8191
4131  writev(4, [{iov_base="\217\4/e\314\274\341=\266B!\200\23f\35\25._+\265\264\231\234\337\226\320\347\213\301\323\2456"..., iov_len=4096}, {iov_base="@\r\33\211\303\26\n\16\307\212]\330\315\301a\32G\234>e\332\311\373,v=\211\365'?\364V"..., iov_len=4096}], 2) = 8192
4131  read(3, "\303\324{\32)\207\10\243!\2\36\353\216EY\rpm\376|\372w\255$%U\340}\274\"1\226"..., 8191) = 8191
4131  writev(4, [{iov_base="\235\272\"\205T\260 \355Q_\317\4:\370\361\344\22\200\357\302\24pG\342v\206\243\343\16\2728\333"..., iov_len=4096}, {iov_base="\346\364%\253r0\3636\230\336\227Py\225r;\307|\367\315=H&wEs\232\2241\203\v\17"..., iov_len=4096}], 2) = 8192
4131  read(3, "\331\26\214\361\233\2T\315\222\7o\n\301\325\31f\371~\270a\226l{)\242\366|)GX\233\262"..., 8191) = 8191
4131  writev(4, [{iov_base="\303\256\252\213B\256]\211\267P\6{\264\201\342{\363?\32x\342v\246\226\265\5\224w\311\366\303\35"..., iov_len=4096}, {iov_base="\367\366\372\372\27\211\253\345\277?\10s&\331\1\2731\361\344\371\25>]\215\n\355\212\205H)\277\336"..., iov_len=4096}], 2) = 8192
4131  read(3, "P$c\f\36\27cf}\21-{\372J\252m*z\307\36\261\2139\246\274\345\265\333\301\372`\305"..., 8191) = 8191
4131  writev(4, [{iov_base="\335#\305\355\240\340\351H\363oN\346[k8\31\t\2\20\vW\352i\207{\300\212\365n\236\243\342"..., iov_len=4096}, {iov_base="\234S\244\306\370\33U\3\204\233\322x\36\300\224\332\3153\345\1\210X\363\315A\224\204P\371\267\303\367"..., iov_len=4096}], 2) = 8192
4131  read(3, "_\272\260\246\370\221C\22\361\240o\250#\222\250\5\3231\2467\215v!\340\20fq\4\32\261t\272"..., 8191) = 8191
4131  writev(4, [{iov_base="z`P\263\273)\225\35\r\234\320\213\307X\374\363\350`\35_\266\303\23\223<w\334\"\1j\26\250"..., iov_len=4096}, {iov_base="\2\365\323\6/\333\346\325\24\265Z\215\271\2y\26Q\215W\225F7\0jB\1\200\36/QG\321"..., iov_len=4096}], 2) = 8192
4131  read(3, "\321\370\2D\376\32I_vIY\213\26'\302\303o\254K\262Y\332\226F\314\255\366L\220L\2536"..., 8191) = 8191
4131  writev(4, [{iov_base="\210UF\337l\\\263\325\24\2\370\33\303\3551\337\7}E\320\353U\230\210\33\241\207\340D*\307t"..., iov_len=4096}, {iov_base="d*j\335\16\366\251\321`o\200\236\206<\252\343m^V\21\1M\302&q{\327\205\347\316j\327"..., iov_len=4096}], 2) = 8192
4131  read(3, "&\4\250UgZ\247\\\325\2417\376\262Nz\200\347}\17$\327^\27q\267\23\202uHo\214n"..., 8191) = 8191
4131  writev(4, [{iov_base="\364\374\363\234\242*\5\314\271\345\2773C\266H\316\270U\246\236G\30\33\27\36\362'W\200dIY"..., iov_len=4096}, {iov_base="\230>k\27\343\31\232\2240\244\210\361\343u\242\200\265\30)\fz\264t\244\351K\5,|)\256?"..., iov_len=4096}], 2) = 8192
4131  read(3, "EI\214\273\212\302\35~\274\4.\5\350eQ\307\17\211\321\347\300\307\5\254H:\f\\u\306\5\25"..., 8191) = 8191
4131  writev(4, [{iov_base="\335\343\324\236\234\3326\212*)\34\324f\30\240\10\260$<4m\227D\220\357\246\314\6A\216^\347"..., iov_len=4096}, {iov_base="\331\352K\264D\370\360\315\260\f\222\236+\307\232\366\373\213\266R\375\35<u\256\334\376d\373v\23\227"..., iov_len=4096}], 2) = 8192
4131  read(3, "\334*\3Qa\325>\262\251\vUM~\244l.P\345\326@\34$\223\210.\337\302\305\331\273Q\331"..., 8191) = 8191
4131  writev(4, [{iov_base="A\tg\31`JI\363\326W\307F\363\371p\300\255\367*B\365\231\305\205M\306/\16\206\325\205X"..., iov_len=4096}, {iov_base="\370\2014o4\272>\n\31)\201\230\316\323\337c%8\255p<E_6\37\353'\4\3278{A"..., iov_len=4096}], 2) = 8192
4131  read(3, "5~?2F\256f\r\325{f\22<\245\241i\342\272\276U\32{7\264\346\245]I\274\22\34u"..., 8191) = 8191
4131  writev(4, [{iov_base="\30\353\313\2432\"\37\20\325'VI\271\370\273$v\374\2023\356\2059\257\260nW{\377\365t4"..., iov_len=4096}, {iov_base="\211\361\321]Z\320:6\367\301\334\252_k\r\3\261S0f\245\243F\37\260\246C\22\203\254\267\375"..., iov_len=4096}], 2) = 8192
4131  read(3, "\205nBI\353\277\320\363\243\342\n\375\275.\23e\371\235bP\254mi\27\233,\203I\264\304t\233"..., 8191) = 8191
4131  writev(4, [{iov_base="e\376\26)\357\315J\312\16hE_\247\377\n:\212\351\00708Q\245\34}\373/~\230\312p\333"..., iov_len=4096}, {iov_base="s.n\255\375\351\17q\343L\204\357\300\210W\23\2656\271\206(C\5Jr8\375+\213]\31I"..., iov_len=4096}], 2) = 8192
4131  read(3, "\377/\335\351W\360\321\320\\]\21P:\224\323\307t\266\306\353\205\204\330\221\256#QR\31\267o\347"..., 8191) = 8191
4131  writev(4, [{iov_base="\222U\227\215\27\355\366%=\23\251\n\250\355Q\230[\331\33436e\274\356q} \r*|{\317"..., iov_len=4096}, {iov_base="\3649@5\233I2\365\332\7xz\275\333\300K$\237\n\253\0\357xy\233\213\335);7t~"..., iov_len=4096}], 2) = 8192
4131  read(3, "\370\376\377\353S\301\207\214P\213\225\210\30b\222A4K\273f\31\256E}\266\1\333\371P=\276\247"..., 8191) = 8191
4131  writev(4, [{iov_base="-;\232\335\307\200\221x\303*\203\351\3517\320qD\34z\361\26\332%\3712\231-?\243e\236}"..., iov_len=4096}, {iov_base="\377YO\262\323\316O\1Q\344p\6\345\177\311D\332\237\200;\240\323\356\311g\261\177\233\241fz\v"..., iov_len=4096}], 2) = 8192
4131  read(3, "\235\314\355\23vA\342\264\20\20\251\360l0\364\220\364\316+\242\366\341\242\241\213\21\231\1\241\"\307M"..., 8191) = 8191
4131  writev(4, [{iov_base="\257DX,\205\317\305CCq\211M\22GF3\223\341w\233f\354Q\20\326\332D\236E_\t\\"..., iov_len=4096}, {iov_base="e\230\237\275\177\21\330G\226x6\323\275c\314\360s|Lk<\240B\344*5aJWL\363\262"..., iov_len=4096}], 2) = 8192
4131  read(3, "\300\351\242\r\17i|.*\177c3\20j:\265\351,*\231\333'\324\331\2\330\220\374\201\222\330\231"..., 8191) = 8191
4131  writev(4, [{iov_base="4\261\334\211QT\213\330\20,=e1c$E\362\307\266\2659\5q,_\20\322\371\222Io\327"..., iov_len=4096}, {iov_base="E\316\337\311C\2110\33\262\220\2670h\350\217r\201\254\23\262\201\307\321\207\211\257\37\274\37\2&\256"..., iov_len=4096}], 2) = 8192
4131  read(3, "\306\3530\302&21I\351:%\276\314\\\0(\371Z\366l\224[\360Rh\0020\330\17\313\200%"..., 8191) = 8191
4131  writev(4, [{iov_base="\21\25f\301c@\307\1\361M\375\335\232\256\323\37\v\361#\2620\361\32\253\34z2\277\37\33\247o"..., iov_len=4096}, {iov_base="\257\245\260\21J`0\34\303%\266\334+\361\231\305V\21g\256v\4\362c\306#$\304/\2549o"..., iov_len=4096}], 2) = 8192
4131  read(3, "?\335\f\30\346\36)&\323\234b\354\226\230G\306\342M\246\350\250\351d \213*p^A[\334\22"..., 8191) = 8191
4131  writev(4, [{iov_base="\326oW\303`\224\16>]#\310\2368\21\311t`\242\32\200\21\240\216\21}V\270#\262\16+H"..., iov_len=4096}, {iov_base="-\221d\366\27S\233\r\223T\217\16\35\240\224\210\232\0014\t\t\17\347\334^\372\201Y\200p\260D"..., iov_len=4096}], 2) = 8192
4131  read(3, "\312E\f+\307\336\247\304\10G\230\246\325e Vu[y]\247\342\0350\357\2041\371\300\212('"..., 8191) = 8191
4131  writev(4, [{iov_base="}\321\221!e{Se\3\353&\236\235\214\213\0206\303Z\207HA\366\3242\222\273\347>N\17%"..., iov_len=4096}, {iov_base="8\326 q\216x\312\335E\267e\267\326).}\6TT~\36\220;\37\326o\303\342Q\302h\342"..., iov_len=4096}], 2) = 8192
4131  read(3, "\217\33\300\17~\332\334\v!\311\3339]\266)N\177x\336\22\340\252\326\204p\271Y3c\1!\371"..., 8191) = 8191
4131  writev(4, [{iov_base="+\274.\3125\341\276O\212\205\323\375BPP\215\323\202t\216\203)\27\337\374\376\322\370\305\20^\246"..., iov_len=4096}, {iov_base="M\272\1\351\330\376\211\252\2639(\245r\210J \350\35\2025\342t\330)\317Z@\207\0357\337D"..., iov_len=4096}], 2) = 8192
4131  read(3, "9\02227x\340\325\\p\237qY\373\267L\355\331\221\313I\242\362\201:\311\322\336\370*Q\2466"..., 8191) = 8191
4131  writev(4, [{iov_base="P\r1H\317\7\224Q'\7\302\355\231\344\37\303\2063NS\267\355\355\221i%\255\236\330\355\365\314"..., iov_len=4096}, {iov_base=" \26%\346\204,\267pwwme\363x1-\t\3@\245\330\224\351\247\301\215\r`\266\2[\333"..., iov_len=4096}], 2) = 8192
4131  read(3, "\5\10s<\236\272-\6\320\210\241\213\275\334\17\330(\302\376\357A@0\206U\224b\304-9(A"..., 8191) = 8191
4131  writev(4, [{iov_base="\221*h\345 dL\21\234\246\266\227%\221Ucc\226w\360\306|?\7\210M\vv\177\364\245\230"..., iov_len=4096}, {iov_base="\200l\220(.\267\305\333\21\341\356\302|\177\226.\377\301\3730s\"YO\347OO\331\267\342=\342"..., iov_len=4096}], 2) = 8192
4131  read(3, "\273\223\353x:\327\274Q]\256\\8K\305\32\230^L~\20BwY\304\2`\236Z\215\241~T"..., 8191) = 8191
4131  writev(4, [{iov_base="@\303\241\303\2349G\24U&\321\363\261\32\247J\307\"(\20?F\323\223D\330\216\3763a\203\343"..., iov_len=4096}, {iov_base="\324\1i\205\251\275\36\376\252+9\203v\234!\10\225\263~\31A\245\252\211R\233\f\266T/\302\1"..., iov_len=4096}], 2) = 8192
4131  read(3, "\350\274v\6S\242\2342\342\v~\365\32Gql\336\1\363\255\363\314\243\244\252&]\367\320\245\337B"..., 8191) = 8191
4131  writev(4, [{iov_base="\0100S\25\301\3\274\217\260\355\214\364\3066\240\305\27s\317>\244\257\306\303\320env\306\341bI"..., iov_len=4096}, {iov_base="9'h\6\17[\2\330\370+e\302\202\257\347j\330\351+\345\374\1770@\\\25l\366\305\216s\241"..., iov_len=4096}], 2) = 8192
4131  read(3, "\265\310T\371\200\311c\227\375\263\323wi^\346}\362.\27\223\374\346\371k\202\0202\323`\251tB"..., 8191) = 8191
4131  writev(4, [{iov_base="OO\214\346r\32e;V\206'\304\357\310\313\36\212\334\317\361\223\34\253k\257a\333L\301\302\265\300"..., iov_len=4096}, {iov_base="M\314\243\273)\34\201\210\f\37\33\310\235\22a\221\275\"&\354\206K\343\2718E\233N.\\m\313"..., iov_len=4096}], 2) = 8192
4131  read(3, "4\16V\307~\256\264\302\374j\310\n\315\331\362k^m\30%LuL\330\220\236\210\nB<\0041"..., 8191) = 8191
4131  writev(4, [{iov_base="q\262\334b\347\33\363/!\220X\357t0\5\r\3637\352\3054\204\255\t\332\340k\312J\324\235\317"..., iov_len=4096}, {iov_base="z\247\266\203\2724>~]\21\7T\206\323\241\22\224\17\r\360\25\301\306\220T\31\217?\33\211\373<"..., iov_len=4096}], 2) = 8192
4131  read(3, "\4C\356\376\24\263\307<\205n+b\313wY\252J\6'\364\n{\245D4)\311\200\260S\354\214"..., 8191) = 8191
4131  writev(4, [{iov_base="\211b\240\352\235\314\v\t\377$\203{\313\16\261*\353\276\313\207xC5\320\256hV\34\30\33'\30"..., iov_len=4096}, {iov_base="\213u(\312\372\244\216L\315|g\232v=/\242t?\n\\\260]\320\177\3yG\347\346\371\25d"..., iov_len=4096}], 2) = 8192
4131  read(3, "\200\333(\"v+\303\372\317\257\307O\230\364a\26l\251\4P\236ct\315a\212\307D\331;\225D"..., 8191) = 8191
4131  writev(4, [{iov_base="!\356H{\334\322\5\265\365IMV\315)\355%\3\377\255[\3.t\331Yj\34\237\276{\30\0"..., iov_len=4096}, {iov_base="\177\345\35\177td\371\320`\345\376\3668\\\362\360\32\271e[!\230{r\34\227\343\331\344\303\235\34"..., iov_len=4096}], 2) = 8192
4131  read(3, "9\335\344T;Dbp\3358_\30\222\262\336-w\217\23\361\357\345\"x\305*\331\227\262\243[Z"..., 8191) = 8191
4131  writev(4, [{iov_base=";\342\227\366\264\262\313\246\277\266\325\262\331\36\242c=_\373\357\3\347\230\230\266\2771\334\302t \243"..., iov_len=4096}, {iov_base="\230\272\205m<goU\20]\311\31\247\334\275/\251\367b\255\16\342}\227r\223/\274\206[\371\352"..., iov_len=4096}], 2) = 8192
4131  read(3, "\376\254)6\261Y\357\21\331\27\311_\334\355;\225\215\264\341\217\377\302\353\304\3240\334\26u)\7\254"..., 8191) = 8191
4131  writev(4, [{iov_base="\255\311+\325\376\311\231\346\351\206\310\343)\324\336d0\243\204\306\225\7dI\327q\243^1 \177\1"..., iov_len=4096}, {iov_base="\251\347\6R\340K0w\201\334hf\211\24\"4\10E\212\352uy\260\304\263F\202\202\3\357\263\241"..., iov_len=4096}], 2) = 8192
4131  read(3, "\240)\335\337\354\323\376\35\310\v\245\304b\274\245B\306\336\254s$\211\27?6\207\270\207\242h\330>"..., 8191) = 8191
4131  writev(4, [{iov_base="\323\331\341\200G\314\261\30\346v\336H.\225\200\246\200*\276\216\255\27\330Y\226\324\302\275\6GY\226"..., iov_len=4096}, {iov_base="\361\332y\224p\201\nO\367C\200<qo\206\27K\351\304\367D\3477S\1\221\300N;{\274\255"..., iov_len=4096}], 2) = 8192
4131  read(3, "I\214\25\25\351\345R\341p\241\213>\255\27\273\21\33\204\274\247\237\366\216w\3\372\351v2\374d\347"..., 8191) = 8191
4131  writev(4, [{iov_base="\4od8GF\303\201hI\224\37\306y9s\327\350G`\3544j\350_ky\375\323~\36'"..., iov_len=4096}, {iov_base="\313\v\251Eq`1\203\313\317\347d\212\271\205A9\301\0z\263\35319:\335\10\314\313\372\261\324"..., iov_len=4096}], 2) = 8192
4131  read(3, "T\0073 \244<\326]B\224\377\36\232\321Wm\236\340\267\3X\365\r\353\345\367\22\3073\7F\325"..., 8191) = 8191
4131  writev(4, [{iov_base="~\3212\79\r\216\237\332\33\320o\35\210\232T\270\222\20\23H\330/#3\264iH\0\264i3"..., iov_len=4096}, {iov_base="\6\271\33)\353\33P\215mCO[\262=\35 z \274]\326(Or\260\6i\264\375\204\337\271"..., iov_len=4096}], 2) = 8192
4131  read(3, "\270\356\247Y#\277\342\231\r\230.,\322\260S\241\23\325\217\362\177\362\241\202}LD\305\4\253\30m"..., 8191) = 8191
4131  writev(4, [{iov_base="\365\267\240\5Yn\360\205\371\364LcMj9\2677\307\346\256\346K\350A\346\210'\243x=\22*"..., iov_len=4096}, {iov_base="\212\374B\261\323\322\20\257!\305\222\210\311P\252y\365\347\\,=\36\313-\356K\37r\3434\264+"..., iov_len=4096}], 2) = 8192
4131  read(3, "\23m\351B>\224\363\27\272\214\5\302:\t\206\246d\272\273\177\347\227\322\333z\2!qta\301\264"..., 8191) = 8191
4131  writev(4, [{iov_base="\327\275$\260:+\250\257z\334\\\17\304\250\322<m\0x\251\257\326\276g8o\277\210\35\243\254="..., iov_len=4096}, {iov_base="\332;\300M\315\353\351 \320\226\205\32\326\224\306\270\210\203(\333\211\334\222\266\320\311(\306d\4_\221"..., iov_len=4096}], 2) = 8192
4131  read(3, "\273.a\257\r\24\202\3,]P \207Rf\330\27 \n\272\34t\222\270\3363\201\344\33\370\34\r"..., 8191) = 8191
4131  writev(4, [{iov_base="sb\362\250,q\2569\264\321\2049\232\337<\202\311\260\324\312\350\272s\341a1>\243\33\326\265\227"..., iov_len=4096}, {iov_base="\231\235\24\362\25\v\361\2\276\365(\266wO\230\324\25\364\206\37\321\344\364\216\206\325\356\353\2654\263["..., iov_len=4096}], 2) = 8192
4131  read(3, "\304\345\312<\270@C\323_.\314\315\376\220\371\252e\220\205\351j@aI\1\2247x\25=9\272"..., 8191) = 8191
4131  writev(4, [{iov_base="x0c\214\25Tp\200\245\337-KV\09cL\2Nw\1\16N\242\344\31\2332\342A\26\203"..., iov_len=4096}, {iov_base="\314\20\224\360\354k&6o\21j=8*#R\256\213Qn>\255\312\211`\330\270~\327\345;\331"..., iov_len=4096}], 2) = 8192
4131  read(3, "\6\344Tt\331\314\336\2721\302\305\256%\245\226 |\21\225\262\354`\3542p\260\236\314\277S\223O"..., 8191) = 8191
4131  writev(4, [{iov_base="\364\312\373\304+\224Y\210#\303\233\351[\311\367*O\34\323\34G\251Qz\217\330\233\266\27\321\257F"..., iov_len=4096}, {iov_base="\343\216\214\253\235Yq{Cqh\351\24l/\235\"\223\n\211\371e\n\361l\242\335\333\277\210!\233"..., iov_len=4096}], 2) = 8192
4131  read(3, "\220\362&\255\346\30\316\225r\242u\317\230\375\352\332\v\271\304\260\206\244\250O\34^\256\f\374H\227h"..., 8191) = 8191
4131  writev(4, [{iov_base="\25\231\352\367pD\223\243\307\361%$\243\303\301\25\327z\257\315]-;\352\322^\372+\254\241\321\271"..., iov_len=4096}, {iov_base="\274Y7\227\3226\256\2\337\2+u\201\210\367\314\327\243<Y\3063\226\301\37v@0^;\366\354"..., iov_len=4096}], 2) = 8192
4131  read(3, "I\256+4\377\10\272\6\26\267x\343\ns\333@\302\31\346\277\242\324\6I>\37\307\202\276O\344W"..., 8191) = 8191
4131  writev(4, [{iov_base="\315\6y\240\313}\373B\21\364D\360\23M\263\331\261^\267g\4\32\340~\275k\216\327m\6 +"..., iov_len=4096}, {iov_base="d\356[\316nV\1PO\203\300\317\372H\277\353\34\226\242\252\334\4\325R\251$\343@\347\303\256\320"..., iov_len=4096}], 2) = 8192
4131  read(3, "\215LT\241\37\1774\234\231Y\5H\240\212{\303\245-fS\2\276\355G(t\324g>\240\217a"..., 8191) = 8191
4131  writev(4, [{iov_base="\356\23\252\35O\36\10\365\242\0215g\212\257\272\3451\214m\353\237\3c\7#:\332\261\310r\253`"..., iov_len=4096}, {iov_base="-s`\364\206!{\376\5\246\275\344e\371\2\223\331<\303L\336\"\346LS\316\307:z\243\231\n"..., iov_len=4096}], 2) = 8192
4131  read(3, "\221\5\377\22.n39\351CRw_\337\331\215o\315t\367\357\16\10\221\324j\237\275\220\207\334\246"..., 8191) = 8191
4131  writev(4, [{iov_base="\371\3572V8\247=\32*\274F\0324\360\312q\352.i\202\230\30\266a\300\240+3\345\321\fU"..., iov_len=4096}, {iov_base="2)tDc\275X\244\352\5\270\213\17\37\2(\237M\365io`\270(\340\217pJ\212\314\256|"..., iov_len=4096}], 2) = 8192
4131  read(3, "\222\341\336\5\336\3315\274\311D\263\244\276\266\35\246\357\213{\7\305z\374I\355\364\355\201Xk\235\231"..., 8191) = 8191
4131  writev(4, [{iov_base="\306\352\225\360\263 {\0215\0\7\203r\205\304$\332\227\336#\21\332\357\221\241\246U\23\270\350\377\342"..., iov_len=4096}, {iov_base="\246\225\373/%\351I\3668iib\371\247iD\315\201\312\"8\302e\362]j\251\250\255B\232\312"..., iov_len=4096}], 2) = 8192
4131  read(3, "\36\337\323\340%\305\252\2210:1H\314\374<j\334\17=\302\323l6\330\316\361\231\221\373\253\232\206"..., 8191) = 8191
4131  writev(4, [{iov_base="\230\250QO\205`:\270\1\347\200\273\10\\'\274\265U\21F\364\332\216\376;\224\214+e5\3750"..., iov_len=4096}, {iov_base="\374\212\22X\277?\375\202\362*\211E\246&\236\224j\30\374g\356\20\303B X\361\345\362\361\33n"..., iov_len=4096}], 2) = 8192
4131  read(3, "C\276\1h\307/9\r2\252\33\37za\340n\f\375X]\177\324\214\306v\227\33\"\277\34z\376"..., 8191) = 8191
4131  writev(4, [{iov_base="\10\322\322i\245i\306\222\274\322\20\300u`\311\367\3249\2313\3722x:1\365\24Ph(\3\347"..., iov_len=4096}, {iov_base="e=\233\17\206S}\376W\216]\375\326\230}s\352~\320\34\355\355BT\230\245\2753\232b+w"..., iov_len=4096}], 2) = 8192
4131  read(3, "\372\207\207U\23\366\340\323v\24/\231\301^Gv\"\210X;\374\16\235\5 P7\253\347\n\357\326"..., 8191) = 8191
4131  writev(4, [{iov_base="8P\374\373t*T\231\250J\241\263EU\5\305\235\270*\3366\335\225\375\342\367\335\247\271=v\206"..., iov_len=4096}, {iov_base="\362\232E\374\247J\2643\207\214uJ!2wr\201g\16_\17B\364\257k\262?\267h\353\313\201"..., iov_len=4096}], 2) = 8192
4131  read(3, "7\331\311ZWh}\374\"fc\2\37\264\331y\331E-\233\333:\33\363\340\7\35\357m\232\265\371"..., 8191) = 8191
4131  writev(4, [{iov_base="\216\27mI\365\321\340\251$k\253\t\272\332\31\337o\246\350\316^Tb\3232\t'\234\245c\256H"..., iov_len=4096}, {iov_base="\203Sh7\264\377\305\364}\261Ul\315nq\362\364\350\342\245\355\205\7\302\r\32T\273}\224,\274"..., iov_len=4096}], 2) = 8192
4131  read(3, "\300\\VV\205G\224\320\365\2\356\373\367)j\23\4s'\34\240\302\226\27\361\217!\354\327\275\n\204"..., 8191) = 8191
4131  writev(4, [{iov_base="\362'd\315\327\360\201|l\352\357\240\233``u\246\224T$\20\264\336\t\233-\257(\27\350Bj"..., iov_len=4096}, {iov_base="?@\215\4g`\323\263\177\35\30\252\362\350\306\204{F\7\254\247E/\372pZ\240\2\366\314\255\235"..., iov_len=4096}], 2) = 8192
4131  read(3, "\260a\337\327\245\355\355\211\306\5\252*\327\244C\344q\34( V\304\375aD\316\317\35\215T\242\250"..., 8191) = 8191
4131  writev(4, [{iov_base="\227(k\206\27\310\32R\17\343[\345\3\367\357g\304\17%)gG\232\376\302Cu[\tJ\34\213"..., iov_len=4096}, {iov_base="H\246\233!\267\217\373\273G \357~ )p\237\252\22g\374U;\257/\23^\234\235\301\270\316^"..., iov_len=4096}], 2) = 8192
4131  read(3, "\17\207\321:\376g=\267H\361\2638\200\310>\375\323\312\240}f\236\1J\32\\\300\266-\233w*"..., 8191) = 8191
4131  writev(4, [{iov_base="\347\332b\314P`!)\201j\331x\36\275\17\2027\354\215\2264\254\366^\364\273\267\20\206\227\222\334"..., iov_len=4096}, {iov_base="f\16^\263X0\2358\337y\0\223\327\250:y\202{ B\233\321\207\325bE\206\317\277\325\307\226"..., iov_len=4096}], 2) = 8192
4131  read(3, "B\355\272\20\342\221Y\34\360M(2_\343\221D\346#\202\243\300\237\363\331d\265\n\341J\330\25\22"..., 8191) = 8191
4131  writev(4, [{iov_base="_\203\235\222\316\356\3543\237c\33y\336\253\4\244\r\24g\205\4T\20U\351{i\261@.\377\275"..., iov_len=4096}, {iov_base="K\5\324\331\274\303\264\225]Qb^c\220%\3653\0}\270d\\\325/\2155\275\315\262\372\331\367"..., iov_len=4096}], 2) = 8192
4131  read(3, "\224\373\334&\352h\353\377 \314I31\v\35556\366\365{Z\264\236t\267\253_\200\362Y\274\341"..., 8191) = 8191
4131  writev(4, [{iov_base="\351B\246@\fv\2108\r\2344y\200Cd\312\247}b\303\267\305\246k\3652p\345\335\251\234G"..., iov_len=4096}, {iov_base="\267\31\206\316\231\206W\3215:\352\360\257\265RO\257D7\242\355\202\267|6\257\205ia\356\253\256"..., iov_len=4096}], 2) = 8192
4131  read(3, "\277v\10\366\322\33\366\1b1\353\315\244\335\346\25\342\306\335\372\324$\346N\350A3}SA{\226"..., 8191) = 8191
4131  writev(4, [{iov_base="\326[\25\330\345\7\2529P\4\202&J[J\345\201:^\271'T\230K,\272\36\2\313R\232F"..., iov_len=4096}, {iov_base="r\203w^\212q\r3\354BxN\305E\325j\5\305\332\244\270\371\203)\10\362\206\t\247\230\334\274"..., iov_len=4096}], 2) = 8192
4131  read(3, "\272\301&;\321\344_W\250\3405\211VRv\217]\27\310*<4\363R\276\200\235\377\270\376\274\5"..., 8191) = 8191
4131  writev(4, [{iov_base="\343\325\234\372X\263]\232\237\10&\"y\tla\21\234\326\22\273m\311e0\374\214\354\346^j\365"..., iov_len=4096}, {iov_base="<\346}\330\3663\354\260\27\270\271@\226\300\357\304j\23\260\276\f;.\267TJ\10W9\316s="..., iov_len=4096}], 2) = 8192
4131  read(3, "kU\360\177V\214^\334\"\5#&\370\177Q\251CK\217\2558\325\254\230g\"\16p\312\255\177\277"..., 8191) = 8191
4131  writev(4, [{iov_base="\266J4\276%\220}\256.\270tP\35\263D\200*r\273I}\21~\225\327\36ig\350\251\363\302"..., iov_len=4096}, {iov_base="\243\236\27\6\325*{\0o?N\204\261\267\274\276\264\363\4\333\223)M\242\325\227\330\n\345k\316\313"..., iov_len=4096}], 2) = 8192
4131  read(3, "$\263\273\10z4(B\326+\343i*\5x\371\340\0036q\307kp\315\306\302\326\254\3447IA"..., 8191) = 8191
4131  writev(4, [{iov_base="\316\324\313%\270\355[\37597\362A\3213<%\3149Vh\364\3757K#|i\271m\200\312\260"..., iov_len=4096}, {iov_base=",v#\277e\255I\241\227m.K\315|\344\363\262\276\337S\203\272\t\306[e\0\277+Uoj"..., iov_len=4096}], 2) = 8192
4131  read(3, "\220F\36\214i$\350\222\231\310Q\266\365]\275\206\37\350KN\224\250\3323j\352\313\372\321}\223q"..., 8191) = 8191
4131  writev(4, [{iov_base="\335\362r\264k\256(\207\350\316\375\2233\24\31){\273\353\330(p\336/\3@\221b\332\375\266\277"..., iov_len=4096}, {iov_base="x\365\370\347\2\242>y\361\3\274\244<<\323{+|Q\275\256\7\375\234Y\276\310\\\206\314\355\306"..., iov_len=4096}], 2) = 8192
4131  read(3, "\n\\\310\322\333]uf\352\0072J\312\327\v\225\357\247y\262\36\275?\20\273WF\341\344Z\2545"..., 8191) = 8191
4131  writev(4, [{iov_base="\3\36\230an\271\322\375\17-#\206\317\366~\251c)&W3\310\368\355\217*hg\222\345\25"..., iov_len=4096}, {iov_base="\265\257\37\212\373\347\20\341\267\377\363\225\326\226\314\261)\376i\27r\206r\365\311Uo\318k<!"..., iov_len=4096}], 2) = 8192
4131  read(3, "\26\346t\23\370Pt(\361\264\360q\221\203\214\250\340\23\240\245\332\31V\202\255a\336cvI\303f"..., 8191) = 8191
4131  writev(4, [{iov_base=",w0\3178\334[b\t\24\341\215\0353\22,\7A\236K\274\207\16\351\352\221\312\335\314\346+\334"..., iov_len=4096}, {iov_base="\\\373\16\211|\313\244\366\264\363\247'1\204d\301\260Q*\366\230({\203\340\233\303\7\36\376\213\207"..., iov_len=4096}], 2) = 8192
4131  read(3, "\265)\326\330\232\276\310|\363\231\2T\324\3609~\37^\362\251\0\317\35\223-\3115y/\35\3538"..., 8191) = 8191
4131  writev(4, [{iov_base="f\360\23\273\30Um\322I\v702\353\202\27k\3e22Se\\\25%\330;\333\311\356\31"..., iov_len=4096}, {iov_base="\204+C\357\f\376k{\204\377\235\277\0\300x:\266|\247dff\374\244w[b{!\302\356!"..., iov_len=4096}], 2) = 8192
4131  read(3, "m\214td\226\3420\327\32\207?\22\345J\335\342\347qU\37_\273/\363\336z\2007I\265\257|"..., 8191) = 8191
4131  writev(4, [{iov_base="\35\353\323\324\254\301\2358\213\310<\264^{\220%\246\243z\35\3\3172\233\265s\233\235\1ss\267"..., iov_len=4096}, {iov_base="\306\314\354\213\256\345\340\277\276\262`\370O2\237\7\335\24\365t\364\33\"\256`\3476:9\2*+"..., iov_len=4096}], 2) = 8192
4131  read(3, "P\326I]\302\16\352\245)=\31\7L\234R\330\335\3066\21\3\360#C[$\211\367&I\246\330"..., 8191) = 8191
4131  writev(4, [{iov_base="\tG\345\311\351\\\250d\323Y\374i\276G\264\225\33U\16\"Y(\1\204_\375>\242.\342\16\24"..., iov_len=4096}, {iov_base="\235Y`Z\nu\234j\232x\210\34\334_\277\340P\267hgXuuB\25W^Rp\306\257Q"..., iov_len=4096}], 2) = 8192
4131  read(3, "8JcE\216\305\271\356/\335\335\351\253$\203\247|\237Z\313\366\201uK\311\324\236\244\32gWo"..., 8191) = 8191
4131  writev(4, [{iov_base="\0\324\304\250\324\252\5\324!\312x\t\260\240\37Z\225\313\240r\267\n-\253;\26768M\331\375\303"..., iov_len=4096}, {iov_base="M\357\324K\7\32\326\200\27\35\337\275\376m\236/\234\320\37\257\351#4\220\262\234\300\277\235\366\265c"..., iov_len=4096}], 2) = 8192
4131  read(3, "\252\10\223\253Rc\361`\7J5\31\204?\226\335\21\373\276\232\246\f\261\207}\230{\375;*\202b"..., 8191) = 8191
4131  writev(4, [{iov_base="\270_\212Xg5\350\3778%\21R\314\247\316\t\301+\314\10?\320\256\365V1\207\370>\243[\204"..., iov_len=4096}, {iov_base="\2324\217\354\2640:\35\341\305So5y\370p\365\0i\24\372=v\fBI\274\372u\275#<"..., iov_len=4096}], 2) = 8192
4131  read(3, "\rfn\372\3420K\367\321\353\365\24\361\31b\2\3043\376\335\307k\373\234\212V\250\243\30\254\334\330"..., 8191) = 8191
4131  writev(4, [{iov_base="\257\235\277\322\37u\330A\336\355+)\210+\336A\3439NW\252r\264\346\20\237/\215\343z\231\352"..., iov_len=4096}, {iov_base="\247T\20.\237\273\357\252\364HEP\t'@\27J\245\"\340\3323\225\274\266Y\242am\265\343\226"..., iov_len=4096}], 2) = 8192
4131  read(3, "!\220x\232|\301\363\357\3\v\270\22\270\275\354W\202e<A\217<\353`\276\230\36|\v\367\2618"..., 8191) = 8191
4131  writev(4, [{iov_base="\216\23\38S\4\1dG\242\1\374\320\353\304t#\2066\22IS/\202\253\2\360E\237\311R\243"..., iov_len=4096}, {iov_base="\311\261\220]o\\1\3461e_\210L\224p/a!#\315\204\276\340\356\216\264\324*\310\206\237/"..., iov_len=4096}], 2) = 8192
4131  read(3, "\314\345\357t\0\377\335Z2i\255t\312\272\312\354\251\252R\376;\250\346\374\261\230\244I\256\316\7\230"..., 8191) = 8191
4131  writev(4, [{iov_base="\23\0\365\240\211\222\"E8#WJ/\222r\323C \331\2669+\217\3007\0N\232V\321\331\265"..., iov_len=4096}, {iov_base=".Z`\325&h^P\277=\323\257)\225t$\273\211*\266\v\270HY\326\277\207\302\246\343\\}"..., iov_len=4096}], 2) = 8192
4131  read(3, "\t\30\"\31\200\332\225\3557\221V\227N0>M\26\372\375\306\36\275[\337\247\256\2\24\370\234\254t"..., 8191) = 8191
4131  writev(4, [{iov_base="\366q<\30\36\315\300\236\266\354.\206#\271\23\377j^v\276(\253\0303\262\373\23\311\36|\254\263"..., iov_len=4096}, {iov_base="yH\331\267{\230\17\3020\20\205e\232\2029S\324\310/\237MP1`\347\fmj\272\234YS"..., iov_len=4096}], 2) = 8192
4131  read(3, "q\345v\277\313,I\324'\234\20\227\216\24\354\17\353\267\374!^;ze\26\241\346\367\343L)\261"..., 8191) = 8191
4131  writev(4, [{iov_base="\0333~sb\305!\302\\K\367\300,\211\241\315S\2074\1?\217\240:\253\24N\366<5o\275"..., iov_len=4096}, {iov_base="yl\267\5&\223\226\264ek!+\222\247u\265\232\324\315\r\201\221\250\364\"\270\377\204l\2541\254"..., iov_len=4096}], 2) = 8192
4131  read(3, "\305\315:\247\33\3619oSnNU\355\336\307\272\373[\370yv'\276\2(\36*\256\2164;7"..., 8191) = 8191
4131  writev(4, [{iov_base="\300\244l\325vSbf\277te87\223\314u\266v\366vC\333\36\35<\33!\234&\36\335,"..., iov_len=4096}, {iov_base="e\3w\247\353\227\362\327\226.9i\267\233\230s\216\356\311\2314\261\236\346+S\30\37\346\234\375\247"..., iov_len=4096}], 2) = 8192
4131  read(3, "j\210\274\21\353\322\201#\274\262'\266\324C\273\321{b\373\244\"\204w\r\361\327\276\236\263\3\371o"..., 8191) = 8191
4131  writev(4, [{iov_base=";A\3508\21F\224\317!\23rI\270\261\255\t\210\350\231=\205\"\334\317\23`G\217C\201\336\322"..., iov_len=4096}, {iov_base="\314\315\274K\v\220]\233V\211\336uB\205?\205}\336\235w\316\372\300w9\355\266\334\265(s\267"..., iov_len=4096}], 2) = 8192
4131  read(3, "6\265\362\37\347\f\263\4l\212\23\275\344l\3170\266y\346\262\34\361B\325\214\321e\334\357j\376\364"..., 8191) = 8191
4131  writev(4, [{iov_base="eiW\213\226G\3\27642\374\f\255\373\32e\356\320\226!6\364\365\n\236\5\365\335\2;p\23"..., iov_len=4096}, {iov_base="L\202\320\t\346\230\361E.\263\353U\22783q\361\240i\22;YpO\370\254\363\25\310\234\217\200"..., iov_len=4096}], 2) = 8192
4131  read(3, "z\317\6-\t\207z\r\303\204\310\235\333[\244\3119q6\352Vf\217\265\201\362;i\4\276\366\310"..., 8191) = 8191
4131  writev(4, [{iov_base="K6\34\353\266kxH{\234\207\36\376$\267D*\223\342\374>j\236\224.\250)A\6CU\375"..., iov_len=4096}, {iov_base="\252\370F\203\30\370,i\311\206\30q\236\10=\3\3\367\301c\244/]\367\247H\377S\340\253\355\322"..., iov_len=4096}], 2) = 8192
4131  read(3, "}'\304m\350\36/:\236:[\f?\343\0\310\245\262\277\26\230\204:l>\237\372\261\214\216\310y"..., 8191) = 8191
4131  writev(4, [{iov_base="p\210K\310\242\260\260\361\21S\377l\314d\20\27\343\221q\265)\236\215)\264\355\373\374\237\317\275\321"..., iov_len=4096}, {iov_base="\346\227i\364)\27\303\0317\356yvt\373\214\226n\3078\320\257\305pJ\232\323\251y\200\371\3117"..., iov_len=4096}], 2) = 8192
4131  read(3, "\201x\245W.\363<\271w\34\347>i\3^JX\252\270;\373\"\"\233iY\1\362\264}\273\271"..., 8191) = 8191
4131  writev(4, [{iov_base="8\7\n\354\372\266\351\"\355f\344\v\207_zI\v\365j&\302\341f\373V\241[x\263\267~\36"..., iov_len=4096}, {iov_base="e\310\326\264\302\224\211\306%\216w\26\307V\360\27'\311D=\233\275\244\371j\32\365\f4\f\256\242"..., iov_len=4096}], 2) = 8192
4131  read(3, "\371~2\365\304\r\217{\245\344\227\2737Ie5 \276B3\230\263\357\335~G7i\357\331.\324"..., 8191) = 8191
4131  writev(4, [{iov_base="\374\206]\301\306\16\265\263\355\3\262\203\240\377=\35\225\331%\211\206\220$\334;\315g\334\256\210\26\276"..., iov_len=4096}, {iov_base="DEn\340\340\322L\312\2565\332,\262b\336\241\257\313\224\275\366\312y\307\315\237t\252\356\251Qm"..., iov_len=4096}], 2) = 8192
4131  read(3, "\225\315\2044\vm\324,Y\24\373\25\271;q\357).\267\311X-A s_P\350m\340\233\231"..., 8191) = 8191
4131  writev(4, [{iov_base="c\212\222b\334\242\364\261\310\371\253\377\260\ny\221\201\317\271Fi`\322\372\345\5\231/0\267|\340"..., iov_len=4096}, {iov_base="\263\212S\203[9oPrm\334\336\225\367kQ>u\300\204\306\23\372\247\251uh\253J&0\303"..., iov_len=4096}], 2) = 8192
4131  read(3, "h\203\r\241\304\200N\226\236\253y{\356\220''qP\202Q\230\224\3635B\270\2221\21k\275b"..., 8191) = 8191
4131  writev(4, [{iov_base="\270\36\244\37\331\34\314\vq\260J\232\366\360-1H\2271VS\20g\366v\367\31Kak\362t"..., iov_len=4096}, {iov_base="\272\226#\207ycE\362\213cAS\356\320@\306h\322E)l\361\230\324 \307\2355\"]O9"..., iov_len=4096}], 2) = 8192
4131  read(3, "L\312jU\211\31e\315-\25\271\255\316\377\32\305\356\311P\2562\375\375\306)F\2121Eh\314\37"..., 8191) = 8191
4131  writev(4, [{iov_base="\22136\332\326\7+\306hX\6\322\372\346\321N\344d\354\313d\327\354\315\212C\n5\320\320%}"..., iov_len=4096}, {iov_base="w\243l<\205a\315P\211W)\367\33\375n%\261[]\314wy\254\215\321u\0044\22c\242k"..., iov_len=4096}], 2) = 8192
4131  read(3, "\235=-\\\242\f\352\20\236ONr\32\307\366\371~\376\327\251\320])\307\303Nf\273r\237?\221"..., 8191) = 8191
4131  writev(4, [{iov_base="hqF\371\256\377\311\363\337\240\242\24ZC\374\343?yW\333MyqU\333\221\245\226F^\25l"..., iov_len=4096}, {iov_base="\336-\311\304\263\206\344\357<\240\237\302\347\206*f\205\252\261n\271s{\206\337\34\324\3118\355\365\0"..., iov_len=4096}], 2) = 8192
4131  read(3, "\370\312\206\21[u\342b\344\302\200\352i\357\353\374\366x\271\235\336X\304\274&\246y\2053\316\277y"..., 8191) = 8191
4131  writev(4, [{iov_base="-~\301\256\320_l\220\t^\351Jx5oZ<\222\331v\6\230IS\314v\242\322go$0"..., iov_len=4096}, {iov_base="4{\255\244\32\225\376Q\220\224\371\320d\327+C\30\374$\4]_ \335\371\17\24\23_\335\375\2"..., iov_len=4096}], 2) = 8192
4131  read(3, "\215\376\300\27\325\315\230\327\230\25V\257\30\320_\25\354\252\n?\235\306\3603!N\\\200\344|\25A"..., 8191) = 8191
4131  writev(4, [{iov_base="c\200\20\301\261m\220\216\2\262\20\343\330\323\336\327\325~y\237\332;\367{\177\256!\220'\21\225\277"..., iov_len=4096}, {iov_base=",y\350\354\16lU\364\273.\217\354\325\375\226\271+\16\321\325\224]\241\230\366\370.\216\274\31\356\357"..., iov_len=4096}], 2) = 8192
4131  read(3, "\3032\256\240\253)\306\2651? g?\n\355\311\223\241R\24}X\252P\311Wy\347&\357\274\256"..., 8191) = 8191
4131  writev(4, [{iov_base="W\231b\204\30\354\245K\241\2406\376\221\354\232\252I\3639\346\227K\301s\256\330\31\302H\205\2612"..., iov_len=4096}, {iov_base="U-\240\27wD\271R*\5=\361\22\233\365\224\251!\303Q\345\273Ds\201\266j\264\237A\316k"..., iov_len=4096}], 2) = 8192
4131  read(3, "\7C\225H8\212!\375\6E\1<z\376\2109\242@L\332O\0226\300{\322\30s\16J\331\357"..., 8191) = 8191
4131  writev(4, [{iov_base="\250\246\206?R\3776|9g-Dl0x\216\216O\31\215\33\343_>E8oQ\234\21%\276"..., iov_len=4096}, {iov_base="\343\36\324T\354`\362wyR\304\337b\341<Fmty0aG\23J\3\205\357|\35\242i}"..., iov_len=4096}], 2) = 8192
4131  read(3, "\331&\357\6\241\374\262\355\352\34\252L\21\v\37\346\33)\10\353|,\265i1OT\214\330\17#~"..., 8191) = 8191
4131  writev(4, [{iov_base="\314\320\10\317\357\221}A\30\32|z>A \250\365D\276\337\2148+r\276\317D\0012\211\243\240"..., iov_len=4096}, {iov_base=";/\37\331\305\23\335t:\275\322\31\36\24\2244\367\177q\3w`\vqw\263\327\214\263\\\231\203"..., iov_len=4096}], 2) = 8192
4131  read(3, "\302\10\32:\203\261\221\32p\257\25-\17\334\232\372%p\315\224\324\242$w;\345\363\262\fX\365@"..., 8191) = 8191
4131  writev(4, [{iov_base="\224\260\374,@\334S\265y\244fz\212\320\376\265\321`+\343%\253\231c\277\31-\23:u\275m"..., iov_len=4096}, {iov_base="l-C\233\\\314\v\7A9\356\223/)u\326%\355\22\25\376@(\0\254\245\213\365\0057\246\264"..., iov_len=4096}], 2) = 8192
4131  read(3, "\7\223\300\265F\262\267]\215\6\313\312l\250\351\337\270^\313\212\351f\361\331F\21\263X\367O'\357"..., 8191) = 8191
4131  writev(4, [{iov_base="\02661\365\330\345~\262\226\274#\361\33#&\340hi\275Wu\343\260\207\304ZMU\217\2\370x"..., iov_len=4096}, {iov_base="\205\4+\274\350%\31S\37+\364\215V\262?\326A\366\305\236\242\220\203\25000\26\202\334F\t\33"..., iov_len=4096}], 2) = 8192
4131  read(3, "s #\204x\203\354}F\200\252\261\236@\7\244\277\244\262\304mb\31\314\305\263W\214\4D\23\0"..., 8191) = 8191
4131  writev(4, [{iov_base="\253k\365\305r~\261\315q@\244u\245\351\341`\37\344a:qd\20P\2p\210Vy\207\361\237"..., iov_len=4096}, {iov_base=":\254\330Ap\230(\323i\251C\375\231\36Be\362[4B\0304\321\35Uw\32\0\239\345\321"..., iov_len=4096}], 2) = 8192
4131  read(3, "J\263|\317\20 \231\177PA\r\244\300k@\234j\375\2073\237;\201\265\321>!\220\223,\311\335"..., 8191) = 8191
4131  writev(4, [{iov_base="\263\2070=\26\242\203Ss\342\17\327H\24C:\307(\250\207\217E\263E\240\305\rj+\371H+"..., iov_len=4096}, {iov_base="\2\300+-\10w\354(\25o\207g\240\341\262@\24|J\230\310\231\246\306\26c\316^\2068\227\251"..., iov_len=4096}], 2) = 8192
4131  read(3, "\344\307\257\263!S\v\326\367\340\232\213\301w\t\357y2\37\24\223-\356\275\315\331\346\354\371\264\320\266"..., 8191) = 8191
4131  writev(4, [{iov_base="\213&^\276\240]\253\210s\259\214\320\263\321hi\3420\0\342\343|\243\327\305\27\306\2612\30\225"..., iov_len=4096}, {iov_base="\337\r\244.\374\252\316o\311\205#x\16G\n\317c\245H\3533\320\24\no%\334E \256\265\231"..., iov_len=4096}], 2) = 8192
4131  read(3, "&\177\256\356\273\334zdE\23l\241t\225\265\271#\223:=\204\204U\366\22\342\30\f&<'\334"..., 8191) = 8191
4131  writev(4, [{iov_base="\265\320~'h\243\325\5J\234m\351\267\31\356S]\242\22\336\35j&\257\324\37K\20\272\n\354t"..., iov_len=4096}, {iov_base="\200&H\20X\242/\237N\367&:\301\222\232\323\305\327\246H\226\24q\252\207\252y\t\322\5O\272"..., iov_len=4096}], 2) = 8192
4131  read(3, "H\367+\216\3\t\315\33\224\320\300o\323?&a\214XZ\227JYooK\261\210\254y_\27\275"..., 8191) = 8191
4131  writev(4, [{iov_base="\356\265\32JH\246`\21\268\n\17\25\322u\221\21&\307:'x\206C\230L\320\33p\5\352\232"..., iov_len=4096}, {iov_base="\333\2\35o5||\201\327Y\302\363\372\221\\\10\334\25\333\305\275\0314\353\261\26\357\314\270C-\262"..., iov_len=4096}], 2) = 8192
4131  read(3, "\204\210\277\234*\322P\31\220N\250\372\336\326\314pE\334\377\300\231\4&\25#\205\242Z\237\33%a"..., 8191) = 8191
4131  writev(4, [{iov_base="\26\237\245\230\177\276\t`FZ_D\2\325\310UW\262\365\343\17\260\242\200\242\217\336\16|\tH\325"..., iov_len=4096}, {iov_base="\326\305}]Qt\367r\331`\346|\312\256\252\364\250 ]\f~3[\253\325\351Pr\237\245^+"..., iov_len=4096}], 2) = 8192
4131  read(3, "\2657XM{\4\245\2763\243\200\364\26\317d\36cXt\300\303or\203\252\16/\232\21u\225Q"..., 8191) = 8191
4131  writev(4, [{iov_base="*#\236\25\213\27+\370\327\tjP\342R@\255\347\1\r\241\313\361x\222\34\230\222P\274\265E<"..., iov_len=4096}, {iov_base="\24:*\277s\334\366\34\16\337pa\232\355\371\241\"\214\276\24=!k\4\300aEC\302\250\226{"..., iov_len=4096}], 2) = 8192
4131  read(3, "9]\27\322\250\264\253ao\31EP\232V$A\266G\263\326\4P\314\224I\353@6\207\30\315Q"..., 8191) = 8191
4131  writev(4, [{iov_base="Esz\250\313\323\5#\302\350\257\334\200+&\205l#\36Y\335\366\313SN\27\314\261\n\256\336\204"..., iov_len=4096}, {iov_base="\177Y\346\310*\24\215A\325\306\366\352\311\355_Eu\331\336\307\3(\271L\3442\205\351\311\\\323^"..., iov_len=4096}], 2) = 8192
4131  read(3, "\263\362ut\366\363\307F\367@Z\351\6\361\351\2230\22\16\355Gl\336\346\326!p \254gs\270"..., 8191) = 8191
4131  writev(4, [{iov_base="\365\0\353\21O\r0\235)\t\"\372\36\203&\20\220\36\314\347\32\30\341~\271WS\fdu\4\327"..., iov_len=4096}, {iov_base="a \t\331\340\323\337\257\3\0SZb1B\241\372j\23\336U\276\30\2125\342\352\347\275\202\5X"..., iov_len=4096}], 2) = 8192
4131  read(3, "> i\3730C8-\231\230\245\214G\352wr\3359\252\335\1\7\260\346J\333\257\323\305\343\355\226"..., 8191) = 8191
4131  writev(4, [{iov_base="O\200\237M\265\16\331\316h\17Y\231o\357\327\372\377!\242\266\325$N\257\353M\ni\357xD\211"..., iov_len=4096}, {iov_base="\204\211\214V\230m\324'\332\377\367md\340\371\25\341\345\316\263\336B\300D8\307e\26P\332\6\376"..., iov_len=4096}], 2) = 8192
4131  read(3, "]\242(\223\346\6\324lw\351^\333\345\2v\216\253\274\220\24S\260\364]v\206J\0026\237\360\225"..., 8191) = 8191
4131  writev(4, [{iov_base="\313\31\342\7\371\306T\1\310-N\2247\377nU\275{\27\254\276\211+\10\316\275\2\352d\333v\363"..., iov_len=4096}, {iov_base="7jO\364\357N\30d\37,W\255y\272X{\v\263\303\256h\221\25 \222\206K\370Ng\210\374"..., iov_len=4096}], 2) = 8192
4131  read(3, "\234\215\256\232+\247\222\216[\351\302\27\342\333\0\25 x\310l\265\317\5\\\321\372\321{:\274\325X"..., 8191) = 8191
4131  writev(4, [{iov_base="\232y\330\30[,b\277#u(*\260\314\273(\212\364\351\314\303\314\22:\343\263\342\326^!\310\225"..., iov_len=4096}, {iov_base="\v}\250p\215U\215V&y\305\205^j{\232\307\223g'\317 G\33\v\177Z$\343\34%\303"..., iov_len=4096}], 2) = 8192
4131  read(3, "\0\27\331;\255*M\253\240t\361.~\345?\245\201\24<\374\n\30\257\1\241\\\326R\370!\t-"..., 8191) = 8191
4131  writev(4, [{iov_base=">\263\315\374\362\36\227\351\241\360\341:>\316C\316[Y5;]\272\361K\354\257.Y\36\231\251\355"..., iov_len=4096}, {iov_base="\201S\243\2672\343h|\5_\277\221i\315\322\24\n\215/\205\312\231\272\206\261\240G\274o\253\202\262"..., iov_len=4096}], 2) = 8192
4131  read(3, "^\257\247\0315\272\372m\200O\251\343.\243K\261\16:\311\206\330t\334\30\252\7\275^Y\202\335u"..., 8191) = 8191
4131  writev(4, [{iov_base="`M3-\301\352\325F\302\210\267f-\177\24\306\316\267&\314GaT\255qe\345u\265'TK"..., iov_len=4096}, {iov_base="<\371\326*\266\266\335\0O\361\213\32\333e\20T<Uy\311\311\r\\\323\247=\345Jk\252\257]"..., iov_len=4096}], 2) = 8192
4131  read(3, "Y-\216\304#YG\201X6\271\261\27\22:\263\236\2664\374B\365=g\254B\307\204\v\305\336*"..., 8191) = 8191
4131  writev(4, [{iov_base="\345\226\300.\230\375\316\246\231\306R\252j\275\\\305\310bh\200\207\234\267\360u\366\360\372{eN\343"..., iov_len=4096}, {iov_base="\10\3158\177\356:\0\207U\237\251\346\260\0\242\354\233!\214VQKs8\226\2536\354\302\214K\324"..., iov_len=4096}], 2) = 8192
4131  read(3, "\231\244\227\233/\310\334\225\237\275\v&WH\237i\300\364\312\273zX\v4:_\200\222\345#\373."..., 8191) = 8191
4131  writev(4, [{iov_base="\207J\363\355f\337\273\311<\253s5\30\30\370zN\251\271\244\306mA\325\vO\240\226\274\f\204A"..., iov_len=4096}, {iov_base="\f\7\277\366\34\f\224Q8\34}fvb0|\261p\371w\24\205\vH\374\31*`\266\204\252\341"..., iov_len=4096}], 2) = 8192
4131  read(3, "PC\25\1W\254\242\325+\315)ss\306\375o\4\313\350FZE\235\327\373\200\30 \307_%T"..., 8191) = 8191
4131  writev(4, [{iov_base="\345\360^\306\222\2V;0\255\233\335\37\241\361\321}4GBNG\263\37\323-um!81w"..., iov_len=4096}, {iov_base="\325\233\355\r\32\371\340I\226\243\230\201&\2735!\17\243\31\366\302\325VLJ\23\304\305bY\30\21"..., iov_len=4096}], 2) = 8192
4131  read(3, "\311Q\264\240\216\326\335\266d\37S[\303\236\363\373=W\306\305QG\257\215(\365\375\261Z\1\363\366"..., 8191) = 8191
4131  writev(4, [{iov_base="\356'\374\217T\2648\300\376oJ1\373\362?\r\300@\223P\357\326$\245\200[U\271\212\265Hr"..., iov_len=4096}, {iov_base="I\346\364\314BR\226\300\240<\355M$\226~\314d\27\300\5\261\34\264\374\255\274\200\275\371DT["..., iov_len=4096}], 2) = 8192
4131  read(3, "\335'VZG\305\302w\277\213G\244@\226\223}\335\346F\3743\303\266\327G\30\275!\254\344\350\355"..., 8191) = 8191
4131  writev(4, [{iov_base="\216\243\374\345_\247r[y\2704!\t\265\22\342f\344\346\217\16C\27$\34\216\2315b\300\363\f"..., iov_len=4096}, {iov_base="3g\205\17DJ\361\1\310Y~\356\4\177\226\351SX\23\361\202*+'\303\205\265\266\251\374\221\234"..., iov_len=4096}], 2) = 8192
4131  read(3, "\316\272)\315\327\306\361C\342\377\335\351\322\33\t\25\203\27u\352\322\347K\21\364\210\366\347u\36m\267"..., 8191) = 8191
4131  writev(4, [{iov_base="\270\35E\7\331\212F3Y\200\326\267\232\23\325?\212Sa\261\345\2242\266qf7\244Y[&:"..., iov_len=4096}, {iov_base="~>\21\301\237\373^\322t\t\224\10\227\22!\35\265\254^v\355\330~\330\17\35>\266\2656\256\341"..., iov_len=4096}], 2) = 8192
4131  read(3, "\223 ='K\347\341\321BCT|[\22\22\237\272\201\323)\331G\355/\30\315t\374\311\207\371\367"..., 8191) = 8191
4131  writev(4, [{iov_base="1\335\n\224\267\33\352\342sZ\212@\254Vi5\263J)\227\350\364@x\317YjS\f\220\275\262"..., iov_len=4096}, {iov_base="]\236\312\330\242\353\f$\330\"\241\203\336|\21\305KD\236\362\372\376\362\27\317\3045\256a\303\260;"..., iov_len=4096}], 2) = 8192
4131  read(3, "\363y\331l\330\336~\261\352,\231t\357\"\274\302:$\321\373\26\v5\260\33|W\365jE\326\267"..., 8191) = 1280
4131  writev(4, [{iov_base="\352\272\266&F\347\0\221\30\224\30FUX\n5\305Q\320+Ye\232\t\23\300\316P\226\2023\271"..., iov_len=4096}, {iov_base="\367\3165\270C\245\177j\213\375\255\v\3465\17c\36\364\16Q\212\336\f\334X\270l$\6\310\7\300"..., iov_len=4096}], 2) = 8192
4131  read(3, "", 8191)                 = 0
4131  close(3)                          = 0
4131  close(4)                          = 0
4131  fstat(1, {st_mode=S_IFCHR|0620, st_rdev=makedev(0x88, 0), ...}) = 0
4131  write(1, "\n", 1)                 = 1
4131  write(1, "=== \320\240\320\265\320\267\321\203\320\273\321\214\321\202\320\260\321\202\321\213 \321\200\320\260\320\261\320"..., 42) = 42
4131  write(1, "\320\240\320\265\320\266\320\270\320\274: \320\237\320\276\321\201\320\273\320\265\320\264\320\276\320\262\320\260\321\202"..., 45) = 45
4131  write(1, "  \320\236\320\261\321\200\320\260\320\261\320\276\321\202\320\260\320\275\320\276 \321\204\320\260\320\271\320\273\320"..., 39) = 39
4131  write(1, "  \320\236\320\261\321\211\320\265\320\265 \320\262\321\200\320\265\320\274\321\217: 958.06 "..., 37) = 37
4131  write(1, "  \320\241\321\200\320\265\320\264\320\275\320\265\320\265 \320\262\321\200\320\265\320\274\321\217 \320\275\320\260"..., 55) = 55
4131  exit_group(0)                     = ?
4131  +++ exited with 0 +++
